--
-- PostgreSQL database dump
--

-- Dumped from database version 12.3 (Debian 12.3-1.pgdg100+1)
-- Dumped by pg_dump version 12rc1

SET statement_timeout = 0;
SET lock_timeout = 0;
SET idle_in_transaction_session_timeout = 0;
SET client_encoding = 'UTF8';
SET standard_conforming_strings = on;
SELECT pg_catalog.set_config('search_path', '', false);
SET check_function_bodies = false;
SET xmloption = content;
SET client_min_messages = warning;
SET row_security = off;

--
-- Name: analytics_db; Type: DATABASE; Schema: -; Owner: postgres
--

CREATE DATABASE analytics_db WITH TEMPLATE = template0 ENCODING = 'UTF8' LC_COLLATE = 'en_US.utf8' LC_CTYPE = 'en_US.utf8';


ALTER DATABASE analytics_db OWNER TO postgres;

\connect analytics_db

SET statement_timeout = 0;
SET lock_timeout = 0;
SET idle_in_transaction_session_timeout = 0;
SET client_encoding = 'UTF8';
SET standard_conforming_strings = on;
SELECT pg_catalog.set_config('search_path', '', false);
SET check_function_bodies = false;
SET xmloption = content;
SET client_min_messages = warning;
SET row_security = off;

--
-- Name: public; Type: SCHEMA; Schema: -; Owner: postgres
--

CREATE SCHEMA public;


ALTER SCHEMA public OWNER TO postgres;

--
-- Name: SCHEMA public; Type: COMMENT; Schema: -; Owner: postgres
--

COMMENT ON SCHEMA public IS 'standard public schema';


SET default_tablespace = '';

SET default_table_access_method = heap;

--
-- Name: auth_group; Type: TABLE; Schema: public; Owner: postgres
--

CREATE TABLE public.auth_group (
    id integer NOT NULL,
    name character varying(150) NOT NULL
);


ALTER TABLE public.auth_group OWNER TO postgres;

--
-- Name: auth_group_id_seq; Type: SEQUENCE; Schema: public; Owner: postgres
--

CREATE SEQUENCE public.auth_group_id_seq
    AS integer
    START WITH 1
    INCREMENT BY 1
    NO MINVALUE
    NO MAXVALUE
    CACHE 1;


ALTER TABLE public.auth_group_id_seq OWNER TO postgres;

--
-- Name: auth_group_id_seq; Type: SEQUENCE OWNED BY; Schema: public; Owner: postgres
--

ALTER SEQUENCE public.auth_group_id_seq OWNED BY public.auth_group.id;


--
-- Name: auth_group_permissions; Type: TABLE; Schema: public; Owner: postgres
--

CREATE TABLE public.auth_group_permissions (
    id integer NOT NULL,
    group_id integer NOT NULL,
    permission_id integer NOT NULL
);


ALTER TABLE public.auth_group_permissions OWNER TO postgres;

--
-- Name: auth_group_permissions_id_seq; Type: SEQUENCE; Schema: public; Owner: postgres
--

CREATE SEQUENCE public.auth_group_permissions_id_seq
    AS integer
    START WITH 1
    INCREMENT BY 1
    NO MINVALUE
    NO MAXVALUE
    CACHE 1;


ALTER TABLE public.auth_group_permissions_id_seq OWNER TO postgres;

--
-- Name: auth_group_permissions_id_seq; Type: SEQUENCE OWNED BY; Schema: public; Owner: postgres
--

ALTER SEQUENCE public.auth_group_permissions_id_seq OWNED BY public.auth_group_permissions.id;


--
-- Name: auth_permission; Type: TABLE; Schema: public; Owner: postgres
--

CREATE TABLE public.auth_permission (
    id integer NOT NULL,
    name character varying(255) NOT NULL,
    content_type_id integer NOT NULL,
    codename character varying(100) NOT NULL
);


ALTER TABLE public.auth_permission OWNER TO postgres;

--
-- Name: auth_permission_id_seq; Type: SEQUENCE; Schema: public; Owner: postgres
--

CREATE SEQUENCE public.auth_permission_id_seq
    AS integer
    START WITH 1
    INCREMENT BY 1
    NO MINVALUE
    NO MAXVALUE
    CACHE 1;


ALTER TABLE public.auth_permission_id_seq OWNER TO postgres;

--
-- Name: auth_permission_id_seq; Type: SEQUENCE OWNED BY; Schema: public; Owner: postgres
--

ALTER SEQUENCE public.auth_permission_id_seq OWNED BY public.auth_permission.id;


--
-- Name: authtoken_token; Type: TABLE; Schema: public; Owner: postgres
--

CREATE TABLE public.authtoken_token (
    key character varying(40) NOT NULL,
    created timestamp with time zone NOT NULL,
    user_id integer NOT NULL
);


ALTER TABLE public.authtoken_token OWNER TO postgres;

--
-- Name: corsheaders_corsmodel; Type: TABLE; Schema: public; Owner: postgres
--

CREATE TABLE public.corsheaders_corsmodel (
    id integer NOT NULL,
    cors character varying(255) NOT NULL
);


ALTER TABLE public.corsheaders_corsmodel OWNER TO postgres;

--
-- Name: corsheaders_corsmodel_id_seq; Type: SEQUENCE; Schema: public; Owner: postgres
--

CREATE SEQUENCE public.corsheaders_corsmodel_id_seq
    AS integer
    START WITH 1
    INCREMENT BY 1
    NO MINVALUE
    NO MAXVALUE
    CACHE 1;


ALTER TABLE public.corsheaders_corsmodel_id_seq OWNER TO postgres;

--
-- Name: corsheaders_corsmodel_id_seq; Type: SEQUENCE OWNED BY; Schema: public; Owner: postgres
--

ALTER SEQUENCE public.corsheaders_corsmodel_id_seq OWNED BY public.corsheaders_corsmodel.id;


--
-- Name: dataprocessing_domain; Type: TABLE; Schema: public; Owner: postgres
--

CREATE TABLE public.dataprocessing_domain (
    id integer NOT NULL,
    name character varying(200) NOT NULL
);


ALTER TABLE public.dataprocessing_domain OWNER TO postgres;

--
-- Name: dataprocessing_domain_id_seq; Type: SEQUENCE; Schema: public; Owner: postgres
--

CREATE SEQUENCE public.dataprocessing_domain_id_seq
    AS integer
    START WITH 1
    INCREMENT BY 1
    NO MINVALUE
    NO MAXVALUE
    CACHE 1;


ALTER TABLE public.dataprocessing_domain_id_seq OWNER TO postgres;

--
-- Name: dataprocessing_domain_id_seq; Type: SEQUENCE OWNED BY; Schema: public; Owner: postgres
--

ALTER SEQUENCE public.dataprocessing_domain_id_seq OWNED BY public.dataprocessing_domain.id;


--
-- Name: dataprocessing_domain_user; Type: TABLE; Schema: public; Owner: postgres
--

CREATE TABLE public.dataprocessing_domain_user (
    id integer NOT NULL,
    domain_id integer NOT NULL,
    user_id integer NOT NULL
);


ALTER TABLE public.dataprocessing_domain_user OWNER TO postgres;

--
-- Name: dataprocessing_domain_user_id_seq; Type: SEQUENCE; Schema: public; Owner: postgres
--

CREATE SEQUENCE public.dataprocessing_domain_user_id_seq
    AS integer
    START WITH 1
    INCREMENT BY 1
    NO MINVALUE
    NO MAXVALUE
    CACHE 1;


ALTER TABLE public.dataprocessing_domain_user_id_seq OWNER TO postgres;

--
-- Name: dataprocessing_domain_user_id_seq; Type: SEQUENCE OWNED BY; Schema: public; Owner: postgres
--

ALTER SEQUENCE public.dataprocessing_domain_user_id_seq OWNED BY public.dataprocessing_domain_user.id;


--
-- Name: dataprocessing_items; Type: TABLE; Schema: public; Owner: postgres
--

CREATE TABLE public.dataprocessing_items (
    id integer NOT NULL,
    name character varying(200) NOT NULL,
    value integer,
    source character varying(200) NOT NULL,
    author_id integer,
    domain_id integer
);


ALTER TABLE public.dataprocessing_items OWNER TO postgres;

--
-- Name: dataprocessing_items_id_seq; Type: SEQUENCE; Schema: public; Owner: postgres
--

CREATE SEQUENCE public.dataprocessing_items_id_seq
    AS integer
    START WITH 1
    INCREMENT BY 1
    NO MINVALUE
    NO MAXVALUE
    CACHE 1;


ALTER TABLE public.dataprocessing_items_id_seq OWNER TO postgres;

--
-- Name: dataprocessing_items_id_seq; Type: SEQUENCE OWNED BY; Schema: public; Owner: postgres
--

ALTER SEQUENCE public.dataprocessing_items_id_seq OWNED BY public.dataprocessing_items.id;


--
-- Name: dataprocessing_relation; Type: TABLE; Schema: public; Owner: postgres
--

CREATE TABLE public.dataprocessing_relation (
    id integer NOT NULL,
    relation character varying(10) NOT NULL,
    item1_id integer NOT NULL,
    count integer,
    item2_id integer NOT NULL
);


ALTER TABLE public.dataprocessing_relation OWNER TO postgres;

--
-- Name: dataprocessing_relation_id_seq; Type: SEQUENCE; Schema: public; Owner: postgres
--

CREATE SEQUENCE public.dataprocessing_relation_id_seq
    AS integer
    START WITH 1
    INCREMENT BY 1
    NO MINVALUE
    NO MAXVALUE
    CACHE 1;


ALTER TABLE public.dataprocessing_relation_id_seq OWNER TO postgres;

--
-- Name: dataprocessing_relation_id_seq; Type: SEQUENCE OWNED BY; Schema: public; Owner: postgres
--

ALTER SEQUENCE public.dataprocessing_relation_id_seq OWNED BY public.dataprocessing_relation.id;


--
-- Name: dataprocessing_user; Type: TABLE; Schema: public; Owner: postgres
--

CREATE TABLE public.dataprocessing_user (
    id integer NOT NULL,
    password character varying(128) NOT NULL,
    last_login timestamp with time zone,
    is_superuser boolean NOT NULL,
    username character varying(150) NOT NULL,
    first_name character varying(30) NOT NULL,
    last_name character varying(150) NOT NULL,
    email character varying(254) NOT NULL,
    is_staff boolean NOT NULL,
    is_active boolean NOT NULL,
    date_joined timestamp with time zone NOT NULL,
    patronymic character varying(1024),
    isu_number character varying(1024)
);


ALTER TABLE public.dataprocessing_user OWNER TO postgres;

--
-- Name: dataprocessing_user_groups; Type: TABLE; Schema: public; Owner: postgres
--

CREATE TABLE public.dataprocessing_user_groups (
    id integer NOT NULL,
    user_id integer NOT NULL,
    group_id integer NOT NULL
);


ALTER TABLE public.dataprocessing_user_groups OWNER TO postgres;

--
-- Name: dataprocessing_user_groups_id_seq; Type: SEQUENCE; Schema: public; Owner: postgres
--

CREATE SEQUENCE public.dataprocessing_user_groups_id_seq
    AS integer
    START WITH 1
    INCREMENT BY 1
    NO MINVALUE
    NO MAXVALUE
    CACHE 1;


ALTER TABLE public.dataprocessing_user_groups_id_seq OWNER TO postgres;

--
-- Name: dataprocessing_user_groups_id_seq; Type: SEQUENCE OWNED BY; Schema: public; Owner: postgres
--

ALTER SEQUENCE public.dataprocessing_user_groups_id_seq OWNED BY public.dataprocessing_user_groups.id;


--
-- Name: dataprocessing_user_id_seq; Type: SEQUENCE; Schema: public; Owner: postgres
--

CREATE SEQUENCE public.dataprocessing_user_id_seq
    AS integer
    START WITH 1
    INCREMENT BY 1
    NO MINVALUE
    NO MAXVALUE
    CACHE 1;


ALTER TABLE public.dataprocessing_user_id_seq OWNER TO postgres;

--
-- Name: dataprocessing_user_id_seq; Type: SEQUENCE OWNED BY; Schema: public; Owner: postgres
--

ALTER SEQUENCE public.dataprocessing_user_id_seq OWNED BY public.dataprocessing_user.id;


--
-- Name: dataprocessing_user_user_permissions; Type: TABLE; Schema: public; Owner: postgres
--

CREATE TABLE public.dataprocessing_user_user_permissions (
    id integer NOT NULL,
    user_id integer NOT NULL,
    permission_id integer NOT NULL
);


ALTER TABLE public.dataprocessing_user_user_permissions OWNER TO postgres;

--
-- Name: dataprocessing_user_user_permissions_id_seq; Type: SEQUENCE; Schema: public; Owner: postgres
--

CREATE SEQUENCE public.dataprocessing_user_user_permissions_id_seq
    AS integer
    START WITH 1
    INCREMENT BY 1
    NO MINVALUE
    NO MAXVALUE
    CACHE 1;


ALTER TABLE public.dataprocessing_user_user_permissions_id_seq OWNER TO postgres;

--
-- Name: dataprocessing_user_user_permissions_id_seq; Type: SEQUENCE OWNED BY; Schema: public; Owner: postgres
--

ALTER SEQUENCE public.dataprocessing_user_user_permissions_id_seq OWNED BY public.dataprocessing_user_user_permissions.id;


--
-- Name: django_admin_log; Type: TABLE; Schema: public; Owner: postgres
--

CREATE TABLE public.django_admin_log (
    id integer NOT NULL,
    action_time timestamp with time zone NOT NULL,
    object_id text,
    object_repr character varying(200) NOT NULL,
    action_flag smallint NOT NULL,
    change_message text NOT NULL,
    content_type_id integer,
    user_id integer NOT NULL,
    CONSTRAINT django_admin_log_action_flag_check CHECK ((action_flag >= 0))
);


ALTER TABLE public.django_admin_log OWNER TO postgres;

--
-- Name: django_admin_log_id_seq; Type: SEQUENCE; Schema: public; Owner: postgres
--

CREATE SEQUENCE public.django_admin_log_id_seq
    AS integer
    START WITH 1
    INCREMENT BY 1
    NO MINVALUE
    NO MAXVALUE
    CACHE 1;


ALTER TABLE public.django_admin_log_id_seq OWNER TO postgres;

--
-- Name: django_admin_log_id_seq; Type: SEQUENCE OWNED BY; Schema: public; Owner: postgres
--

ALTER SEQUENCE public.django_admin_log_id_seq OWNED BY public.django_admin_log.id;


--
-- Name: django_content_type; Type: TABLE; Schema: public; Owner: postgres
--

CREATE TABLE public.django_content_type (
    id integer NOT NULL,
    app_label character varying(100) NOT NULL,
    model character varying(100) NOT NULL
);


ALTER TABLE public.django_content_type OWNER TO postgres;

--
-- Name: django_content_type_id_seq; Type: SEQUENCE; Schema: public; Owner: postgres
--

CREATE SEQUENCE public.django_content_type_id_seq
    AS integer
    START WITH 1
    INCREMENT BY 1
    NO MINVALUE
    NO MAXVALUE
    CACHE 1;


ALTER TABLE public.django_content_type_id_seq OWNER TO postgres;

--
-- Name: django_content_type_id_seq; Type: SEQUENCE OWNED BY; Schema: public; Owner: postgres
--

ALTER SEQUENCE public.django_content_type_id_seq OWNED BY public.django_content_type.id;


--
-- Name: django_migrations; Type: TABLE; Schema: public; Owner: postgres
--

CREATE TABLE public.django_migrations (
    id integer NOT NULL,
    app character varying(255) NOT NULL,
    name character varying(255) NOT NULL,
    applied timestamp with time zone NOT NULL
);


ALTER TABLE public.django_migrations OWNER TO postgres;

--
-- Name: django_migrations_id_seq; Type: SEQUENCE; Schema: public; Owner: postgres
--

CREATE SEQUENCE public.django_migrations_id_seq
    AS integer
    START WITH 1
    INCREMENT BY 1
    NO MINVALUE
    NO MAXVALUE
    CACHE 1;


ALTER TABLE public.django_migrations_id_seq OWNER TO postgres;

--
-- Name: django_migrations_id_seq; Type: SEQUENCE OWNED BY; Schema: public; Owner: postgres
--

ALTER SEQUENCE public.django_migrations_id_seq OWNED BY public.django_migrations.id;


--
-- Name: django_session; Type: TABLE; Schema: public; Owner: postgres
--

CREATE TABLE public.django_session (
    session_key character varying(40) NOT NULL,
    session_data text NOT NULL,
    expire_date timestamp with time zone NOT NULL
);


ALTER TABLE public.django_session OWNER TO postgres;

--
-- Name: django_summernote_attachment; Type: TABLE; Schema: public; Owner: postgres
--

CREATE TABLE public.django_summernote_attachment (
    id integer NOT NULL,
    name character varying(255),
    file character varying(100) NOT NULL,
    uploaded timestamp with time zone NOT NULL
);


ALTER TABLE public.django_summernote_attachment OWNER TO postgres;

--
-- Name: django_summernote_attachment_id_seq; Type: SEQUENCE; Schema: public; Owner: postgres
--

CREATE SEQUENCE public.django_summernote_attachment_id_seq
    AS integer
    START WITH 1
    INCREMENT BY 1
    NO MINVALUE
    NO MAXVALUE
    CACHE 1;


ALTER TABLE public.django_summernote_attachment_id_seq OWNER TO postgres;

--
-- Name: django_summernote_attachment_id_seq; Type: SEQUENCE OWNED BY; Schema: public; Owner: postgres
--

ALTER SEQUENCE public.django_summernote_attachment_id_seq OWNED BY public.django_summernote_attachment.id;


--
-- Name: workprogramsapp_academicplan; Type: TABLE; Schema: public; Owner: postgres
--

CREATE TABLE public.workprogramsapp_academicplan (
    id integer NOT NULL,
    educational_profile character varying(1024),
    approval_date timestamp with time zone,
    number character varying(1024)
);


ALTER TABLE public.workprogramsapp_academicplan OWNER TO postgres;

--
-- Name: workprogramsapp_academicplan_id_seq; Type: SEQUENCE; Schema: public; Owner: postgres
--

CREATE SEQUENCE public.workprogramsapp_academicplan_id_seq
    AS integer
    START WITH 1
    INCREMENT BY 1
    NO MINVALUE
    NO MAXVALUE
    CACHE 1;


ALTER TABLE public.workprogramsapp_academicplan_id_seq OWNER TO postgres;

--
-- Name: workprogramsapp_academicplan_id_seq; Type: SEQUENCE OWNED BY; Schema: public; Owner: postgres
--

ALTER SEQUENCE public.workprogramsapp_academicplan_id_seq OWNED BY public.workprogramsapp_academicplan.id;


--
-- Name: workprogramsapp_bibliographicreference; Type: TABLE; Schema: public; Owner: postgres
--

CREATE TABLE public.workprogramsapp_bibliographicreference (
    id integer NOT NULL,
    description character varying(5000)
);


ALTER TABLE public.workprogramsapp_bibliographicreference OWNER TO postgres;

--
-- Name: workprogramsapp_bibliographicreference_id_seq; Type: SEQUENCE; Schema: public; Owner: postgres
--

CREATE SEQUENCE public.workprogramsapp_bibliographicreference_id_seq
    AS integer
    START WITH 1
    INCREMENT BY 1
    NO MINVALUE
    NO MAXVALUE
    CACHE 1;


ALTER TABLE public.workprogramsapp_bibliographicreference_id_seq OWNER TO postgres;

--
-- Name: workprogramsapp_bibliographicreference_id_seq; Type: SEQUENCE OWNED BY; Schema: public; Owner: postgres
--

ALTER SEQUENCE public.workprogramsapp_bibliographicreference_id_seq OWNED BY public.workprogramsapp_bibliographicreference.id;


--
-- Name: workprogramsapp_certification; Type: TABLE; Schema: public; Owner: postgres
--

CREATE TABLE public.workprogramsapp_certification (
    id integer NOT NULL,
    type character varying(1024) NOT NULL,
    semestr integer,
    description character varying(1024),
    deadline integer,
    work_program_id integer NOT NULL
);


ALTER TABLE public.workprogramsapp_certification OWNER TO postgres;

--
-- Name: workprogramsapp_certification_id_seq; Type: SEQUENCE; Schema: public; Owner: postgres
--

CREATE SEQUENCE public.workprogramsapp_certification_id_seq
    AS integer
    START WITH 1
    INCREMENT BY 1
    NO MINVALUE
    NO MAXVALUE
    CACHE 1;


ALTER TABLE public.workprogramsapp_certification_id_seq OWNER TO postgres;

--
-- Name: workprogramsapp_certification_id_seq; Type: SEQUENCE OWNED BY; Schema: public; Owner: postgres
--

ALTER SEQUENCE public.workprogramsapp_certification_id_seq OWNED BY public.workprogramsapp_certification.id;


--
-- Name: workprogramsapp_competence; Type: TABLE; Schema: public; Owner: postgres
--

CREATE TABLE public.workprogramsapp_competence (
    id integer NOT NULL,
    number character varying(1024) NOT NULL,
    name character varying(1024) NOT NULL
);


ALTER TABLE public.workprogramsapp_competence OWNER TO postgres;

--
-- Name: workprogramsapp_competence_field_of_study; Type: TABLE; Schema: public; Owner: postgres
--

CREATE TABLE public.workprogramsapp_competence_field_of_study (
    id integer NOT NULL,
    competence_id integer NOT NULL,
    fieldofstudy_id integer NOT NULL
);


ALTER TABLE public.workprogramsapp_competence_field_of_study OWNER TO postgres;

--
-- Name: workprogramsapp_competence_field_of_study_id_seq; Type: SEQUENCE; Schema: public; Owner: postgres
--

CREATE SEQUENCE public.workprogramsapp_competence_field_of_study_id_seq
    AS integer
    START WITH 1
    INCREMENT BY 1
    NO MINVALUE
    NO MAXVALUE
    CACHE 1;


ALTER TABLE public.workprogramsapp_competence_field_of_study_id_seq OWNER TO postgres;

--
-- Name: workprogramsapp_competence_field_of_study_id_seq; Type: SEQUENCE OWNED BY; Schema: public; Owner: postgres
--

ALTER SEQUENCE public.workprogramsapp_competence_field_of_study_id_seq OWNED BY public.workprogramsapp_competence_field_of_study.id;


--
-- Name: workprogramsapp_competence_id_seq; Type: SEQUENCE; Schema: public; Owner: postgres
--

CREATE SEQUENCE public.workprogramsapp_competence_id_seq
    AS integer
    START WITH 1
    INCREMENT BY 1
    NO MINVALUE
    NO MAXVALUE
    CACHE 1;


ALTER TABLE public.workprogramsapp_competence_id_seq OWNER TO postgres;

--
-- Name: workprogramsapp_competence_id_seq; Type: SEQUENCE OWNED BY; Schema: public; Owner: postgres
--

ALTER SEQUENCE public.workprogramsapp_competence_id_seq OWNED BY public.workprogramsapp_competence.id;


--
-- Name: workprogramsapp_competence_work_program; Type: TABLE; Schema: public; Owner: postgres
--

CREATE TABLE public.workprogramsapp_competence_work_program (
    id integer NOT NULL,
    competence_id integer NOT NULL,
    workprogram_id integer NOT NULL
);


ALTER TABLE public.workprogramsapp_competence_work_program OWNER TO postgres;

--
-- Name: workprogramsapp_competence_work_program_id_seq; Type: SEQUENCE; Schema: public; Owner: postgres
--

CREATE SEQUENCE public.workprogramsapp_competence_work_program_id_seq
    AS integer
    START WITH 1
    INCREMENT BY 1
    NO MINVALUE
    NO MAXVALUE
    CACHE 1;


ALTER TABLE public.workprogramsapp_competence_work_program_id_seq OWNER TO postgres;

--
-- Name: workprogramsapp_competence_work_program_id_seq; Type: SEQUENCE OWNED BY; Schema: public; Owner: postgres
--

ALTER SEQUENCE public.workprogramsapp_competence_work_program_id_seq OWNED BY public.workprogramsapp_competence_work_program.id;


--
-- Name: workprogramsapp_disciplineblock; Type: TABLE; Schema: public; Owner: postgres
--

CREATE TABLE public.workprogramsapp_disciplineblock (
    id integer NOT NULL,
    name character varying(1024) NOT NULL,
    academic_plan_id integer
);


ALTER TABLE public.workprogramsapp_disciplineblock OWNER TO postgres;

--
-- Name: workprogramsapp_disciplineblock_id_seq; Type: SEQUENCE; Schema: public; Owner: postgres
--

CREATE SEQUENCE public.workprogramsapp_disciplineblock_id_seq
    AS integer
    START WITH 1
    INCREMENT BY 1
    NO MINVALUE
    NO MAXVALUE
    CACHE 1;


ALTER TABLE public.workprogramsapp_disciplineblock_id_seq OWNER TO postgres;

--
-- Name: workprogramsapp_disciplineblock_id_seq; Type: SEQUENCE OWNED BY; Schema: public; Owner: postgres
--

ALTER SEQUENCE public.workprogramsapp_disciplineblock_id_seq OWNED BY public.workprogramsapp_disciplineblock.id;


--
-- Name: workprogramsapp_disciplineblockmodule; Type: TABLE; Schema: public; Owner: postgres
--

CREATE TABLE public.workprogramsapp_disciplineblockmodule (
    id integer NOT NULL,
    name character varying(1024) NOT NULL,
    descipline_block_id integer
);


ALTER TABLE public.workprogramsapp_disciplineblockmodule OWNER TO postgres;

--
-- Name: workprogramsapp_disciplineblockmodule_id_seq; Type: SEQUENCE; Schema: public; Owner: postgres
--

CREATE SEQUENCE public.workprogramsapp_disciplineblockmodule_id_seq
    AS integer
    START WITH 1
    INCREMENT BY 1
    NO MINVALUE
    NO MAXVALUE
    CACHE 1;


ALTER TABLE public.workprogramsapp_disciplineblockmodule_id_seq OWNER TO postgres;

--
-- Name: workprogramsapp_disciplineblockmodule_id_seq; Type: SEQUENCE OWNED BY; Schema: public; Owner: postgres
--

ALTER SEQUENCE public.workprogramsapp_disciplineblockmodule_id_seq OWNED BY public.workprogramsapp_disciplineblockmodule.id;


--
-- Name: workprogramsapp_disciplinesection; Type: TABLE; Schema: public; Owner: postgres
--

CREATE TABLE public.workprogramsapp_disciplinesection (
    id integer NOT NULL,
    name character varying(1024) NOT NULL,
    work_program_id integer NOT NULL,
    "SRO" integer,
    contact_work integer,
    laboratory integer,
    lecture_classes integer,
    practical_lessons integer,
    total_hours integer,
    ordinal_number integer NOT NULL
);


ALTER TABLE public.workprogramsapp_disciplinesection OWNER TO postgres;

--
-- Name: workprogramsapp_disciplinesection_evaluation_tools; Type: TABLE; Schema: public; Owner: postgres
--

CREATE TABLE public.workprogramsapp_disciplinesection_evaluation_tools (
    id integer NOT NULL,
    disciplinesection_id integer NOT NULL,
    evaluationtool_id integer NOT NULL
);


ALTER TABLE public.workprogramsapp_disciplinesection_evaluation_tools OWNER TO postgres;

--
-- Name: workprogramsapp_disciplinesection_evaluation_tools_id_seq; Type: SEQUENCE; Schema: public; Owner: postgres
--

CREATE SEQUENCE public.workprogramsapp_disciplinesection_evaluation_tools_id_seq
    AS integer
    START WITH 1
    INCREMENT BY 1
    NO MINVALUE
    NO MAXVALUE
    CACHE 1;


ALTER TABLE public.workprogramsapp_disciplinesection_evaluation_tools_id_seq OWNER TO postgres;

--
-- Name: workprogramsapp_disciplinesection_evaluation_tools_id_seq; Type: SEQUENCE OWNED BY; Schema: public; Owner: postgres
--

ALTER SEQUENCE public.workprogramsapp_disciplinesection_evaluation_tools_id_seq OWNED BY public.workprogramsapp_disciplinesection_evaluation_tools.id;


--
-- Name: workprogramsapp_disciplinesection_id_seq; Type: SEQUENCE; Schema: public; Owner: postgres
--

CREATE SEQUENCE public.workprogramsapp_disciplinesection_id_seq
    AS integer
    START WITH 1
    INCREMENT BY 1
    NO MINVALUE
    NO MAXVALUE
    CACHE 1;


ALTER TABLE public.workprogramsapp_disciplinesection_id_seq OWNER TO postgres;

--
-- Name: workprogramsapp_disciplinesection_id_seq; Type: SEQUENCE OWNED BY; Schema: public; Owner: postgres
--

ALTER SEQUENCE public.workprogramsapp_disciplinesection_id_seq OWNED BY public.workprogramsapp_disciplinesection.id;


--
-- Name: workprogramsapp_evaluationtool; Type: TABLE; Schema: public; Owner: postgres
--

CREATE TABLE public.workprogramsapp_evaluationtool (
    id integer NOT NULL,
    type character varying(1024) NOT NULL,
    name character varying(1024) NOT NULL,
    description character varying(50000),
    check_point boolean,
    deadline integer,
    max integer,
    min integer
);


ALTER TABLE public.workprogramsapp_evaluationtool OWNER TO postgres;

--
-- Name: workprogramsapp_evaluationtool_id_seq; Type: SEQUENCE; Schema: public; Owner: postgres
--

CREATE SEQUENCE public.workprogramsapp_evaluationtool_id_seq
    AS integer
    START WITH 1
    INCREMENT BY 1
    NO MINVALUE
    NO MAXVALUE
    CACHE 1;


ALTER TABLE public.workprogramsapp_evaluationtool_id_seq OWNER TO postgres;

--
-- Name: workprogramsapp_evaluationtool_id_seq; Type: SEQUENCE OWNED BY; Schema: public; Owner: postgres
--

ALTER SEQUENCE public.workprogramsapp_evaluationtool_id_seq OWNED BY public.workprogramsapp_evaluationtool.id;


--
-- Name: workprogramsapp_fieldofstudy; Type: TABLE; Schema: public; Owner: postgres
--

CREATE TABLE public.workprogramsapp_fieldofstudy (
    id integer NOT NULL,
    number character varying(1024) NOT NULL,
    qualification character varying(1024),
    education_form character varying(1024),
    educational_profile character varying(1024),
    title character varying(1024),
    faculty character varying(150)
);


ALTER TABLE public.workprogramsapp_fieldofstudy OWNER TO postgres;

--
-- Name: workprogramsapp_fieldofstudy_id_seq; Type: SEQUENCE; Schema: public; Owner: postgres
--

CREATE SEQUENCE public.workprogramsapp_fieldofstudy_id_seq
    AS integer
    START WITH 1
    INCREMENT BY 1
    NO MINVALUE
    NO MAXVALUE
    CACHE 1;


ALTER TABLE public.workprogramsapp_fieldofstudy_id_seq OWNER TO postgres;

--
-- Name: workprogramsapp_fieldofstudy_id_seq; Type: SEQUENCE OWNED BY; Schema: public; Owner: postgres
--

ALTER SEQUENCE public.workprogramsapp_fieldofstudy_id_seq OWNED BY public.workprogramsapp_fieldofstudy.id;


--
-- Name: workprogramsapp_fieldofstudyworkprogram; Type: TABLE; Schema: public; Owner: postgres
--

CREATE TABLE public.workprogramsapp_fieldofstudyworkprogram (
    id integer NOT NULL,
    field_of_study_id integer NOT NULL,
    work_program_id integer NOT NULL
);


ALTER TABLE public.workprogramsapp_fieldofstudyworkprogram OWNER TO postgres;

--
-- Name: workprogramsapp_fieldofstudyworkprogram_id_seq; Type: SEQUENCE; Schema: public; Owner: postgres
--

CREATE SEQUENCE public.workprogramsapp_fieldofstudyworkprogram_id_seq
    AS integer
    START WITH 1
    INCREMENT BY 1
    NO MINVALUE
    NO MAXVALUE
    CACHE 1;


ALTER TABLE public.workprogramsapp_fieldofstudyworkprogram_id_seq OWNER TO postgres;

--
-- Name: workprogramsapp_fieldofstudyworkprogram_id_seq; Type: SEQUENCE OWNED BY; Schema: public; Owner: postgres
--

ALTER SEQUENCE public.workprogramsapp_fieldofstudyworkprogram_id_seq OWNED BY public.workprogramsapp_fieldofstudyworkprogram.id;


--
-- Name: workprogramsapp_implementationacademicplan; Type: TABLE; Schema: public; Owner: postgres
--

CREATE TABLE public.workprogramsapp_implementationacademicplan (
    id integer NOT NULL,
    year integer NOT NULL,
    academic_plan_id integer NOT NULL,
    field_of_study_id integer NOT NULL,
    CONSTRAINT workprogramsapp_implementationacademicplan_year_check CHECK ((year >= 0))
);


ALTER TABLE public.workprogramsapp_implementationacademicplan OWNER TO postgres;

--
-- Name: workprogramsapp_implementationacademicplan_id_seq; Type: SEQUENCE; Schema: public; Owner: postgres
--

CREATE SEQUENCE public.workprogramsapp_implementationacademicplan_id_seq
    AS integer
    START WITH 1
    INCREMENT BY 1
    NO MINVALUE
    NO MAXVALUE
    CACHE 1;


ALTER TABLE public.workprogramsapp_implementationacademicplan_id_seq OWNER TO postgres;

--
-- Name: workprogramsapp_implementationacademicplan_id_seq; Type: SEQUENCE OWNED BY; Schema: public; Owner: postgres
--

ALTER SEQUENCE public.workprogramsapp_implementationacademicplan_id_seq OWNED BY public.workprogramsapp_implementationacademicplan.id;


--
-- Name: workprogramsapp_indicator; Type: TABLE; Schema: public; Owner: postgres
--

CREATE TABLE public.workprogramsapp_indicator (
    id integer NOT NULL,
    number character varying(1024) NOT NULL,
    name character varying(1024) NOT NULL,
    competence_id integer NOT NULL
);


ALTER TABLE public.workprogramsapp_indicator OWNER TO postgres;

--
-- Name: workprogramsapp_indicator_id_seq; Type: SEQUENCE; Schema: public; Owner: postgres
--

CREATE SEQUENCE public.workprogramsapp_indicator_id_seq
    AS integer
    START WITH 1
    INCREMENT BY 1
    NO MINVALUE
    NO MAXVALUE
    CACHE 1;


ALTER TABLE public.workprogramsapp_indicator_id_seq OWNER TO postgres;

--
-- Name: workprogramsapp_indicator_id_seq; Type: SEQUENCE OWNED BY; Schema: public; Owner: postgres
--

ALTER SEQUENCE public.workprogramsapp_indicator_id_seq OWNED BY public.workprogramsapp_indicator.id;


--
-- Name: workprogramsapp_indicatorworkprogram; Type: TABLE; Schema: public; Owner: postgres
--

CREATE TABLE public.workprogramsapp_indicatorworkprogram (
    id integer NOT NULL,
    knowledge character varying(1024) NOT NULL,
    skills character varying(1024) NOT NULL,
    proficiency character varying(1024) NOT NULL,
    indicator_id integer NOT NULL,
    work_program_id integer NOT NULL
);


ALTER TABLE public.workprogramsapp_indicatorworkprogram OWNER TO postgres;

--
-- Name: workprogramsapp_indicatorworkprogram_id_seq; Type: SEQUENCE; Schema: public; Owner: postgres
--

CREATE SEQUENCE public.workprogramsapp_indicatorworkprogram_id_seq
    AS integer
    START WITH 1
    INCREMENT BY 1
    NO MINVALUE
    NO MAXVALUE
    CACHE 1;


ALTER TABLE public.workprogramsapp_indicatorworkprogram_id_seq OWNER TO postgres;

--
-- Name: workprogramsapp_indicatorworkprogram_id_seq; Type: SEQUENCE OWNED BY; Schema: public; Owner: postgres
--

ALTER SEQUENCE public.workprogramsapp_indicatorworkprogram_id_seq OWNED BY public.workprogramsapp_indicatorworkprogram.id;


--
-- Name: workprogramsapp_onlinecourse; Type: TABLE; Schema: public; Owner: postgres
--

CREATE TABLE public.workprogramsapp_onlinecourse (
    id integer NOT NULL,
    title character varying(512) NOT NULL,
    platform character varying(512),
    description character varying(50000),
    course_url character varying(200) NOT NULL
);


ALTER TABLE public.workprogramsapp_onlinecourse OWNER TO postgres;

--
-- Name: workprogramsapp_onlinecourse_id_seq; Type: SEQUENCE; Schema: public; Owner: postgres
--

CREATE SEQUENCE public.workprogramsapp_onlinecourse_id_seq
    AS integer
    START WITH 1
    INCREMENT BY 1
    NO MINVALUE
    NO MAXVALUE
    CACHE 1;


ALTER TABLE public.workprogramsapp_onlinecourse_id_seq OWNER TO postgres;

--
-- Name: workprogramsapp_onlinecourse_id_seq; Type: SEQUENCE OWNED BY; Schema: public; Owner: postgres
--

ALTER SEQUENCE public.workprogramsapp_onlinecourse_id_seq OWNED BY public.workprogramsapp_onlinecourse.id;


--
-- Name: workprogramsapp_outcomesofworkprogram; Type: TABLE; Schema: public; Owner: postgres
--

CREATE TABLE public.workprogramsapp_outcomesofworkprogram (
    id integer NOT NULL,
    masterylevel character varying(1) NOT NULL,
    item_id integer NOT NULL,
    workprogram_id integer NOT NULL
);


ALTER TABLE public.workprogramsapp_outcomesofworkprogram OWNER TO postgres;

--
-- Name: workprogramsapp_outcomesofworkprogram_evaluation_tool; Type: TABLE; Schema: public; Owner: postgres
--

CREATE TABLE public.workprogramsapp_outcomesofworkprogram_evaluation_tool (
    id integer NOT NULL,
    outcomesofworkprogram_id integer NOT NULL,
    evaluationtool_id integer NOT NULL
);


ALTER TABLE public.workprogramsapp_outcomesofworkprogram_evaluation_tool OWNER TO postgres;

--
-- Name: workprogramsapp_outcomesofworkprogram_evaluation_tool_id_seq; Type: SEQUENCE; Schema: public; Owner: postgres
--

CREATE SEQUENCE public.workprogramsapp_outcomesofworkprogram_evaluation_tool_id_seq
    AS integer
    START WITH 1
    INCREMENT BY 1
    NO MINVALUE
    NO MAXVALUE
    CACHE 1;


ALTER TABLE public.workprogramsapp_outcomesofworkprogram_evaluation_tool_id_seq OWNER TO postgres;

--
-- Name: workprogramsapp_outcomesofworkprogram_evaluation_tool_id_seq; Type: SEQUENCE OWNED BY; Schema: public; Owner: postgres
--

ALTER SEQUENCE public.workprogramsapp_outcomesofworkprogram_evaluation_tool_id_seq OWNED BY public.workprogramsapp_outcomesofworkprogram_evaluation_tool.id;


--
-- Name: workprogramsapp_outcomesofworkprogram_id_seq; Type: SEQUENCE; Schema: public; Owner: postgres
--

CREATE SEQUENCE public.workprogramsapp_outcomesofworkprogram_id_seq
    AS integer
    START WITH 1
    INCREMENT BY 1
    NO MINVALUE
    NO MAXVALUE
    CACHE 1;


ALTER TABLE public.workprogramsapp_outcomesofworkprogram_id_seq OWNER TO postgres;

--
-- Name: workprogramsapp_outcomesofworkprogram_id_seq; Type: SEQUENCE OWNED BY; Schema: public; Owner: postgres
--

ALTER SEQUENCE public.workprogramsapp_outcomesofworkprogram_id_seq OWNED BY public.workprogramsapp_outcomesofworkprogram.id;


--
-- Name: workprogramsapp_prerequisitesofworkprogram; Type: TABLE; Schema: public; Owner: postgres
--

CREATE TABLE public.workprogramsapp_prerequisitesofworkprogram (
    id integer NOT NULL,
    masterylevel character varying(1) NOT NULL,
    item_id integer NOT NULL,
    workprogram_id integer NOT NULL
);


ALTER TABLE public.workprogramsapp_prerequisitesofworkprogram OWNER TO postgres;

--
-- Name: workprogramsapp_prerequisitesofworkprogram_id_seq; Type: SEQUENCE; Schema: public; Owner: postgres
--

CREATE SEQUENCE public.workprogramsapp_prerequisitesofworkprogram_id_seq
    AS integer
    START WITH 1
    INCREMENT BY 1
    NO MINVALUE
    NO MAXVALUE
    CACHE 1;


ALTER TABLE public.workprogramsapp_prerequisitesofworkprogram_id_seq OWNER TO postgres;

--
-- Name: workprogramsapp_prerequisitesofworkprogram_id_seq; Type: SEQUENCE OWNED BY; Schema: public; Owner: postgres
--

ALTER SEQUENCE public.workprogramsapp_prerequisitesofworkprogram_id_seq OWNED BY public.workprogramsapp_prerequisitesofworkprogram.id;


--
-- Name: workprogramsapp_route; Type: TABLE; Schema: public; Owner: postgres
--

CREATE TABLE public.workprogramsapp_route (
    id integer NOT NULL,
    field_of_study_id integer NOT NULL,
    user_id integer NOT NULL
);


ALTER TABLE public.workprogramsapp_route OWNER TO postgres;

--
-- Name: workprogramsapp_route_id_seq; Type: SEQUENCE; Schema: public; Owner: postgres
--

CREATE SEQUENCE public.workprogramsapp_route_id_seq
    AS integer
    START WITH 1
    INCREMENT BY 1
    NO MINVALUE
    NO MAXVALUE
    CACHE 1;


ALTER TABLE public.workprogramsapp_route_id_seq OWNER TO postgres;

--
-- Name: workprogramsapp_route_id_seq; Type: SEQUENCE OWNED BY; Schema: public; Owner: postgres
--

ALTER SEQUENCE public.workprogramsapp_route_id_seq OWNED BY public.workprogramsapp_route.id;


--
-- Name: workprogramsapp_routecomposition; Type: TABLE; Schema: public; Owner: postgres
--

CREATE TABLE public.workprogramsapp_routecomposition (
    id integer NOT NULL,
    semester smallint NOT NULL,
    field_of_study_id integer NOT NULL,
    route_id integer NOT NULL,
    user_id integer NOT NULL,
    work_program_id integer NOT NULL,
    CONSTRAINT workprogramsapp_routecomposition_semester_check CHECK ((semester >= 0))
);


ALTER TABLE public.workprogramsapp_routecomposition OWNER TO postgres;

--
-- Name: workprogramsapp_routecomposition_id_seq; Type: SEQUENCE; Schema: public; Owner: postgres
--

CREATE SEQUENCE public.workprogramsapp_routecomposition_id_seq
    AS integer
    START WITH 1
    INCREMENT BY 1
    NO MINVALUE
    NO MAXVALUE
    CACHE 1;


ALTER TABLE public.workprogramsapp_routecomposition_id_seq OWNER TO postgres;

--
-- Name: workprogramsapp_routecomposition_id_seq; Type: SEQUENCE OWNED BY; Schema: public; Owner: postgres
--

ALTER SEQUENCE public.workprogramsapp_routecomposition_id_seq OWNED BY public.workprogramsapp_routecomposition.id;


--
-- Name: workprogramsapp_topic; Type: TABLE; Schema: public; Owner: postgres
--

CREATE TABLE public.workprogramsapp_topic (
    id integer NOT NULL,
    number integer NOT NULL,
    description character varying(1024),
    discipline_section_id integer NOT NULL,
    url_online_course_id integer
);


ALTER TABLE public.workprogramsapp_topic OWNER TO postgres;

--
-- Name: workprogramsapp_topic_id_seq; Type: SEQUENCE; Schema: public; Owner: postgres
--

CREATE SEQUENCE public.workprogramsapp_topic_id_seq
    AS integer
    START WITH 1
    INCREMENT BY 1
    NO MINVALUE
    NO MAXVALUE
    CACHE 1;


ALTER TABLE public.workprogramsapp_topic_id_seq OWNER TO postgres;

--
-- Name: workprogramsapp_topic_id_seq; Type: SEQUENCE OWNED BY; Schema: public; Owner: postgres
--

ALTER SEQUENCE public.workprogramsapp_topic_id_seq OWNED BY public.workprogramsapp_topic.id;


--
-- Name: workprogramsapp_workprogram; Type: TABLE; Schema: public; Owner: postgres
--

CREATE TABLE public.workprogramsapp_workprogram (
    id integer NOT NULL,
    title character varying(1024) NOT NULL,
    "hoursFirstSemester" integer,
    "hoursSecondSemester" integer,
    qualification character varying(1024),
    discipline_code character varying(1024),
    approval_date timestamp with time zone,
    authors character varying(1024),
    description character varying(5000),
    video character varying(1024)
);


ALTER TABLE public.workprogramsapp_workprogram OWNER TO postgres;

--
-- Name: workprogramsapp_workprogram_bibliographic_reference; Type: TABLE; Schema: public; Owner: postgres
--

CREATE TABLE public.workprogramsapp_workprogram_bibliographic_reference (
    id integer NOT NULL,
    workprogram_id integer NOT NULL,
    bibliographicreference_id integer NOT NULL
);


ALTER TABLE public.workprogramsapp_workprogram_bibliographic_reference OWNER TO postgres;

--
-- Name: workprogramsapp_workprogram_bibliographic_reference_id_seq; Type: SEQUENCE; Schema: public; Owner: postgres
--

CREATE SEQUENCE public.workprogramsapp_workprogram_bibliographic_reference_id_seq
    AS integer
    START WITH 1
    INCREMENT BY 1
    NO MINVALUE
    NO MAXVALUE
    CACHE 1;


ALTER TABLE public.workprogramsapp_workprogram_bibliographic_reference_id_seq OWNER TO postgres;

--
-- Name: workprogramsapp_workprogram_bibliographic_reference_id_seq; Type: SEQUENCE OWNED BY; Schema: public; Owner: postgres
--

ALTER SEQUENCE public.workprogramsapp_workprogram_bibliographic_reference_id_seq OWNED BY public.workprogramsapp_workprogram_bibliographic_reference.id;


--
-- Name: workprogramsapp_workprogram_id_seq; Type: SEQUENCE; Schema: public; Owner: postgres
--

CREATE SEQUENCE public.workprogramsapp_workprogram_id_seq
    AS integer
    START WITH 1
    INCREMENT BY 1
    NO MINVALUE
    NO MAXVALUE
    CACHE 1;


ALTER TABLE public.workprogramsapp_workprogram_id_seq OWNER TO postgres;

--
-- Name: workprogramsapp_workprogram_id_seq; Type: SEQUENCE OWNED BY; Schema: public; Owner: postgres
--

ALTER SEQUENCE public.workprogramsapp_workprogram_id_seq OWNED BY public.workprogramsapp_workprogram.id;


--
-- Name: workprogramsapp_workprogramchangeindisciplineblockmodule_wo57fc; Type: TABLE; Schema: public; Owner: postgres
--

CREATE TABLE public.workprogramsapp_workprogramchangeindisciplineblockmodule_wo57fc (
    id integer NOT NULL,
    workprogramchangeindisciplineblockmodule_id integer NOT NULL,
    workprogram_id integer NOT NULL
);


ALTER TABLE public.workprogramsapp_workprogramchangeindisciplineblockmodule_wo57fc OWNER TO postgres;

--
-- Name: workprogramsapp_workprogramchangeindisciplineblockmodul_id_seq1; Type: SEQUENCE; Schema: public; Owner: postgres
--

CREATE SEQUENCE public.workprogramsapp_workprogramchangeindisciplineblockmodul_id_seq1
    AS integer
    START WITH 1
    INCREMENT BY 1
    NO MINVALUE
    NO MAXVALUE
    CACHE 1;


ALTER TABLE public.workprogramsapp_workprogramchangeindisciplineblockmodul_id_seq1 OWNER TO postgres;

--
-- Name: workprogramsapp_workprogramchangeindisciplineblockmodul_id_seq1; Type: SEQUENCE OWNED BY; Schema: public; Owner: postgres
--

ALTER SEQUENCE public.workprogramsapp_workprogramchangeindisciplineblockmodul_id_seq1 OWNED BY public.workprogramsapp_workprogramchangeindisciplineblockmodule_wo57fc.id;


--
-- Name: workprogramsapp_workprogramchangeindisciplineblockmodule; Type: TABLE; Schema: public; Owner: postgres
--

CREATE TABLE public.workprogramsapp_workprogramchangeindisciplineblockmodule (
    id integer NOT NULL,
    discipline_block_module_id integer,
    change_type character varying(1024),
    semester_hour character varying(1024),
    credit_units character varying(1024),
    code character varying(1024)
);


ALTER TABLE public.workprogramsapp_workprogramchangeindisciplineblockmodule OWNER TO postgres;

--
-- Name: workprogramsapp_workprogramchangeindisciplineblockmodule_id_seq; Type: SEQUENCE; Schema: public; Owner: postgres
--

CREATE SEQUENCE public.workprogramsapp_workprogramchangeindisciplineblockmodule_id_seq
    AS integer
    START WITH 1
    INCREMENT BY 1
    NO MINVALUE
    NO MAXVALUE
    CACHE 1;


ALTER TABLE public.workprogramsapp_workprogramchangeindisciplineblockmodule_id_seq OWNER TO postgres;

--
-- Name: workprogramsapp_workprogramchangeindisciplineblockmodule_id_seq; Type: SEQUENCE OWNED BY; Schema: public; Owner: postgres
--

ALTER SEQUENCE public.workprogramsapp_workprogramchangeindisciplineblockmodule_id_seq OWNED BY public.workprogramsapp_workprogramchangeindisciplineblockmodule.id;


--
-- Name: auth_group id; Type: DEFAULT; Schema: public; Owner: postgres
--

ALTER TABLE ONLY public.auth_group ALTER COLUMN id SET DEFAULT nextval('public.auth_group_id_seq'::regclass);


--
-- Name: auth_group_permissions id; Type: DEFAULT; Schema: public; Owner: postgres
--

ALTER TABLE ONLY public.auth_group_permissions ALTER COLUMN id SET DEFAULT nextval('public.auth_group_permissions_id_seq'::regclass);


--
-- Name: auth_permission id; Type: DEFAULT; Schema: public; Owner: postgres
--

ALTER TABLE ONLY public.auth_permission ALTER COLUMN id SET DEFAULT nextval('public.auth_permission_id_seq'::regclass);


--
-- Name: corsheaders_corsmodel id; Type: DEFAULT; Schema: public; Owner: postgres
--

ALTER TABLE ONLY public.corsheaders_corsmodel ALTER COLUMN id SET DEFAULT nextval('public.corsheaders_corsmodel_id_seq'::regclass);


--
-- Name: dataprocessing_domain id; Type: DEFAULT; Schema: public; Owner: postgres
--

ALTER TABLE ONLY public.dataprocessing_domain ALTER COLUMN id SET DEFAULT nextval('public.dataprocessing_domain_id_seq'::regclass);


--
-- Name: dataprocessing_domain_user id; Type: DEFAULT; Schema: public; Owner: postgres
--

ALTER TABLE ONLY public.dataprocessing_domain_user ALTER COLUMN id SET DEFAULT nextval('public.dataprocessing_domain_user_id_seq'::regclass);


--
-- Name: dataprocessing_items id; Type: DEFAULT; Schema: public; Owner: postgres
--

ALTER TABLE ONLY public.dataprocessing_items ALTER COLUMN id SET DEFAULT nextval('public.dataprocessing_items_id_seq'::regclass);


--
-- Name: dataprocessing_relation id; Type: DEFAULT; Schema: public; Owner: postgres
--

ALTER TABLE ONLY public.dataprocessing_relation ALTER COLUMN id SET DEFAULT nextval('public.dataprocessing_relation_id_seq'::regclass);


--
-- Name: dataprocessing_user id; Type: DEFAULT; Schema: public; Owner: postgres
--

ALTER TABLE ONLY public.dataprocessing_user ALTER COLUMN id SET DEFAULT nextval('public.dataprocessing_user_id_seq'::regclass);


--
-- Name: dataprocessing_user_groups id; Type: DEFAULT; Schema: public; Owner: postgres
--

ALTER TABLE ONLY public.dataprocessing_user_groups ALTER COLUMN id SET DEFAULT nextval('public.dataprocessing_user_groups_id_seq'::regclass);


--
-- Name: dataprocessing_user_user_permissions id; Type: DEFAULT; Schema: public; Owner: postgres
--

ALTER TABLE ONLY public.dataprocessing_user_user_permissions ALTER COLUMN id SET DEFAULT nextval('public.dataprocessing_user_user_permissions_id_seq'::regclass);


--
-- Name: django_admin_log id; Type: DEFAULT; Schema: public; Owner: postgres
--

ALTER TABLE ONLY public.django_admin_log ALTER COLUMN id SET DEFAULT nextval('public.django_admin_log_id_seq'::regclass);


--
-- Name: django_content_type id; Type: DEFAULT; Schema: public; Owner: postgres
--

ALTER TABLE ONLY public.django_content_type ALTER COLUMN id SET DEFAULT nextval('public.django_content_type_id_seq'::regclass);


--
-- Name: django_migrations id; Type: DEFAULT; Schema: public; Owner: postgres
--

ALTER TABLE ONLY public.django_migrations ALTER COLUMN id SET DEFAULT nextval('public.django_migrations_id_seq'::regclass);


--
-- Name: django_summernote_attachment id; Type: DEFAULT; Schema: public; Owner: postgres
--

ALTER TABLE ONLY public.django_summernote_attachment ALTER COLUMN id SET DEFAULT nextval('public.django_summernote_attachment_id_seq'::regclass);


--
-- Name: workprogramsapp_academicplan id; Type: DEFAULT; Schema: public; Owner: postgres
--

ALTER TABLE ONLY public.workprogramsapp_academicplan ALTER COLUMN id SET DEFAULT nextval('public.workprogramsapp_academicplan_id_seq'::regclass);


--
-- Name: workprogramsapp_bibliographicreference id; Type: DEFAULT; Schema: public; Owner: postgres
--

ALTER TABLE ONLY public.workprogramsapp_bibliographicreference ALTER COLUMN id SET DEFAULT nextval('public.workprogramsapp_bibliographicreference_id_seq'::regclass);


--
-- Name: workprogramsapp_certification id; Type: DEFAULT; Schema: public; Owner: postgres
--

ALTER TABLE ONLY public.workprogramsapp_certification ALTER COLUMN id SET DEFAULT nextval('public.workprogramsapp_certification_id_seq'::regclass);


--
-- Name: workprogramsapp_competence id; Type: DEFAULT; Schema: public; Owner: postgres
--

ALTER TABLE ONLY public.workprogramsapp_competence ALTER COLUMN id SET DEFAULT nextval('public.workprogramsapp_competence_id_seq'::regclass);


--
-- Name: workprogramsapp_competence_field_of_study id; Type: DEFAULT; Schema: public; Owner: postgres
--

ALTER TABLE ONLY public.workprogramsapp_competence_field_of_study ALTER COLUMN id SET DEFAULT nextval('public.workprogramsapp_competence_field_of_study_id_seq'::regclass);


--
-- Name: workprogramsapp_competence_work_program id; Type: DEFAULT; Schema: public; Owner: postgres
--

ALTER TABLE ONLY public.workprogramsapp_competence_work_program ALTER COLUMN id SET DEFAULT nextval('public.workprogramsapp_competence_work_program_id_seq'::regclass);


--
-- Name: workprogramsapp_disciplineblock id; Type: DEFAULT; Schema: public; Owner: postgres
--

ALTER TABLE ONLY public.workprogramsapp_disciplineblock ALTER COLUMN id SET DEFAULT nextval('public.workprogramsapp_disciplineblock_id_seq'::regclass);


--
-- Name: workprogramsapp_disciplineblockmodule id; Type: DEFAULT; Schema: public; Owner: postgres
--

ALTER TABLE ONLY public.workprogramsapp_disciplineblockmodule ALTER COLUMN id SET DEFAULT nextval('public.workprogramsapp_disciplineblockmodule_id_seq'::regclass);


--
-- Name: workprogramsapp_disciplinesection id; Type: DEFAULT; Schema: public; Owner: postgres
--

ALTER TABLE ONLY public.workprogramsapp_disciplinesection ALTER COLUMN id SET DEFAULT nextval('public.workprogramsapp_disciplinesection_id_seq'::regclass);


--
-- Name: workprogramsapp_disciplinesection_evaluation_tools id; Type: DEFAULT; Schema: public; Owner: postgres
--

ALTER TABLE ONLY public.workprogramsapp_disciplinesection_evaluation_tools ALTER COLUMN id SET DEFAULT nextval('public.workprogramsapp_disciplinesection_evaluation_tools_id_seq'::regclass);


--
-- Name: workprogramsapp_evaluationtool id; Type: DEFAULT; Schema: public; Owner: postgres
--

ALTER TABLE ONLY public.workprogramsapp_evaluationtool ALTER COLUMN id SET DEFAULT nextval('public.workprogramsapp_evaluationtool_id_seq'::regclass);


--
-- Name: workprogramsapp_fieldofstudy id; Type: DEFAULT; Schema: public; Owner: postgres
--

ALTER TABLE ONLY public.workprogramsapp_fieldofstudy ALTER COLUMN id SET DEFAULT nextval('public.workprogramsapp_fieldofstudy_id_seq'::regclass);


--
-- Name: workprogramsapp_fieldofstudyworkprogram id; Type: DEFAULT; Schema: public; Owner: postgres
--

ALTER TABLE ONLY public.workprogramsapp_fieldofstudyworkprogram ALTER COLUMN id SET DEFAULT nextval('public.workprogramsapp_fieldofstudyworkprogram_id_seq'::regclass);


--
-- Name: workprogramsapp_implementationacademicplan id; Type: DEFAULT; Schema: public; Owner: postgres
--

ALTER TABLE ONLY public.workprogramsapp_implementationacademicplan ALTER COLUMN id SET DEFAULT nextval('public.workprogramsapp_implementationacademicplan_id_seq'::regclass);


--
-- Name: workprogramsapp_indicator id; Type: DEFAULT; Schema: public; Owner: postgres
--

ALTER TABLE ONLY public.workprogramsapp_indicator ALTER COLUMN id SET DEFAULT nextval('public.workprogramsapp_indicator_id_seq'::regclass);


--
-- Name: workprogramsapp_indicatorworkprogram id; Type: DEFAULT; Schema: public; Owner: postgres
--

ALTER TABLE ONLY public.workprogramsapp_indicatorworkprogram ALTER COLUMN id SET DEFAULT nextval('public.workprogramsapp_indicatorworkprogram_id_seq'::regclass);


--
-- Name: workprogramsapp_onlinecourse id; Type: DEFAULT; Schema: public; Owner: postgres
--

ALTER TABLE ONLY public.workprogramsapp_onlinecourse ALTER COLUMN id SET DEFAULT nextval('public.workprogramsapp_onlinecourse_id_seq'::regclass);


--
-- Name: workprogramsapp_outcomesofworkprogram id; Type: DEFAULT; Schema: public; Owner: postgres
--

ALTER TABLE ONLY public.workprogramsapp_outcomesofworkprogram ALTER COLUMN id SET DEFAULT nextval('public.workprogramsapp_outcomesofworkprogram_id_seq'::regclass);


--
-- Name: workprogramsapp_outcomesofworkprogram_evaluation_tool id; Type: DEFAULT; Schema: public; Owner: postgres
--

ALTER TABLE ONLY public.workprogramsapp_outcomesofworkprogram_evaluation_tool ALTER COLUMN id SET DEFAULT nextval('public.workprogramsapp_outcomesofworkprogram_evaluation_tool_id_seq'::regclass);


--
-- Name: workprogramsapp_prerequisitesofworkprogram id; Type: DEFAULT; Schema: public; Owner: postgres
--

ALTER TABLE ONLY public.workprogramsapp_prerequisitesofworkprogram ALTER COLUMN id SET DEFAULT nextval('public.workprogramsapp_prerequisitesofworkprogram_id_seq'::regclass);


--
-- Name: workprogramsapp_route id; Type: DEFAULT; Schema: public; Owner: postgres
--

ALTER TABLE ONLY public.workprogramsapp_route ALTER COLUMN id SET DEFAULT nextval('public.workprogramsapp_route_id_seq'::regclass);


--
-- Name: workprogramsapp_routecomposition id; Type: DEFAULT; Schema: public; Owner: postgres
--

ALTER TABLE ONLY public.workprogramsapp_routecomposition ALTER COLUMN id SET DEFAULT nextval('public.workprogramsapp_routecomposition_id_seq'::regclass);


--
-- Name: workprogramsapp_topic id; Type: DEFAULT; Schema: public; Owner: postgres
--

ALTER TABLE ONLY public.workprogramsapp_topic ALTER COLUMN id SET DEFAULT nextval('public.workprogramsapp_topic_id_seq'::regclass);


--
-- Name: workprogramsapp_workprogram id; Type: DEFAULT; Schema: public; Owner: postgres
--

ALTER TABLE ONLY public.workprogramsapp_workprogram ALTER COLUMN id SET DEFAULT nextval('public.workprogramsapp_workprogram_id_seq'::regclass);


--
-- Name: workprogramsapp_workprogram_bibliographic_reference id; Type: DEFAULT; Schema: public; Owner: postgres
--

ALTER TABLE ONLY public.workprogramsapp_workprogram_bibliographic_reference ALTER COLUMN id SET DEFAULT nextval('public.workprogramsapp_workprogram_bibliographic_reference_id_seq'::regclass);


--
-- Name: workprogramsapp_workprogramchangeindisciplineblockmodule id; Type: DEFAULT; Schema: public; Owner: postgres
--

ALTER TABLE ONLY public.workprogramsapp_workprogramchangeindisciplineblockmodule ALTER COLUMN id SET DEFAULT nextval('public.workprogramsapp_workprogramchangeindisciplineblockmodule_id_seq'::regclass);


--
-- Name: workprogramsapp_workprogramchangeindisciplineblockmodule_wo57fc id; Type: DEFAULT; Schema: public; Owner: postgres
--

ALTER TABLE ONLY public.workprogramsapp_workprogramchangeindisciplineblockmodule_wo57fc ALTER COLUMN id SET DEFAULT nextval('public.workprogramsapp_workprogramchangeindisciplineblockmodul_id_seq1'::regclass);


--
-- Data for Name: auth_group; Type: TABLE DATA; Schema: public; Owner: postgres
--



--
-- Data for Name: auth_group_permissions; Type: TABLE DATA; Schema: public; Owner: postgres
--



--
-- Data for Name: auth_permission; Type: TABLE DATA; Schema: public; Owner: postgres
--

INSERT INTO public.auth_permission VALUES (1, 'Can add log entry', 1, 'add_logentry');
INSERT INTO public.auth_permission VALUES (2, 'Can change log entry', 1, 'change_logentry');
INSERT INTO public.auth_permission VALUES (3, 'Can delete log entry', 1, 'delete_logentry');
INSERT INTO public.auth_permission VALUES (4, 'Can view log entry', 1, 'view_logentry');
INSERT INTO public.auth_permission VALUES (5, 'Can add permission', 2, 'add_permission');
INSERT INTO public.auth_permission VALUES (6, 'Can change permission', 2, 'change_permission');
INSERT INTO public.auth_permission VALUES (7, 'Can delete permission', 2, 'delete_permission');
INSERT INTO public.auth_permission VALUES (8, 'Can view permission', 2, 'view_permission');
INSERT INTO public.auth_permission VALUES (9, 'Can add group', 3, 'add_group');
INSERT INTO public.auth_permission VALUES (10, 'Can change group', 3, 'change_group');
INSERT INTO public.auth_permission VALUES (11, 'Can delete group', 3, 'delete_group');
INSERT INTO public.auth_permission VALUES (12, 'Can view group', 3, 'view_group');
INSERT INTO public.auth_permission VALUES (13, 'Can add content type', 4, 'add_contenttype');
INSERT INTO public.auth_permission VALUES (14, 'Can change content type', 4, 'change_contenttype');
INSERT INTO public.auth_permission VALUES (15, 'Can delete content type', 4, 'delete_contenttype');
INSERT INTO public.auth_permission VALUES (16, 'Can view content type', 4, 'view_contenttype');
INSERT INTO public.auth_permission VALUES (17, 'Can add session', 5, 'add_session');
INSERT INTO public.auth_permission VALUES (18, 'Can change session', 5, 'change_session');
INSERT INTO public.auth_permission VALUES (19, 'Can delete session', 5, 'delete_session');
INSERT INTO public.auth_permission VALUES (20, 'Can view session', 5, 'view_session');
INSERT INTO public.auth_permission VALUES (21, 'Can add user', 6, 'add_user');
INSERT INTO public.auth_permission VALUES (22, 'Can change user', 6, 'change_user');
INSERT INTO public.auth_permission VALUES (23, 'Can delete user', 6, 'delete_user');
INSERT INTO public.auth_permission VALUES (24, 'Can view user', 6, 'view_user');
INSERT INTO public.auth_permission VALUES (25, 'Can add domain', 7, 'add_domain');
INSERT INTO public.auth_permission VALUES (26, 'Can change domain', 7, 'change_domain');
INSERT INTO public.auth_permission VALUES (27, 'Can delete domain', 7, 'delete_domain');
INSERT INTO public.auth_permission VALUES (28, 'Can view domain', 7, 'view_domain');
INSERT INTO public.auth_permission VALUES (29, 'Can add items', 8, 'add_items');
INSERT INTO public.auth_permission VALUES (30, 'Can change items', 8, 'change_items');
INSERT INTO public.auth_permission VALUES (31, 'Can delete items', 8, 'delete_items');
INSERT INTO public.auth_permission VALUES (32, 'Can view items', 8, 'view_items');
INSERT INTO public.auth_permission VALUES (33, 'Can add relation', 9, 'add_relation');
INSERT INTO public.auth_permission VALUES (34, 'Can change relation', 9, 'change_relation');
INSERT INTO public.auth_permission VALUES (35, 'Can delete relation', 9, 'delete_relation');
INSERT INTO public.auth_permission VALUES (36, 'Can view relation', 9, 'view_relation');
INSERT INTO public.auth_permission VALUES (37, 'Can add attachment', 10, 'add_attachment');
INSERT INTO public.auth_permission VALUES (38, 'Can change attachment', 10, 'change_attachment');
INSERT INTO public.auth_permission VALUES (39, 'Can delete attachment', 10, 'delete_attachment');
INSERT INTO public.auth_permission VALUES (40, 'Can view attachment', 10, 'view_attachment');
INSERT INTO public.auth_permission VALUES (41, 'Can add Token', 11, 'add_token');
INSERT INTO public.auth_permission VALUES (42, 'Can change Token', 11, 'change_token');
INSERT INTO public.auth_permission VALUES (43, 'Can delete Token', 11, 'delete_token');
INSERT INTO public.auth_permission VALUES (44, 'Can view Token', 11, 'view_token');
INSERT INTO public.auth_permission VALUES (45, 'Can add cors model', 12, 'add_corsmodel');
INSERT INTO public.auth_permission VALUES (46, 'Can change cors model', 12, 'change_corsmodel');
INSERT INTO public.auth_permission VALUES (47, 'Can delete cors model', 12, 'delete_corsmodel');
INSERT INTO public.auth_permission VALUES (48, 'Can view cors model', 12, 'view_corsmodel');
INSERT INTO public.auth_permission VALUES (49, 'Can add competence', 13, 'add_competence');
INSERT INTO public.auth_permission VALUES (50, 'Can change competence', 13, 'change_competence');
INSERT INTO public.auth_permission VALUES (51, 'Can delete competence', 13, 'delete_competence');
INSERT INTO public.auth_permission VALUES (52, 'Can view competence', 13, 'view_competence');
INSERT INTO public.auth_permission VALUES (53, 'Can add discipline section', 14, 'add_disciplinesection');
INSERT INTO public.auth_permission VALUES (54, 'Can change discipline section', 14, 'change_disciplinesection');
INSERT INTO public.auth_permission VALUES (55, 'Can delete discipline section', 14, 'delete_disciplinesection');
INSERT INTO public.auth_permission VALUES (56, 'Can view discipline section', 14, 'view_disciplinesection');
INSERT INTO public.auth_permission VALUES (57, 'Can add evaluation tool', 15, 'add_evaluationtool');
INSERT INTO public.auth_permission VALUES (58, 'Can change evaluation tool', 15, 'change_evaluationtool');
INSERT INTO public.auth_permission VALUES (59, 'Can delete evaluation tool', 15, 'delete_evaluationtool');
INSERT INTO public.auth_permission VALUES (60, 'Can view evaluation tool', 15, 'view_evaluationtool');
INSERT INTO public.auth_permission VALUES (61, 'Can add field of study', 16, 'add_fieldofstudy');
INSERT INTO public.auth_permission VALUES (62, 'Can change field of study', 16, 'change_fieldofstudy');
INSERT INTO public.auth_permission VALUES (63, 'Can delete field of study', 16, 'delete_fieldofstudy');
INSERT INTO public.auth_permission VALUES (64, 'Can view field of study', 16, 'view_fieldofstudy');
INSERT INTO public.auth_permission VALUES (65, 'Can add field of study work program', 17, 'add_fieldofstudyworkprogram');
INSERT INTO public.auth_permission VALUES (66, 'Can change field of study work program', 17, 'change_fieldofstudyworkprogram');
INSERT INTO public.auth_permission VALUES (67, 'Can delete field of study work program', 17, 'delete_fieldofstudyworkprogram');
INSERT INTO public.auth_permission VALUES (68, 'Can view field of study work program', 17, 'view_fieldofstudyworkprogram');
INSERT INTO public.auth_permission VALUES (69, 'Can add indicator', 18, 'add_indicator');
INSERT INTO public.auth_permission VALUES (70, 'Can change indicator', 18, 'change_indicator');
INSERT INTO public.auth_permission VALUES (71, 'Can delete indicator', 18, 'delete_indicator');
INSERT INTO public.auth_permission VALUES (72, 'Can view indicator', 18, 'view_indicator');
INSERT INTO public.auth_permission VALUES (73, 'Can add outcomes of work program', 19, 'add_outcomesofworkprogram');
INSERT INTO public.auth_permission VALUES (74, 'Can change outcomes of work program', 19, 'change_outcomesofworkprogram');
INSERT INTO public.auth_permission VALUES (75, 'Can delete outcomes of work program', 19, 'delete_outcomesofworkprogram');
INSERT INTO public.auth_permission VALUES (76, 'Can view outcomes of work program', 19, 'view_outcomesofworkprogram');
INSERT INTO public.auth_permission VALUES (77, 'Can add prerequisites of work program', 20, 'add_prerequisitesofworkprogram');
INSERT INTO public.auth_permission VALUES (78, 'Can change prerequisites of work program', 20, 'change_prerequisitesofworkprogram');
INSERT INTO public.auth_permission VALUES (79, 'Can delete prerequisites of work program', 20, 'delete_prerequisitesofworkprogram');
INSERT INTO public.auth_permission VALUES (80, 'Can view prerequisites of work program', 20, 'view_prerequisitesofworkprogram');
INSERT INTO public.auth_permission VALUES (81, 'Can add route', 21, 'add_route');
INSERT INTO public.auth_permission VALUES (82, 'Can change route', 21, 'change_route');
INSERT INTO public.auth_permission VALUES (83, 'Can delete route', 21, 'delete_route');
INSERT INTO public.auth_permission VALUES (84, 'Can view route', 21, 'view_route');
INSERT INTO public.auth_permission VALUES (85, 'Can add work program', 22, 'add_workprogram');
INSERT INTO public.auth_permission VALUES (86, 'Can change work program', 22, 'change_workprogram');
INSERT INTO public.auth_permission VALUES (87, 'Can delete work program', 22, 'delete_workprogram');
INSERT INTO public.auth_permission VALUES (88, 'Can view work program', 22, 'view_workprogram');
INSERT INTO public.auth_permission VALUES (89, 'Can add topic', 23, 'add_topic');
INSERT INTO public.auth_permission VALUES (90, 'Can change topic', 23, 'change_topic');
INSERT INTO public.auth_permission VALUES (91, 'Can delete topic', 23, 'delete_topic');
INSERT INTO public.auth_permission VALUES (92, 'Can view topic', 23, 'view_topic');
INSERT INTO public.auth_permission VALUES (93, 'Can add route composition', 24, 'add_routecomposition');
INSERT INTO public.auth_permission VALUES (94, 'Can change route composition', 24, 'change_routecomposition');
INSERT INTO public.auth_permission VALUES (95, 'Can delete route composition', 24, 'delete_routecomposition');
INSERT INTO public.auth_permission VALUES (96, 'Can view route composition', 24, 'view_routecomposition');
INSERT INTO public.auth_permission VALUES (97, 'Can add indicator work program', 25, 'add_indicatorworkprogram');
INSERT INTO public.auth_permission VALUES (98, 'Can change indicator work program', 25, 'change_indicatorworkprogram');
INSERT INTO public.auth_permission VALUES (99, 'Can delete indicator work program', 25, 'delete_indicatorworkprogram');
INSERT INTO public.auth_permission VALUES (100, 'Can view indicator work program', 25, 'view_indicatorworkprogram');
INSERT INTO public.auth_permission VALUES (101, 'Can add certification', 26, 'add_certification');
INSERT INTO public.auth_permission VALUES (102, 'Can change certification', 26, 'change_certification');
INSERT INTO public.auth_permission VALUES (103, 'Can delete certification', 26, 'delete_certification');
INSERT INTO public.auth_permission VALUES (104, 'Can view certification', 26, 'view_certification');
INSERT INTO public.auth_permission VALUES (105, 'Can add online course', 27, 'add_onlinecourse');
INSERT INTO public.auth_permission VALUES (106, 'Can change online course', 27, 'change_onlinecourse');
INSERT INTO public.auth_permission VALUES (107, 'Can delete online course', 27, 'delete_onlinecourse');
INSERT INTO public.auth_permission VALUES (108, 'Can view online course', 27, 'view_onlinecourse');
INSERT INTO public.auth_permission VALUES (109, 'Can add bibliographic reference', 28, 'add_bibliographicreference');
INSERT INTO public.auth_permission VALUES (110, 'Can change bibliographic reference', 28, 'change_bibliographicreference');
INSERT INTO public.auth_permission VALUES (111, 'Can delete bibliographic reference', 28, 'delete_bibliographicreference');
INSERT INTO public.auth_permission VALUES (112, 'Can view bibliographic reference', 28, 'view_bibliographicreference');
INSERT INTO public.auth_permission VALUES (117, 'Can add implementation academic plan', 30, 'add_implementationacademicplan');
INSERT INTO public.auth_permission VALUES (118, 'Can change implementation academic plan', 30, 'change_implementationacademicplan');
INSERT INTO public.auth_permission VALUES (119, 'Can delete implementation academic plan', 30, 'delete_implementationacademicplan');
INSERT INTO public.auth_permission VALUES (120, 'Can view implementation academic plan', 30, 'view_implementationacademicplan');
INSERT INTO public.auth_permission VALUES (121, 'Can add discipline block', 31, 'add_disciplineblock');
INSERT INTO public.auth_permission VALUES (122, 'Can change discipline block', 31, 'change_disciplineblock');
INSERT INTO public.auth_permission VALUES (123, 'Can delete discipline block', 31, 'delete_disciplineblock');
INSERT INTO public.auth_permission VALUES (124, 'Can view discipline block', 31, 'view_disciplineblock');
INSERT INTO public.auth_permission VALUES (125, 'Can add academic plan', 32, 'add_academicplan');
INSERT INTO public.auth_permission VALUES (126, 'Can change academic plan', 32, 'change_academicplan');
INSERT INTO public.auth_permission VALUES (127, 'Can delete academic plan', 32, 'delete_academicplan');
INSERT INTO public.auth_permission VALUES (128, 'Can view academic plan', 32, 'view_academicplan');
INSERT INTO public.auth_permission VALUES (129, 'Can add discipline block module', 33, 'add_disciplineblockmodule');
INSERT INTO public.auth_permission VALUES (130, 'Can change discipline block module', 33, 'change_disciplineblockmodule');
INSERT INTO public.auth_permission VALUES (131, 'Can delete discipline block module', 33, 'delete_disciplineblockmodule');
INSERT INTO public.auth_permission VALUES (132, 'Can view discipline block module', 33, 'view_disciplineblockmodule');
INSERT INTO public.auth_permission VALUES (133, 'Can add work program change in discipline block module', 34, 'add_workprogramchangeindisciplineblockmodule');
INSERT INTO public.auth_permission VALUES (134, 'Can change work program change in discipline block module', 34, 'change_workprogramchangeindisciplineblockmodule');
INSERT INTO public.auth_permission VALUES (135, 'Can delete work program change in discipline block module', 34, 'delete_workprogramchangeindisciplineblockmodule');
INSERT INTO public.auth_permission VALUES (136, 'Can view work program change in discipline block module', 34, 'view_workprogramchangeindisciplineblockmodule');


--
-- Data for Name: authtoken_token; Type: TABLE DATA; Schema: public; Owner: postgres
--

INSERT INTO public.authtoken_token VALUES ('3efe42e295a5096da915473b002a60b01d600711', '2020-04-25 21:25:18.963104+00', 1);
INSERT INTO public.authtoken_token VALUES ('51c527aaeb3c66c5e6a7d5b14f1f81ff11c9ffd8', '2020-06-05 00:19:23.906353+00', 2);


--
-- Data for Name: corsheaders_corsmodel; Type: TABLE DATA; Schema: public; Owner: postgres
--



--
-- Data for Name: dataprocessing_domain; Type: TABLE DATA; Schema: public; Owner: postgres
--

INSERT INTO public.dataprocessing_domain VALUES (8, ' ');
INSERT INTO public.dataprocessing_domain VALUES (9, 'dfdfdf');
INSERT INTO public.dataprocessing_domain VALUES (10, 'dfdfdf');
INSERT INTO public.dataprocessing_domain VALUES (11, 'dfdfdf');
INSERT INTO public.dataprocessing_domain VALUES (12, 'dfdfdf');
INSERT INTO public.dataprocessing_domain VALUES (13, 'dfdfdf');
INSERT INTO public.dataprocessing_domain VALUES (14, 'dfdfdf');
INSERT INTO public.dataprocessing_domain VALUES (45, 'dfdfdf');
INSERT INTO public.dataprocessing_domain VALUES (46, 'dfdfdf');
INSERT INTO public.dataprocessing_domain VALUES (47, 'dfdfdf');
INSERT INTO public.dataprocessing_domain VALUES (48, 'dfdfdf');
INSERT INTO public.dataprocessing_domain VALUES (49, 'dfdfdf');
INSERT INTO public.dataprocessing_domain VALUES (50, 'dfdfdf');
INSERT INTO public.dataprocessing_domain VALUES (51, 'dfdfdf');
INSERT INTO public.dataprocessing_domain VALUES (52, 'dfdfdf');


--
-- Data for Name: dataprocessing_domain_user; Type: TABLE DATA; Schema: public; Owner: postgres
--

INSERT INTO public.dataprocessing_domain_user VALUES (8, 8, 1);
INSERT INTO public.dataprocessing_domain_user VALUES (9, 51, 1);
INSERT INTO public.dataprocessing_domain_user VALUES (10, 52, 1);


--
-- Data for Name: dataprocessing_items; Type: TABLE DATA; Schema: public; Owner: postgres
--

INSERT INTO public.dataprocessing_items VALUES (3, '', 0, 'uploaded', 1, 8);
INSERT INTO public.dataprocessing_items VALUES (6, ' ', 0, 'uploaded', 1, 8);
INSERT INTO public.dataprocessing_items VALUES (7, '  ', 0, 'uploaded', 1, 8);
INSERT INTO public.dataprocessing_items VALUES (8, ' ', 0, 'uploaded', 1, 8);
INSERT INTO public.dataprocessing_items VALUES (9, '  ', 0, 'uploaded', 1, 8);
INSERT INTO public.dataprocessing_items VALUES (10, ' ', 0, 'uploaded', 1, 8);
INSERT INTO public.dataprocessing_items VALUES (11, '  ', 0, 'uploaded', 1, 8);
INSERT INTO public.dataprocessing_items VALUES (12, ' ', 0, 'uploaded', 1, 8);
INSERT INTO public.dataprocessing_items VALUES (13, '   ', 0, 'uploaded', 1, 8);
INSERT INTO public.dataprocessing_items VALUES (14, '  ', 0, 'uploaded', 1, 8);
INSERT INTO public.dataprocessing_items VALUES (15, '', 0, 'uploaded', 1, 8);
INSERT INTO public.dataprocessing_items VALUES (16, '', 0, 'uploaded', 1, 8);
INSERT INTO public.dataprocessing_items VALUES (17, ' ', 0, 'uploaded', 1, 8);
INSERT INTO public.dataprocessing_items VALUES (18, ' ', 0, 'uploaded', 1, 8);
INSERT INTO public.dataprocessing_items VALUES (19, '  ', 0, 'uploaded', 1, 8);
INSERT INTO public.dataprocessing_items VALUES (20, ' ', 0, 'uploaded', 1, 8);
INSERT INTO public.dataprocessing_items VALUES (21, '  ', 0, 'uploaded', 1, 8);
INSERT INTO public.dataprocessing_items VALUES (22, '  ', 0, 'uploaded', 1, 8);
INSERT INTO public.dataprocessing_items VALUES (23, '  ', 0, 'uploaded', 1, 8);
INSERT INTO public.dataprocessing_items VALUES (24, ' ', 0, 'uploaded', 1, 8);
INSERT INTO public.dataprocessing_items VALUES (25, ' ', 0, 'uploaded', 1, 8);
INSERT INTO public.dataprocessing_items VALUES (26, ' ', 0, 'uploaded', 1, 8);
INSERT INTO public.dataprocessing_items VALUES (27, '   ', 0, 'uploaded', 1, 8);
INSERT INTO public.dataprocessing_items VALUES (28, '   ', 0, 'uploaded', 1, 8);
INSERT INTO public.dataprocessing_items VALUES (29, ' ', 0, 'uploaded', 1, 8);
INSERT INTO public.dataprocessing_items VALUES (30, '  ', 0, 'uploaded', 1, 8);
INSERT INTO public.dataprocessing_items VALUES (31, '   ', 0, 'uploaded', 1, 8);
INSERT INTO public.dataprocessing_items VALUES (32, '    ', 0, 'uploaded', 1, 8);
INSERT INTO public.dataprocessing_items VALUES (33, '    ', 0, 'uploaded', 1, 8);
INSERT INTO public.dataprocessing_items VALUES (34, '   ', 0, 'uploaded', 1, 8);
INSERT INTO public.dataprocessing_items VALUES (35, '   ', 0, 'uploaded', 1, 8);
INSERT INTO public.dataprocessing_items VALUES (36, '  ', 0, 'uploaded', 1, 8);
INSERT INTO public.dataprocessing_items VALUES (37, '  ', 0, 'uploaded', 1, 8);
INSERT INTO public.dataprocessing_items VALUES (38, '       ', 0, 'uploaded', 1, 8);
INSERT INTO public.dataprocessing_items VALUES (39, '    ', 0, 'uploaded', 1, 8);
INSERT INTO public.dataprocessing_items VALUES (40, ' ', 0, 'uploaded', 1, 8);
INSERT INTO public.dataprocessing_items VALUES (41, ' ', 0, 'uploaded', 1, 8);
INSERT INTO public.dataprocessing_items VALUES (42, '   ', 0, 'uploaded', 1, 8);
INSERT INTO public.dataprocessing_items VALUES (43, '   ', 0, 'uploaded', 1, 8);
INSERT INTO public.dataprocessing_items VALUES (44, '  ', 0, 'uploaded', 1, 8);
INSERT INTO public.dataprocessing_items VALUES (45, ' ', 0, 'uploaded', 1, 8);
INSERT INTO public.dataprocessing_items VALUES (46, '', 0, 'uploaded', 1, 8);
INSERT INTO public.dataprocessing_items VALUES (47, ' ', 0, 'uploaded', 1, 8);
INSERT INTO public.dataprocessing_items VALUES (48, '  ', 0, 'uploaded', 1, 8);
INSERT INTO public.dataprocessing_items VALUES (49, '   ', 0, 'uploaded', 1, 8);
INSERT INTO public.dataprocessing_items VALUES (50, '   ', 0, 'uploaded', 1, 8);
INSERT INTO public.dataprocessing_items VALUES (51, ' ', 0, 'uploaded', 1, 8);
INSERT INTO public.dataprocessing_items VALUES (52, ' ', 0, 'uploaded', 1, 8);
INSERT INTO public.dataprocessing_items VALUES (53, ' ', 0, 'uploaded', 1, 8);
INSERT INTO public.dataprocessing_items VALUES (54, '     ', 0, 'uploaded', 1, 8);
INSERT INTO public.dataprocessing_items VALUES (55, '    ', 0, 'uploaded', 1, 8);
INSERT INTO public.dataprocessing_items VALUES (56, '', 0, 'uploaded', 1, 8);
INSERT INTO public.dataprocessing_items VALUES (57, '     ', 0, 'uploaded', 1, 8);
INSERT INTO public.dataprocessing_items VALUES (58, '     ', 0, 'uploaded', 1, 8);
INSERT INTO public.dataprocessing_items VALUES (59, '  ', 0, 'uploaded', 1, 8);
INSERT INTO public.dataprocessing_items VALUES (60, '    ', 0, 'uploaded', 1, 8);
INSERT INTO public.dataprocessing_items VALUES (61, ' ', 0, 'uploaded', 1, 8);
INSERT INTO public.dataprocessing_items VALUES (62, '    ', 0, 'uploaded', 1, 8);
INSERT INTO public.dataprocessing_items VALUES (63, '  ', 0, 'uploaded', 1, 8);
INSERT INTO public.dataprocessing_items VALUES (64, '', 0, 'uploaded', 1, 8);
INSERT INTO public.dataprocessing_items VALUES (65, '         ', 0, 'uploaded', 1, 8);
INSERT INTO public.dataprocessing_items VALUES (66, '   ', 0, 'uploaded', 1, 8);
INSERT INTO public.dataprocessing_items VALUES (67, ' ', 0, 'uploaded', 1, 8);
INSERT INTO public.dataprocessing_items VALUES (68, ' ', 0, 'uploaded', 1, 8);
INSERT INTO public.dataprocessing_items VALUES (69, ' ', 0, 'uploaded', 1, 8);
INSERT INTO public.dataprocessing_items VALUES (70, '  ', 0, 'uploaded', 1, 8);
INSERT INTO public.dataprocessing_items VALUES (71, ' ', 0, 'uploaded', 1, 8);
INSERT INTO public.dataprocessing_items VALUES (5, '', 0, 'uploaded', 1, 8);
INSERT INTO public.dataprocessing_items VALUES (4, '', 3, 'uploaded', 1, 8);
INSERT INTO public.dataprocessing_items VALUES (72, '   ()', 0, 'uploaded', 1, 8);
INSERT INTO public.dataprocessing_items VALUES (73, '  1- ', 0, 'uploaded', 1, 8);
INSERT INTO public.dataprocessing_items VALUES (74, '  ', 0, 'uploaded', 1, 8);
INSERT INTO public.dataprocessing_items VALUES (75, '  n-    ', 0, 'uploaded', 1, 8);
INSERT INTO public.dataprocessing_items VALUES (76, '      ', 0, 'uploaded', 1, 8);
INSERT INTO public.dataprocessing_items VALUES (77, ' ', 0, 'uploaded', 1, 8);
INSERT INTO public.dataprocessing_items VALUES (78, ' ', 0, 'uploaded', 1, 8);
INSERT INTO public.dataprocessing_items VALUES (79, '  ', 0, 'uploaded', 1, 8);
INSERT INTO public.dataprocessing_items VALUES (80, ' ', 0, 'uploaded', 1, 8);
INSERT INTO public.dataprocessing_items VALUES (81, '  ', 0, 'uploaded', 1, 8);
INSERT INTO public.dataprocessing_items VALUES (82, ' ', 0, 'uploaded', 1, 8);
INSERT INTO public.dataprocessing_items VALUES (83, ' ', 0, 'uploaded', 1, 8);
INSERT INTO public.dataprocessing_items VALUES (84, '  ', 0, 'uploaded', 1, 8);
INSERT INTO public.dataprocessing_items VALUES (85, '   ', 0, 'uploaded', 1, 8);
INSERT INTO public.dataprocessing_items VALUES (86, ' ', 0, 'uploaded', 1, 8);
INSERT INTO public.dataprocessing_items VALUES (87, '  ', 0, 'uploaded', 1, 8);
INSERT INTO public.dataprocessing_items VALUES (88, ' ', 0, 'uploaded', 1, 8);
INSERT INTO public.dataprocessing_items VALUES (89, ' -', 0, 'uploaded', 1, 8);
INSERT INTO public.dataprocessing_items VALUES (2, '', 3, 'uploaded', 1, 8);


--
-- Data for Name: dataprocessing_relation; Type: TABLE DATA; Schema: public; Owner: postgres
--



--
-- Data for Name: dataprocessing_user; Type: TABLE DATA; Schema: public; Owner: postgres
--

INSERT INTO public.dataprocessing_user VALUES (2, 'pbkdf2_sha256$150000$znphZ3OvjGl2$fRyl2kMTjPAI+8glNBeRWKybSztnEocnFd2PAj33Bu4=', '2020-06-05 00:19:23+00', false, 'so_user', '', '', '', true, true, '2020-06-04 23:05:59+00', NULL, NULL);
INSERT INTO public.dataprocessing_user VALUES (1, 'pbkdf2_sha256$150000$fXziYrLFD06X$PJG/csLzJUROFb5Rk8tXRWVbZhcUyOEwTgeeDNRfo/M=', '2020-06-08 22:17:50.058399+00', true, 'admin', '', '', 'admin@admin.ru', true, true, '2020-04-25 20:22:09.34016+00', NULL, NULL);


--
-- Data for Name: dataprocessing_user_groups; Type: TABLE DATA; Schema: public; Owner: postgres
--



--
-- Data for Name: dataprocessing_user_user_permissions; Type: TABLE DATA; Schema: public; Owner: postgres
--

INSERT INTO public.dataprocessing_user_user_permissions VALUES (1, 2, 21);
INSERT INTO public.dataprocessing_user_user_permissions VALUES (2, 2, 22);
INSERT INTO public.dataprocessing_user_user_permissions VALUES (3, 2, 23);
INSERT INTO public.dataprocessing_user_user_permissions VALUES (4, 2, 24);
INSERT INTO public.dataprocessing_user_user_permissions VALUES (5, 2, 25);
INSERT INTO public.dataprocessing_user_user_permissions VALUES (6, 2, 26);
INSERT INTO public.dataprocessing_user_user_permissions VALUES (7, 2, 27);
INSERT INTO public.dataprocessing_user_user_permissions VALUES (8, 2, 28);
INSERT INTO public.dataprocessing_user_user_permissions VALUES (9, 2, 29);
INSERT INTO public.dataprocessing_user_user_permissions VALUES (10, 2, 30);
INSERT INTO public.dataprocessing_user_user_permissions VALUES (11, 2, 31);
INSERT INTO public.dataprocessing_user_user_permissions VALUES (12, 2, 32);
INSERT INTO public.dataprocessing_user_user_permissions VALUES (13, 2, 33);
INSERT INTO public.dataprocessing_user_user_permissions VALUES (14, 2, 34);
INSERT INTO public.dataprocessing_user_user_permissions VALUES (15, 2, 35);
INSERT INTO public.dataprocessing_user_user_permissions VALUES (16, 2, 36);
INSERT INTO public.dataprocessing_user_user_permissions VALUES (17, 2, 45);
INSERT INTO public.dataprocessing_user_user_permissions VALUES (18, 2, 46);
INSERT INTO public.dataprocessing_user_user_permissions VALUES (19, 2, 47);
INSERT INTO public.dataprocessing_user_user_permissions VALUES (20, 2, 48);
INSERT INTO public.dataprocessing_user_user_permissions VALUES (21, 2, 49);
INSERT INTO public.dataprocessing_user_user_permissions VALUES (22, 2, 50);
INSERT INTO public.dataprocessing_user_user_permissions VALUES (23, 2, 51);
INSERT INTO public.dataprocessing_user_user_permissions VALUES (24, 2, 52);
INSERT INTO public.dataprocessing_user_user_permissions VALUES (25, 2, 53);
INSERT INTO public.dataprocessing_user_user_permissions VALUES (26, 2, 54);
INSERT INTO public.dataprocessing_user_user_permissions VALUES (27, 2, 55);
INSERT INTO public.dataprocessing_user_user_permissions VALUES (28, 2, 56);
INSERT INTO public.dataprocessing_user_user_permissions VALUES (29, 2, 57);
INSERT INTO public.dataprocessing_user_user_permissions VALUES (30, 2, 58);
INSERT INTO public.dataprocessing_user_user_permissions VALUES (31, 2, 59);
INSERT INTO public.dataprocessing_user_user_permissions VALUES (32, 2, 60);
INSERT INTO public.dataprocessing_user_user_permissions VALUES (33, 2, 61);
INSERT INTO public.dataprocessing_user_user_permissions VALUES (34, 2, 62);
INSERT INTO public.dataprocessing_user_user_permissions VALUES (35, 2, 63);
INSERT INTO public.dataprocessing_user_user_permissions VALUES (36, 2, 64);
INSERT INTO public.dataprocessing_user_user_permissions VALUES (37, 2, 65);
INSERT INTO public.dataprocessing_user_user_permissions VALUES (38, 2, 66);
INSERT INTO public.dataprocessing_user_user_permissions VALUES (39, 2, 67);
INSERT INTO public.dataprocessing_user_user_permissions VALUES (40, 2, 68);
INSERT INTO public.dataprocessing_user_user_permissions VALUES (41, 2, 69);
INSERT INTO public.dataprocessing_user_user_permissions VALUES (42, 2, 70);
INSERT INTO public.dataprocessing_user_user_permissions VALUES (43, 2, 71);
INSERT INTO public.dataprocessing_user_user_permissions VALUES (44, 2, 72);
INSERT INTO public.dataprocessing_user_user_permissions VALUES (45, 2, 73);
INSERT INTO public.dataprocessing_user_user_permissions VALUES (46, 2, 74);
INSERT INTO public.dataprocessing_user_user_permissions VALUES (47, 2, 75);
INSERT INTO public.dataprocessing_user_user_permissions VALUES (48, 2, 76);
INSERT INTO public.dataprocessing_user_user_permissions VALUES (49, 2, 77);
INSERT INTO public.dataprocessing_user_user_permissions VALUES (50, 2, 78);
INSERT INTO public.dataprocessing_user_user_permissions VALUES (51, 2, 79);
INSERT INTO public.dataprocessing_user_user_permissions VALUES (52, 2, 80);
INSERT INTO public.dataprocessing_user_user_permissions VALUES (53, 2, 81);
INSERT INTO public.dataprocessing_user_user_permissions VALUES (54, 2, 82);
INSERT INTO public.dataprocessing_user_user_permissions VALUES (55, 2, 83);
INSERT INTO public.dataprocessing_user_user_permissions VALUES (56, 2, 84);
INSERT INTO public.dataprocessing_user_user_permissions VALUES (57, 2, 85);
INSERT INTO public.dataprocessing_user_user_permissions VALUES (58, 2, 86);
INSERT INTO public.dataprocessing_user_user_permissions VALUES (59, 2, 87);
INSERT INTO public.dataprocessing_user_user_permissions VALUES (60, 2, 88);
INSERT INTO public.dataprocessing_user_user_permissions VALUES (61, 2, 89);
INSERT INTO public.dataprocessing_user_user_permissions VALUES (62, 2, 90);
INSERT INTO public.dataprocessing_user_user_permissions VALUES (63, 2, 91);
INSERT INTO public.dataprocessing_user_user_permissions VALUES (64, 2, 92);
INSERT INTO public.dataprocessing_user_user_permissions VALUES (65, 2, 93);
INSERT INTO public.dataprocessing_user_user_permissions VALUES (66, 2, 94);
INSERT INTO public.dataprocessing_user_user_permissions VALUES (67, 2, 95);
INSERT INTO public.dataprocessing_user_user_permissions VALUES (68, 2, 96);
INSERT INTO public.dataprocessing_user_user_permissions VALUES (69, 2, 97);
INSERT INTO public.dataprocessing_user_user_permissions VALUES (70, 2, 98);
INSERT INTO public.dataprocessing_user_user_permissions VALUES (71, 2, 99);
INSERT INTO public.dataprocessing_user_user_permissions VALUES (72, 2, 100);
INSERT INTO public.dataprocessing_user_user_permissions VALUES (73, 2, 101);
INSERT INTO public.dataprocessing_user_user_permissions VALUES (74, 2, 102);
INSERT INTO public.dataprocessing_user_user_permissions VALUES (75, 2, 103);
INSERT INTO public.dataprocessing_user_user_permissions VALUES (76, 2, 104);
INSERT INTO public.dataprocessing_user_user_permissions VALUES (77, 2, 105);
INSERT INTO public.dataprocessing_user_user_permissions VALUES (78, 2, 106);
INSERT INTO public.dataprocessing_user_user_permissions VALUES (79, 2, 107);
INSERT INTO public.dataprocessing_user_user_permissions VALUES (80, 2, 108);
INSERT INTO public.dataprocessing_user_user_permissions VALUES (81, 2, 109);
INSERT INTO public.dataprocessing_user_user_permissions VALUES (82, 2, 110);
INSERT INTO public.dataprocessing_user_user_permissions VALUES (83, 2, 111);
INSERT INTO public.dataprocessing_user_user_permissions VALUES (84, 2, 112);


--
-- Data for Name: django_admin_log; Type: TABLE DATA; Schema: public; Owner: postgres
--

INSERT INTO public.django_admin_log VALUES (1, '2020-04-25 21:26:36.261503+00', '1', 'dgfdgdfg', 1, '[{"added": {}}]', 8, 1);
INSERT INTO public.django_admin_log VALUES (2, '2020-04-25 21:26:51.427812+00', '1', 'sfgfg', 1, '[{"added": {}}]', 22, 1);
INSERT INTO public.django_admin_log VALUES (3, '2020-04-28 21:25:47.896578+00', '1', '09.04.03  ', 1, '[{"added": {}}]', 16, 1);
INSERT INTO public.django_admin_log VALUES (4, '2020-04-28 21:27:22.916805+00', '2', '   ', 1, '[{"added": {}}]', 22, 1);
INSERT INTO public.django_admin_log VALUES (5, '2020-04-28 21:27:57.491936+00', '1', '              ', 1, '[{"added": {}}]', 13, 1);
INSERT INTO public.django_admin_log VALUES (6, '2020-04-28 21:28:27.225629+00', '2', ' ,                ,   ', 1, '[{"added": {}}]', 13, 1);
INSERT INTO public.django_admin_log VALUES (7, '2020-04-28 21:29:24.248889+00', '1', ' -       ', 1, '[{"added": {}}]', 18, 1);
INSERT INTO public.django_admin_log VALUES (8, '2020-04-28 21:29:38.148374+00', '2', '          ', 1, '[{"added": {}}]', 18, 1);
INSERT INTO public.django_admin_log VALUES (9, '2020-04-28 21:30:06.954245+00', '1', 'CompetenceIndicator object (1)', 1, '[{"added": {}}]', 26, 1);
INSERT INTO public.django_admin_log VALUES (10, '2020-04-28 21:30:13.387387+00', '2', 'CompetenceIndicator object (2)', 1, '[{"added": {}}]', 26, 1);
INSERT INTO public.django_admin_log VALUES (11, '2020-04-28 21:30:40.428965+00', '3', '        ', 1, '[{"added": {}}]', 18, 1);
INSERT INTO public.django_admin_log VALUES (12, '2020-04-28 21:30:52.762104+00', '4', '     ', 1, '[{"added": {}}]', 18, 1);
INSERT INTO public.django_admin_log VALUES (13, '2020-04-28 21:31:11.566587+00', '3', 'CompetenceIndicator object (3)', 1, '[{"added": {}}]', 26, 1);
INSERT INTO public.django_admin_log VALUES (14, '2020-04-28 21:31:19.528668+00', '4', 'CompetenceIndicator object (4)', 1, '[{"added": {}}]', 26, 1);
INSERT INTO public.django_admin_log VALUES (15, '2020-04-30 10:25:24.16382+00', '1', 'OutcomesOfWorkProgram object (1)', 1, '[{"added": {}}]', 19, 1);
INSERT INTO public.django_admin_log VALUES (16, '2020-04-30 15:55:56.301777+00', '1', '    ', 1, '[{"added": {}}]', 14, 1);
INSERT INTO public.django_admin_log VALUES (17, '2020-04-30 15:56:10.134585+00', '2', '   ', 1, '[{"added": {}}]', 14, 1);
INSERT INTO public.django_admin_log VALUES (18, '2020-04-30 15:58:34.176257+00', '1', '       ', 1, '[{"added": {}}]', 15, 1);
INSERT INTO public.django_admin_log VALUES (19, '2020-04-30 15:59:00.071141+00', '2', '   ', 1, '[{"added": {}}]', 15, 1);
INSERT INTO public.django_admin_log VALUES (20, '2020-04-30 15:59:22.402272+00', '2', '   ', 2, '[{"changed": {"fields": ["evaluation_tools"]}}]', 14, 1);
INSERT INTO public.django_admin_log VALUES (21, '2020-04-30 15:59:25.967236+00', '1', '    ', 2, '[{"changed": {"fields": ["evaluation_tools"]}}]', 14, 1);
INSERT INTO public.django_admin_log VALUES (22, '2020-04-30 18:09:58.343041+00', '3', 'OutcomesOfWorkProgram object (3)', 1, '[{"added": {}}]', 19, 1);
INSERT INTO public.django_admin_log VALUES (23, '2020-04-30 20:27:21.408757+00', '1', '1.1', 1, '[{"added": {}}]', 23, 1);
INSERT INTO public.django_admin_log VALUES (24, '2020-05-04 12:08:32.081366+00', '1', 'Certification object (1)', 1, '[{"added": {}}]', 27, 1);
INSERT INTO public.django_admin_log VALUES (25, '2020-05-04 12:10:26.873363+00', '3', 'PrerequisitesOfWorkProgram object (3)', 1, '[{"added": {}}]', 20, 1);
INSERT INTO public.django_admin_log VALUES (26, '2020-05-04 12:16:07.55125+00', '2', '   ', 2, '[{"changed": {"fields": ["qualification"]}}]', 22, 1);
INSERT INTO public.django_admin_log VALUES (162, '2020-06-07 23:13:14.655082+00', '9', 'OnlineCourse object (9)', 2, '[{"changed": {"fields": ["title", "description"]}}]', 28, 1);
INSERT INTO public.django_admin_log VALUES (27, '2020-05-04 12:29:44.869324+00', '2', '   ', 2, '[{"changed": {"fields": ["qualification"]}}]', 22, 1);
INSERT INTO public.django_admin_log VALUES (28, '2020-05-06 14:51:37.902824+00', '2', '   ', 2, '[{"changed": {"fields": ["contact_work", "lecture_classes", "SRO", "total_hours"]}}]', 14, 1);
INSERT INTO public.django_admin_log VALUES (29, '2020-05-06 14:51:47.04768+00', '1', '    ', 2, '[{"changed": {"fields": ["contact_work", "lecture_classes", "laboratory", "practical_lessons", "SRO", "total_hours"]}}]', 14, 1);
INSERT INTO public.django_admin_log VALUES (30, '2020-05-06 15:01:59.212061+00', '2', '   ', 2, '[{"changed": {"fields": ["laboratory", "practical_lessons"]}}]', 14, 1);
INSERT INTO public.django_admin_log VALUES (31, '2020-05-06 15:04:02.116469+00', '3', '   ', 1, '[{"added": {}}]', 14, 1);
INSERT INTO public.django_admin_log VALUES (32, '2020-05-06 16:17:08.436578+00', '2', '   ', 2, '[{"changed": {"fields": ["ordinal_number"]}}]', 14, 1);
INSERT INTO public.django_admin_log VALUES (33, '2020-05-06 16:17:12.952333+00', '2', '   ', 2, '[{"changed": {"fields": ["ordinal_number"]}}]', 14, 1);
INSERT INTO public.django_admin_log VALUES (34, '2020-05-07 14:28:09.361802+00', '2', '1 ,    ', 1, '[{"added": {}}]', 23, 1);
INSERT INTO public.django_admin_log VALUES (35, '2020-05-07 14:28:22.736565+00', '3', '2 ', 1, '[{"added": {}}]', 23, 1);
INSERT INTO public.django_admin_log VALUES (36, '2020-05-07 14:29:43.407497+00', '4', '3  ', 1, '[{"added": {}}]', 23, 1);
INSERT INTO public.django_admin_log VALUES (37, '2020-05-07 15:16:34.595787+00', '2', '   ', 2, '[{"changed": {"fields": ["ordinal_number"]}}]', 14, 1);
INSERT INTO public.django_admin_log VALUES (38, '2020-05-07 15:17:40.757011+00', '1', '    ', 2, '[{"changed": {"fields": ["ordinal_number"]}}]', 14, 1);
INSERT INTO public.django_admin_log VALUES (39, '2020-05-07 15:18:03.312556+00', '2', '   ', 2, '[{"changed": {"fields": ["ordinal_number"]}}]', 14, 1);
INSERT INTO public.django_admin_log VALUES (40, '2020-05-07 15:18:10.445622+00', '1', '    ', 2, '[{"changed": {"fields": ["ordinal_number"]}}]', 14, 1);
INSERT INTO public.django_admin_log VALUES (41, '2020-05-07 15:24:12.681578+00', '1', '1     ', 2, '[{"changed": {"fields": ["name"]}}]', 14, 1);
INSERT INTO public.django_admin_log VALUES (42, '2020-05-07 15:24:18.627621+00', '2', '   ', 2, '[{"changed": {"fields": ["ordinal_number"]}}]', 14, 1);
INSERT INTO public.django_admin_log VALUES (43, '2020-05-07 15:24:25.051248+00', '2', '2    ', 2, '[{"changed": {"fields": ["name"]}}]', 14, 1);
INSERT INTO public.django_admin_log VALUES (44, '2020-05-07 15:24:52.923588+00', '2', '2    ', 2, '[{"changed": {"fields": ["ordinal_number"]}}]', 14, 1);
INSERT INTO public.django_admin_log VALUES (45, '2020-05-07 15:25:01.71721+00', '1', '1     ', 2, '[{"changed": {"fields": ["ordinal_number"]}}]', 14, 1);
INSERT INTO public.django_admin_log VALUES (46, '2020-05-07 15:25:39.349973+00', '1', '1     ', 2, '[{"changed": {"fields": ["ordinal_number"]}}]', 14, 1);
INSERT INTO public.django_admin_log VALUES (47, '2020-05-07 15:26:50.228826+00', '1', '1     ', 2, '[{"changed": {"fields": ["ordinal_number"]}}]', 14, 1);
INSERT INTO public.django_admin_log VALUES (48, '2020-05-07 15:26:53.816227+00', '2', '2    ', 2, '[{"changed": {"fields": ["ordinal_number"]}}]', 14, 1);
INSERT INTO public.django_admin_log VALUES (49, '2020-05-24 16:43:11.259262+00', '1', 'OnlineCourse object (1)', 1, '[{"added": {}}]', 28, 1);
INSERT INTO public.django_admin_log VALUES (72, '2020-06-02 14:57:37.370476+00', '3', '   ', 2, '[{"changed": {"fields": ["bibliographic_reference"]}}]', 22, 1);
INSERT INTO public.django_admin_log VALUES (73, '2020-06-02 14:57:57.641511+00', '2', ' ', 2, '[{"changed": {"fields": ["bibliographic_reference"]}}]', 22, 1);
INSERT INTO public.django_admin_log VALUES (74, '2020-06-02 14:58:02.781163+00', '1', 'sfgfg', 2, '[{"changed": {"fields": ["bibliographic_reference"]}}]', 22, 1);
INSERT INTO public.django_admin_log VALUES (75, '2020-06-04 23:06:00.006554+00', '2', 'so_user', 1, '[{"added": {}}]', 6, 1);
INSERT INTO public.django_admin_log VALUES (76, '2020-06-05 12:49:48.282528+00', '2', 'so_user', 2, '[{"changed": {"fields": ["is_staff", "user_permissions"]}}]', 6, 1);
INSERT INTO public.django_admin_log VALUES (77, '2020-06-05 21:22:20.439221+00', '2', '', 1, '[{"added": {}}]', 7, 1);
INSERT INTO public.django_admin_log VALUES (78, '2020-06-05 21:22:28.34102+00', '3', '', 1, '[{"added": {}}]', 7, 1);
INSERT INTO public.django_admin_log VALUES (79, '2020-06-05 21:22:37.946126+00', '4', ' ', 1, '[{"added": {}}]', 7, 1);
INSERT INTO public.django_admin_log VALUES (80, '2020-06-05 21:22:58.594198+00', '5', ' ))', 1, '[{"added": {}}]', 7, 1);
INSERT INTO public.django_admin_log VALUES (81, '2020-06-06 17:21:41.680116+00', '4', 'PrerequisitesOfWorkProgram object (4)', 1, '[{"added": {}}]', 20, 1);
INSERT INTO public.django_admin_log VALUES (82, '2020-06-06 17:35:23.416919+00', '4', 'PrerequisitesOfWorkProgram object (4)', 2, '[{"changed": {"fields": ["workprogram"]}}]', 20, 1);
INSERT INTO public.django_admin_log VALUES (83, '2020-06-06 17:35:38.989458+00', '4', 'PrerequisitesOfWorkProgram object (4)', 2, '[{"changed": {"fields": ["workprogram"]}}]', 20, 1);
INSERT INTO public.django_admin_log VALUES (84, '2020-06-06 20:51:15.975762+00', '5', 'PrerequisitesOfWorkProgram object (5)', 1, '[{"added": {}}]', 20, 1);
INSERT INTO public.django_admin_log VALUES (85, '2020-06-06 20:51:38.306341+00', '6', 'PrerequisitesOfWorkProgram object (6)', 1, '[{"added": {}}]', 20, 1);
INSERT INTO public.django_admin_log VALUES (86, '2020-06-07 14:57:18.636468+00', '2', '2    ', 2, '[{"changed": {"fields": ["evaluation_tools"]}}]', 14, 1);
INSERT INTO public.django_admin_log VALUES (87, '2020-06-07 14:57:23.156579+00', '13', ' ', 2, '[{"changed": {"fields": ["evaluation_tools"]}}]', 14, 1);
INSERT INTO public.django_admin_log VALUES (88, '2020-06-07 16:25:26.128752+00', '5', ' ', 1, '[{"added": {}}]', 22, 1);
INSERT INTO public.django_admin_log VALUES (89, '2020-06-07 16:29:19.632035+00', '5', ' ', 2, '[{"changed": {"fields": ["discipline_code"]}}]', 22, 1);
INSERT INTO public.django_admin_log VALUES (90, '2020-06-07 16:37:54.636544+00', '7', '      .', 1, '[{"added": {}}]', 23, 1);
INSERT INTO public.django_admin_log VALUES (91, '2020-06-07 16:38:13.8121+00', '8', ' ,      ,    .     ;    ,   ', 1, '[{"added": {}}]', 23, 1);
INSERT INTO public.django_admin_log VALUES (92, '2020-06-07 16:38:30.754519+00', '9', '    Mathcad, MathLab  Wolfram Mathematika.', 1, '[{"added": {}}]', 23, 1);
INSERT INTO public.django_admin_log VALUES (93, '2020-06-07 16:38:50.135853+00', '10', '   .      .', 1, '[{"added": {}}]', 23, 1);
INSERT INTO public.django_admin_log VALUES (94, '2020-06-07 16:39:08.651003+00', '11', '  .         .         .', 1, '[{"added": {}}]', 23, 1);
INSERT INTO public.django_admin_log VALUES (95, '2020-06-07 16:39:25.631276+00', '12', '        .', 1, '[{"added": {}}]', 23, 1);
INSERT INTO public.django_admin_log VALUES (96, '2020-06-07 16:39:41.493817+00', '13', '    .       .', 1, '[{"added": {}}]', 23, 1);
INSERT INTO public.django_admin_log VALUES (163, '2020-06-07 23:13:21.758437+00', '10', 'OnlineCourse object (10)', 2, '[{"changed": {"fields": ["title", "description"]}}]', 28, 1);
INSERT INTO public.django_admin_log VALUES (97, '2020-06-07 16:39:54.319664+00', '14', '         .', 1, '[{"added": {}}]', 23, 1);
INSERT INTO public.django_admin_log VALUES (98, '2020-06-07 16:40:07.656325+00', '15', '            .', 1, '[{"added": {}}]', 23, 1);
INSERT INTO public.django_admin_log VALUES (99, '2020-06-07 16:42:01.502376+00', '7', '  ', 2, '[{"changed": {"fields": ["description"]}}]', 23, 1);
INSERT INTO public.django_admin_log VALUES (100, '2020-06-07 16:42:31.992976+00', '12', '   ', 2, '[{"changed": {"fields": ["description"]}}]', 23, 1);
INSERT INTO public.django_admin_log VALUES (101, '2020-06-07 16:42:35.605216+00', '10', '  ', 2, '[{"changed": {"fields": ["description"]}}]', 23, 1);
INSERT INTO public.django_admin_log VALUES (102, '2020-06-07 16:42:39.26417+00', '13', '   ', 2, '[{"changed": {"fields": ["description"]}}]', 23, 1);
INSERT INTO public.django_admin_log VALUES (178, '2020-06-08 07:20:14.401189+00', '6', ' ', 1, '[{"added": {}}]', 7, 1);
INSERT INTO public.django_admin_log VALUES (103, '2020-06-07 16:42:43.582993+00', '11', '  ', 2, '[{"changed": {"fields": ["description"]}}]', 23, 1);
INSERT INTO public.django_admin_log VALUES (104, '2020-06-07 16:42:52.095969+00', '8', ' ', 2, '[{"changed": {"fields": ["description"]}}]', 23, 1);
INSERT INTO public.django_admin_log VALUES (105, '2020-06-07 16:42:56.683664+00', '14', '  ', 2, '[{"changed": {"fields": ["description"]}}]', 23, 1);
INSERT INTO public.django_admin_log VALUES (106, '2020-06-07 16:43:00.394569+00', '9', '  ', 2, '[{"changed": {"fields": ["description"]}}]', 23, 1);
INSERT INTO public.django_admin_log VALUES (107, '2020-06-07 16:43:03.724588+00', '15', '  ', 2, '[{"changed": {"fields": ["description"]}}]', 23, 1);
INSERT INTO public.django_admin_log VALUES (108, '2020-06-07 16:48:12.896036+00', '3', '  1', 1, '[{"added": {}}]', 15, 1);
INSERT INTO public.django_admin_log VALUES (109, '2020-06-07 16:48:46.180335+00', '4', '  2', 1, '[{"added": {}}]', 15, 1);
INSERT INTO public.django_admin_log VALUES (110, '2020-06-07 16:48:56.019192+00', '3', '  1', 2, '[{"changed": {"fields": ["min", "max"]}}]', 15, 1);
INSERT INTO public.django_admin_log VALUES (111, '2020-06-07 16:49:24.366153+00', '5', ' 1', 1, '[{"added": {}}]', 15, 1);
INSERT INTO public.django_admin_log VALUES (112, '2020-06-07 16:50:02.21292+00', '3', '  .    .  . ', 2, '[{"changed": {"fields": ["evaluation_tools"]}}]', 14, 1);
INSERT INTO public.django_admin_log VALUES (113, '2020-06-07 16:50:08.628494+00', '4', '  ', 2, '[{"changed": {"fields": ["evaluation_tools"]}}]', 14, 1);
INSERT INTO public.django_admin_log VALUES (117, '2020-06-07 16:51:14.292834+00', '5', ' ', 2, '[{"changed": {"fields": ["bibliographic_reference"]}}]', 22, 1);
INSERT INTO public.django_admin_log VALUES (118, '2020-06-07 20:59:53.654033+00', '12', '       ', 2, '[{"changed": {"fields": ["description"]}}]', 23, 1);
INSERT INTO public.django_admin_log VALUES (119, '2020-06-07 21:00:20.513063+00', '12', '                    ', 2, '[{"changed": {"fields": ["description"]}}]', 23, 1);
INSERT INTO public.django_admin_log VALUES (120, '2020-06-07 21:58:13.115276+00', '52', 'OnlineCourse object (52)', 3, '', 28, 1);
INSERT INTO public.django_admin_log VALUES (121, '2020-06-07 21:58:13.120735+00', '51', 'OnlineCourse object (51)', 3, '', 28, 1);
INSERT INTO public.django_admin_log VALUES (122, '2020-06-07 21:58:13.124974+00', '50', 'OnlineCourse object (50)', 3, '', 28, 1);
INSERT INTO public.django_admin_log VALUES (123, '2020-06-07 21:58:13.127831+00', '49', 'OnlineCourse object (49)', 3, '', 28, 1);
INSERT INTO public.django_admin_log VALUES (124, '2020-06-07 21:58:13.130483+00', '48', 'OnlineCourse object (48)', 3, '', 28, 1);
INSERT INTO public.django_admin_log VALUES (125, '2020-06-07 21:58:13.133212+00', '47', 'OnlineCourse object (47)', 3, '', 28, 1);
INSERT INTO public.django_admin_log VALUES (126, '2020-06-07 21:58:13.136315+00', '46', 'OnlineCourse object (46)', 3, '', 28, 1);
INSERT INTO public.django_admin_log VALUES (127, '2020-06-07 21:58:13.13943+00', '45', 'OnlineCourse object (45)', 3, '', 28, 1);
INSERT INTO public.django_admin_log VALUES (128, '2020-06-07 21:58:13.142329+00', '44', 'OnlineCourse object (44)', 3, '', 28, 1);
INSERT INTO public.django_admin_log VALUES (129, '2020-06-07 21:58:13.146254+00', '43', 'OnlineCourse object (43)', 3, '', 28, 1);
INSERT INTO public.django_admin_log VALUES (130, '2020-06-07 21:58:13.150347+00', '42', 'OnlineCourse object (42)', 3, '', 28, 1);
INSERT INTO public.django_admin_log VALUES (131, '2020-06-07 21:58:13.153692+00', '41', 'OnlineCourse object (41)', 3, '', 28, 1);
INSERT INTO public.django_admin_log VALUES (132, '2020-06-07 21:58:13.156678+00', '40', 'OnlineCourse object (40)', 3, '', 28, 1);
INSERT INTO public.django_admin_log VALUES (133, '2020-06-07 21:58:13.162031+00', '39', 'OnlineCourse object (39)', 3, '', 28, 1);
INSERT INTO public.django_admin_log VALUES (134, '2020-06-07 21:58:13.167785+00', '38', 'OnlineCourse object (38)', 3, '', 28, 1);
INSERT INTO public.django_admin_log VALUES (135, '2020-06-07 21:58:13.170976+00', '37', 'OnlineCourse object (37)', 3, '', 28, 1);
INSERT INTO public.django_admin_log VALUES (136, '2020-06-07 21:58:13.174049+00', '36', 'OnlineCourse object (36)', 3, '', 28, 1);
INSERT INTO public.django_admin_log VALUES (137, '2020-06-07 21:58:13.177631+00', '35', 'OnlineCourse object (35)', 3, '', 28, 1);
INSERT INTO public.django_admin_log VALUES (138, '2020-06-07 21:58:13.18049+00', '34', 'OnlineCourse object (34)', 3, '', 28, 1);
INSERT INTO public.django_admin_log VALUES (139, '2020-06-07 21:58:13.183444+00', '33', 'OnlineCourse object (33)', 3, '', 28, 1);
INSERT INTO public.django_admin_log VALUES (140, '2020-06-07 21:58:13.186787+00', '32', 'OnlineCourse object (32)', 3, '', 28, 1);
INSERT INTO public.django_admin_log VALUES (141, '2020-06-07 21:58:13.189631+00', '31', 'OnlineCourse object (31)', 3, '', 28, 1);
INSERT INTO public.django_admin_log VALUES (142, '2020-06-07 21:58:13.19258+00', '29', 'OnlineCourse object (29)', 3, '', 28, 1);
INSERT INTO public.django_admin_log VALUES (143, '2020-06-07 21:58:13.195363+00', '27', 'OnlineCourse object (27)', 3, '', 28, 1);
INSERT INTO public.django_admin_log VALUES (144, '2020-06-07 21:58:13.198236+00', '26', 'OnlineCourse object (26)', 3, '', 28, 1);
INSERT INTO public.django_admin_log VALUES (145, '2020-06-07 21:58:13.201161+00', '25', 'OnlineCourse object (25)', 3, '', 28, 1);
INSERT INTO public.django_admin_log VALUES (146, '2020-06-07 21:58:13.204251+00', '24', 'OnlineCourse object (24)', 3, '', 28, 1);
INSERT INTO public.django_admin_log VALUES (147, '2020-06-07 21:58:13.207236+00', '18', 'OnlineCourse object (18)', 3, '', 28, 1);
INSERT INTO public.django_admin_log VALUES (148, '2020-06-07 21:58:13.210432+00', '16', 'OnlineCourse object (16)', 3, '', 28, 1);
INSERT INTO public.django_admin_log VALUES (149, '2020-06-07 21:58:13.213272+00', '14', 'OnlineCourse object (14)', 3, '', 28, 1);
INSERT INTO public.django_admin_log VALUES (150, '2020-06-07 21:58:13.21666+00', '10', 'OnlineCourse object (10)', 3, '', 28, 1);
INSERT INTO public.django_admin_log VALUES (151, '2020-06-07 21:58:13.219689+00', '7', 'OnlineCourse object (7)', 3, '', 28, 1);
INSERT INTO public.django_admin_log VALUES (152, '2020-06-07 21:58:13.223082+00', '5', 'OnlineCourse object (5)', 3, '', 28, 1);
INSERT INTO public.django_admin_log VALUES (153, '2020-06-07 21:58:13.225664+00', '3', 'OnlineCourse object (3)', 3, '', 28, 1);
INSERT INTO public.django_admin_log VALUES (154, '2020-06-07 22:02:58.943612+00', '1', 'OnlineCourse object (1)', 3, '', 28, 1);
INSERT INTO public.django_admin_log VALUES (155, '2020-06-07 23:10:16.388221+00', '1', 'OnlineCourse object (1)', 2, '[{"changed": {"fields": ["title", "description"]}}]', 28, 1);
INSERT INTO public.django_admin_log VALUES (156, '2020-06-07 23:10:32.812278+00', '2', 'OnlineCourse object (2)', 2, '[{"changed": {"fields": ["title", "description"]}}]', 28, 1);
INSERT INTO public.django_admin_log VALUES (157, '2020-06-07 23:10:44.147115+00', '3', 'OnlineCourse object (3)', 2, '[{"changed": {"fields": ["title", "description"]}}]', 28, 1);
INSERT INTO public.django_admin_log VALUES (158, '2020-06-07 23:12:09.706434+00', '4', 'OnlineCourse object (4)', 2, '[{"changed": {"fields": ["title", "description"]}}]', 28, 1);
INSERT INTO public.django_admin_log VALUES (159, '2020-06-07 23:12:24.915482+00', '5', 'OnlineCourse object (5)', 2, '[{"changed": {"fields": ["title", "description"]}}]', 28, 1);
INSERT INTO public.django_admin_log VALUES (160, '2020-06-07 23:12:49.193436+00', '7', 'OnlineCourse object (7)', 2, '[{"changed": {"fields": ["title", "description"]}}]', 28, 1);
INSERT INTO public.django_admin_log VALUES (161, '2020-06-07 23:13:06.714913+00', '8', 'OnlineCourse object (8)', 2, '[{"changed": {"fields": ["title", "description"]}}]', 28, 1);
INSERT INTO public.django_admin_log VALUES (164, '2020-06-08 07:17:21.904001+00', '11', 'PrerequisitesOfWorkProgram object (11)', 3, '', 20, 1);
INSERT INTO public.django_admin_log VALUES (165, '2020-06-08 07:17:21.91383+00', '10', 'PrerequisitesOfWorkProgram object (10)', 3, '', 20, 1);
INSERT INTO public.django_admin_log VALUES (166, '2020-06-08 07:17:21.92255+00', '9', 'PrerequisitesOfWorkProgram object (9)', 3, '', 20, 1);
INSERT INTO public.django_admin_log VALUES (167, '2020-06-08 07:17:21.927132+00', '8', 'PrerequisitesOfWorkProgram object (8)', 3, '', 20, 1);
INSERT INTO public.django_admin_log VALUES (168, '2020-06-08 07:17:21.934913+00', '7', 'PrerequisitesOfWorkProgram object (7)', 3, '', 20, 1);
INSERT INTO public.django_admin_log VALUES (169, '2020-06-08 07:17:21.942752+00', '6', 'PrerequisitesOfWorkProgram object (6)', 3, '', 20, 1);
INSERT INTO public.django_admin_log VALUES (170, '2020-06-08 07:17:21.947853+00', '5', 'PrerequisitesOfWorkProgram object (5)', 3, '', 20, 1);
INSERT INTO public.django_admin_log VALUES (171, '2020-06-08 07:17:21.951714+00', '4', 'PrerequisitesOfWorkProgram object (4)', 3, '', 20, 1);
INSERT INTO public.django_admin_log VALUES (172, '2020-06-08 07:19:45.504802+00', '96', ' 4', 3, '', 8, 1);
INSERT INTO public.django_admin_log VALUES (173, '2020-06-08 07:19:45.513011+00', '95', ' 2', 3, '', 8, 1);
INSERT INTO public.django_admin_log VALUES (174, '2020-06-08 07:19:45.516339+00', '94', '', 3, '', 8, 1);
INSERT INTO public.django_admin_log VALUES (175, '2020-06-08 07:19:45.519584+00', '92', ' 2', 3, '', 8, 1);
INSERT INTO public.django_admin_log VALUES (176, '2020-06-08 07:19:45.522354+00', '91', ' 1', 3, '', 8, 1);
INSERT INTO public.django_admin_log VALUES (177, '2020-06-08 07:19:45.525397+00', '90', '  ', 3, '', 8, 1);
INSERT INTO public.django_admin_log VALUES (179, '2020-06-08 07:21:06.818741+00', '6', ' ', 3, '', 7, 1);
INSERT INTO public.django_admin_log VALUES (180, '2020-06-08 07:21:06.823564+00', '4', ' ', 3, '', 7, 1);
INSERT INTO public.django_admin_log VALUES (181, '2020-06-08 07:21:06.826443+00', '3', '', 3, '', 7, 1);
INSERT INTO public.django_admin_log VALUES (182, '2020-06-08 07:21:06.829229+00', '2', '', 3, '', 7, 1);
INSERT INTO public.django_admin_log VALUES (183, '2020-06-08 07:21:13.705126+00', '7', ' ', 1, '[{"added": {}}]', 7, 1);
INSERT INTO public.django_admin_log VALUES (184, '2020-06-08 07:23:09.216131+00', '7', ' ', 3, '', 7, 1);
INSERT INTO public.django_admin_log VALUES (185, '2020-06-08 07:33:06.996789+00', '8', ' ', 1, '[{"added": {}}]', 7, 1);
INSERT INTO public.django_admin_log VALUES (186, '2020-06-08 07:35:57.36198+00', '12', 'PrerequisitesOfWorkProgram object (12)', 1, '[{"added": {}}]', 20, 1);
INSERT INTO public.django_admin_log VALUES (187, '2020-06-08 07:36:03.279991+00', '13', 'PrerequisitesOfWorkProgram object (13)', 1, '[{"added": {}}]', 20, 1);
INSERT INTO public.django_admin_log VALUES (188, '2020-06-08 07:36:12.593749+00', '14', 'PrerequisitesOfWorkProgram object (14)', 1, '[{"added": {}}]', 20, 1);
INSERT INTO public.django_admin_log VALUES (189, '2020-06-08 07:36:20.319464+00', '15', 'PrerequisitesOfWorkProgram object (15)', 1, '[{"added": {}}]', 20, 1);
INSERT INTO public.django_admin_log VALUES (190, '2020-06-08 07:36:27.197415+00', '16', 'PrerequisitesOfWorkProgram object (16)', 1, '[{"added": {}}]', 20, 1);
INSERT INTO public.django_admin_log VALUES (191, '2020-06-08 07:36:36.200299+00', '17', 'PrerequisitesOfWorkProgram object (17)', 1, '[{"added": {}}]', 20, 1);
INSERT INTO public.django_admin_log VALUES (192, '2020-06-08 07:50:08.438526+00', '4', '  2', 2, '[{"changed": {"fields": ["description"]}}]', 15, 1);
INSERT INTO public.django_admin_log VALUES (193, '2020-06-08 22:33:41.339448+00', '7', '   ', 1, '[{"added": {}}]', 14, 1);
INSERT INTO public.django_admin_log VALUES (194, '2020-06-12 16:39:06.526386+00', '5', '', 1, '[{"added": {}}]', 32, 1);
INSERT INTO public.django_admin_log VALUES (195, '2020-06-12 16:39:15.055905+00', '5', '  ', 2, '[{"changed": {"fields": ["educational_profile"]}}]', 32, 1);
INSERT INTO public.django_admin_log VALUES (196, '2020-06-14 18:43:06.603629+00', '31', '  ', 1, '[{"added": {}}]', 30, 1);
INSERT INTO public.django_admin_log VALUES (197, '2020-06-15 19:46:06.958757+00', '42', '  ', 3, '', 30, 1);
INSERT INTO public.django_admin_log VALUES (198, '2020-06-15 19:46:07.060038+00', '41', '  ', 3, '', 30, 1);
INSERT INTO public.django_admin_log VALUES (199, '2020-06-15 19:46:07.093857+00', '40', '  ', 3, '', 30, 1);
INSERT INTO public.django_admin_log VALUES (200, '2020-06-15 19:46:07.126731+00', '39', '  ', 3, '', 30, 1);
INSERT INTO public.django_admin_log VALUES (201, '2020-06-15 19:46:07.160526+00', '38', '  ', 3, '', 30, 1);
INSERT INTO public.django_admin_log VALUES (202, '2020-06-15 19:46:07.193938+00', '37', '  ', 3, '', 30, 1);
INSERT INTO public.django_admin_log VALUES (203, '2020-06-15 19:46:07.2277+00', '36', '  ', 3, '', 30, 1);
INSERT INTO public.django_admin_log VALUES (204, '2020-06-15 19:46:07.260574+00', '35', '  ', 3, '', 30, 1);
INSERT INTO public.django_admin_log VALUES (205, '2020-06-15 19:46:07.29387+00', '34', '  ', 3, '', 30, 1);
INSERT INTO public.django_admin_log VALUES (206, '2020-06-15 19:46:07.326839+00', '33', '  ', 3, '', 30, 1);
INSERT INTO public.django_admin_log VALUES (207, '2020-06-15 19:46:07.360664+00', '32', '  ', 3, '', 30, 1);
INSERT INTO public.django_admin_log VALUES (208, '2020-06-15 19:46:07.393829+00', '31', '  ', 3, '', 30, 1);
INSERT INTO public.django_admin_log VALUES (209, '2020-06-15 19:46:07.427555+00', '29', '  ', 3, '', 30, 1);
INSERT INTO public.django_admin_log VALUES (210, '2020-06-15 19:46:07.460615+00', '28', '  ', 3, '', 30, 1);
INSERT INTO public.django_admin_log VALUES (211, '2020-06-15 19:46:07.493949+00', '27', '  ', 3, '', 30, 1);
INSERT INTO public.django_admin_log VALUES (212, '2020-06-15 19:46:07.529024+00', '26', '  ', 3, '', 30, 1);
INSERT INTO public.django_admin_log VALUES (213, '2020-06-15 19:46:07.560539+00', '25', '  ', 3, '', 30, 1);
INSERT INTO public.django_admin_log VALUES (214, '2020-06-15 19:46:07.593544+00', '24', '  ', 3, '', 30, 1);
INSERT INTO public.django_admin_log VALUES (215, '2020-06-15 19:46:07.62726+00', '23', '  ', 3, '', 30, 1);
INSERT INTO public.django_admin_log VALUES (216, '2020-06-15 19:46:07.66157+00', '22', '  ', 3, '', 30, 1);
INSERT INTO public.django_admin_log VALUES (217, '2020-06-15 19:46:07.694559+00', '21', '  ', 3, '', 30, 1);
INSERT INTO public.django_admin_log VALUES (218, '2020-06-15 19:46:07.727219+00', '20', '  ', 3, '', 30, 1);
INSERT INTO public.django_admin_log VALUES (219, '2020-06-15 19:46:07.810654+00', '19', '  ', 3, '', 30, 1);
INSERT INTO public.django_admin_log VALUES (220, '2020-06-15 19:46:07.844761+00', '18', '  ', 3, '', 30, 1);
INSERT INTO public.django_admin_log VALUES (221, '2020-06-15 19:46:07.877537+00', '17', '  ', 3, '', 30, 1);
INSERT INTO public.django_admin_log VALUES (222, '2020-06-15 19:46:07.91034+00', '16', '  ', 3, '', 30, 1);
INSERT INTO public.django_admin_log VALUES (223, '2020-06-15 19:46:07.94395+00', '15', '  ', 3, '', 30, 1);
INSERT INTO public.django_admin_log VALUES (224, '2020-06-15 19:46:07.976902+00', '14', '  ', 3, '', 30, 1);
INSERT INTO public.django_admin_log VALUES (225, '2020-06-15 19:46:08.010684+00', '13', '  ', 3, '', 30, 1);
INSERT INTO public.django_admin_log VALUES (226, '2020-06-15 19:46:08.043686+00', '12', '  ', 3, '', 30, 1);
INSERT INTO public.django_admin_log VALUES (227, '2020-06-15 19:46:08.077211+00', '11', '  ', 3, '', 30, 1);
INSERT INTO public.django_admin_log VALUES (228, '2020-06-15 19:46:08.110345+00', '10', '  ', 3, '', 30, 1);
INSERT INTO public.django_admin_log VALUES (229, '2020-06-15 19:46:08.144032+00', '9', '  ', 3, '', 30, 1);
INSERT INTO public.django_admin_log VALUES (230, '2020-06-15 19:46:08.176942+00', '8', '  ', 3, '', 30, 1);
INSERT INTO public.django_admin_log VALUES (231, '2020-06-15 19:46:08.210692+00', '7', '  ', 3, '', 30, 1);
INSERT INTO public.django_admin_log VALUES (232, '2020-06-15 19:46:08.243624+00', '6', '  ', 3, '', 30, 1);
INSERT INTO public.django_admin_log VALUES (233, '2020-06-15 19:46:08.280378+00', '5', '  ', 3, '', 30, 1);
INSERT INTO public.django_admin_log VALUES (234, '2020-06-15 19:46:08.310596+00', '4', '  ', 3, '', 30, 1);
INSERT INTO public.django_admin_log VALUES (235, '2020-06-15 19:46:08.34412+00', '3', '  ', 3, '', 30, 1);
INSERT INTO public.django_admin_log VALUES (236, '2020-06-15 19:46:08.376937+00', '2', '  ', 3, '', 30, 1);
INSERT INTO public.django_admin_log VALUES (237, '2020-06-15 19:46:08.410769+00', '1', '  ', 3, '', 30, 1);
INSERT INTO public.django_admin_log VALUES (238, '2020-06-16 14:30:20.336511+00', '15', ' 3sdfgfgsdworkprogramsapp.WorkProgram.None', 2, '[{"changed": {"fields": ["work_program"]}}]', 31, 1);
INSERT INTO public.django_admin_log VALUES (239, '2020-06-16 14:30:23.414321+00', '14', ' 2sdfgfgsdworkprogramsapp.WorkProgram.None', 2, '[{"changed": {"fields": ["work_program"]}}]', 31, 1);
INSERT INTO public.django_admin_log VALUES (240, '2020-06-16 15:12:43.374272+00', '9', ' 3Noneworkprogramsapp.WorkProgram.None', 3, '', 33, 1);
INSERT INTO public.django_admin_log VALUES (241, '2020-06-16 15:12:43.445208+00', '8', ' 2Noneworkprogramsapp.WorkProgram.None', 3, '', 33, 1);
INSERT INTO public.django_admin_log VALUES (242, '2020-06-16 15:12:43.478193+00', '7', ' 1Noneworkprogramsapp.WorkProgram.None', 3, '', 33, 1);
INSERT INTO public.django_admin_log VALUES (243, '2020-06-16 15:12:43.51961+00', '6', ' 3Noneworkprogramsapp.WorkProgram.None', 3, '', 33, 1);
INSERT INTO public.django_admin_log VALUES (244, '2020-06-16 15:12:43.553323+00', '5', ' 2Noneworkprogramsapp.WorkProgram.None', 3, '', 33, 1);
INSERT INTO public.django_admin_log VALUES (245, '2020-06-16 15:12:43.586352+00', '4', ' 1Noneworkprogramsapp.WorkProgram.None', 3, '', 33, 1);
INSERT INTO public.django_admin_log VALUES (246, '2020-06-16 15:12:43.653172+00', '3', ' 3Noneworkprogramsapp.WorkProgram.None', 3, '', 33, 1);
INSERT INTO public.django_admin_log VALUES (247, '2020-06-16 15:12:43.687031+00', '2', ' 2Noneworkprogramsapp.WorkProgram.None', 3, '', 33, 1);
INSERT INTO public.django_admin_log VALUES (248, '2020-06-16 15:12:43.719736+00', '1', ' 1Noneworkprogramsapp.WorkProgram.None', 3, '', 33, 1);
INSERT INTO public.django_admin_log VALUES (249, '2020-06-16 15:43:16.777487+00', '1', ' 2 1dfd11erefffrerworkprogramsapp.WorkProgram.None', 1, '[{"added": {}}]', 34, 1);
INSERT INTO public.django_admin_log VALUES (250, '2020-06-16 15:43:22.542816+00', '2', ' 3 1dfd11erefffrerworkprogramsapp.WorkProgram.None', 1, '[{"added": {}}]', 34, 1);
INSERT INTO public.django_admin_log VALUES (251, '2020-06-16 15:46:08.640965+00', '3', ' 1 1dfd11erefffrerworkprogramsapp.WorkProgram.None', 1, '[{"added": {}}]', 34, 1);
INSERT INTO public.django_admin_log VALUES (252, '2020-06-16 15:46:29.606157+00', '4', ' 1 1dfd11erefffrerworkprogramsapp.WorkProgram.None', 1, '[{"added": {}}]', 34, 1);
INSERT INTO public.django_admin_log VALUES (253, '2020-06-20 11:32:37.498348+00', '41', ' 1.  ()None', 1, '[{"added": {}}]', 31, 1);
INSERT INTO public.django_admin_log VALUES (254, '2020-06-20 11:32:55.487286+00', '24', ' ', 1, '[{"added": {}}]', 32, 1);
INSERT INTO public.django_admin_log VALUES (255, '2020-06-20 11:33:10.614355+00', '41', ' 1.  () ', 2, '[{"changed": {"fields": ["academic_plan"]}}]', 31, 1);
INSERT INTO public.django_admin_log VALUES (256, '2020-06-20 11:36:22.873599+00', '19', '  1.  () ', 1, '[{"added": {}}]', 33, 1);


--
-- Data for Name: django_content_type; Type: TABLE DATA; Schema: public; Owner: postgres
--

INSERT INTO public.django_content_type VALUES (1, 'admin', 'logentry');
INSERT INTO public.django_content_type VALUES (2, 'auth', 'permission');
INSERT INTO public.django_content_type VALUES (3, 'auth', 'group');
INSERT INTO public.django_content_type VALUES (4, 'contenttypes', 'contenttype');
INSERT INTO public.django_content_type VALUES (5, 'sessions', 'session');
INSERT INTO public.django_content_type VALUES (6, 'dataprocessing', 'user');
INSERT INTO public.django_content_type VALUES (7, 'dataprocessing', 'domain');
INSERT INTO public.django_content_type VALUES (8, 'dataprocessing', 'items');
INSERT INTO public.django_content_type VALUES (9, 'dataprocessing', 'relation');
INSERT INTO public.django_content_type VALUES (10, 'django_summernote', 'attachment');
INSERT INTO public.django_content_type VALUES (11, 'authtoken', 'token');
INSERT INTO public.django_content_type VALUES (12, 'corsheaders', 'corsmodel');
INSERT INTO public.django_content_type VALUES (13, 'workprogramsapp', 'competence');
INSERT INTO public.django_content_type VALUES (14, 'workprogramsapp', 'disciplinesection');
INSERT INTO public.django_content_type VALUES (15, 'workprogramsapp', 'evaluationtool');
INSERT INTO public.django_content_type VALUES (16, 'workprogramsapp', 'fieldofstudy');
INSERT INTO public.django_content_type VALUES (17, 'workprogramsapp', 'fieldofstudyworkprogram');
INSERT INTO public.django_content_type VALUES (18, 'workprogramsapp', 'indicator');
INSERT INTO public.django_content_type VALUES (19, 'workprogramsapp', 'outcomesofworkprogram');
INSERT INTO public.django_content_type VALUES (20, 'workprogramsapp', 'prerequisitesofworkprogram');
INSERT INTO public.django_content_type VALUES (21, 'workprogramsapp', 'route');
INSERT INTO public.django_content_type VALUES (22, 'workprogramsapp', 'workprogram');
INSERT INTO public.django_content_type VALUES (23, 'workprogramsapp', 'topic');
INSERT INTO public.django_content_type VALUES (24, 'workprogramsapp', 'routecomposition');
INSERT INTO public.django_content_type VALUES (25, 'workprogramsapp', 'indicatorworkprogram');
INSERT INTO public.django_content_type VALUES (26, 'workprogramsapp', 'certification');
INSERT INTO public.django_content_type VALUES (27, 'workprogramsapp', 'onlinecourse');
INSERT INTO public.django_content_type VALUES (28, 'workprogramsapp', 'bibliographicreference');
INSERT INTO public.django_content_type VALUES (30, 'workprogramsapp', 'implementationacademicplan');
INSERT INTO public.django_content_type VALUES (31, 'workprogramsapp', 'disciplineblock');
INSERT INTO public.django_content_type VALUES (32, 'workprogramsapp', 'academicplan');
INSERT INTO public.django_content_type VALUES (33, 'workprogramsapp', 'disciplineblockmodule');
INSERT INTO public.django_content_type VALUES (34, 'workprogramsapp', 'workprogramchangeindisciplineblockmodule');


--
-- Data for Name: django_migrations; Type: TABLE DATA; Schema: public; Owner: postgres
--

INSERT INTO public.django_migrations VALUES (1, 'contenttypes', '0001_initial', '2020-06-08 21:36:56.567393+00');
INSERT INTO public.django_migrations VALUES (2, 'contenttypes', '0002_remove_content_type_name', '2020-06-08 21:36:56.674519+00');
INSERT INTO public.django_migrations VALUES (3, 'auth', '0001_initial', '2020-06-08 21:36:57.297792+00');
INSERT INTO public.django_migrations VALUES (4, 'auth', '0002_alter_permission_name_max_length', '2020-06-08 21:36:58.064104+00');
INSERT INTO public.django_migrations VALUES (5, 'auth', '0003_alter_user_email_max_length', '2020-06-08 21:36:58.114396+00');
INSERT INTO public.django_migrations VALUES (6, 'auth', '0004_alter_user_username_opts', '2020-06-08 21:36:58.164912+00');
INSERT INTO public.django_migrations VALUES (7, 'auth', '0005_alter_user_last_login_null', '2020-06-08 21:36:58.214939+00');
INSERT INTO public.django_migrations VALUES (8, 'auth', '0006_require_contenttypes_0002', '2020-06-08 21:36:58.267825+00');
INSERT INTO public.django_migrations VALUES (9, 'auth', '0007_alter_validators_add_error_messages', '2020-06-08 21:36:58.314894+00');
INSERT INTO public.django_migrations VALUES (10, 'auth', '0008_alter_user_username_max_length', '2020-06-08 21:36:58.364505+00');
INSERT INTO public.django_migrations VALUES (11, 'auth', '0009_alter_user_last_name_max_length', '2020-06-08 21:36:58.415179+00');
INSERT INTO public.django_migrations VALUES (12, 'auth', '0010_alter_group_name_max_length', '2020-06-08 21:36:58.48975+00');
INSERT INTO public.django_migrations VALUES (13, 'auth', '0011_update_proxy_permissions', '2020-06-08 21:36:58.572685+00');
INSERT INTO public.django_migrations VALUES (14, 'dataprocessing', '0001_initial', '2020-06-08 21:36:59.986632+00');
INSERT INTO public.django_migrations VALUES (15, 'admin', '0001_initial', '2020-06-08 21:37:02.426613+00');
INSERT INTO public.django_migrations VALUES (16, 'admin', '0002_logentry_remove_auto_add', '2020-06-08 21:37:02.852386+00');
INSERT INTO public.django_migrations VALUES (17, 'admin', '0003_logentry_add_action_flag_choices', '2020-06-08 21:37:02.92785+00');
INSERT INTO public.django_migrations VALUES (18, 'authtoken', '0001_initial', '2020-06-08 21:37:03.376605+00');
INSERT INTO public.django_migrations VALUES (19, 'authtoken', '0002_auto_20160226_1747', '2020-06-08 21:37:03.711654+00');
INSERT INTO public.django_migrations VALUES (20, 'corsheaders', '0001_initial', '2020-06-08 21:37:03.943299+00');
INSERT INTO public.django_migrations VALUES (21, 'dataprocessing', '0002_auto_20200506_1602', '2020-06-08 21:37:04.041018+00');
INSERT INTO public.django_migrations VALUES (22, 'dataprocessing', '0003_auto_20200531_1106', '2020-06-08 21:37:04.170127+00');
INSERT INTO public.django_migrations VALUES (23, 'dataprocessing', '0004_auto_20200531_1722', '2020-06-08 21:37:04.246446+00');
INSERT INTO public.django_migrations VALUES (24, 'dataprocessing', '0005_auto_20200531_2024', '2020-06-08 21:37:04.354159+00');
INSERT INTO public.django_migrations VALUES (25, 'dataprocessing', '0006_auto_20200601_0107', '2020-06-08 21:37:04.615347+00');
INSERT INTO public.django_migrations VALUES (26, 'django_summernote', '0001_initial', '2020-06-08 21:37:04.784943+00');
INSERT INTO public.django_migrations VALUES (27, 'django_summernote', '0002_update-help_text', '2020-06-08 21:37:04.871412+00');
INSERT INTO public.django_migrations VALUES (28, 'sessions', '0001_initial', '2020-06-08 21:37:05.252155+00');
INSERT INTO public.django_migrations VALUES (29, 'workprogramsapp', '0001_initial', '2020-06-08 21:37:10.626685+00');
INSERT INTO public.django_migrations VALUES (30, 'workprogramsapp', '0002_auto_20200430_1008', '2020-06-08 21:37:16.438343+00');
INSERT INTO public.django_migrations VALUES (31, 'workprogramsapp', '0003_auto_20200430_2018', '2020-06-08 21:37:16.568756+00');
INSERT INTO public.django_migrations VALUES (32, 'workprogramsapp', '0004_auto_20200430_2110', '2020-06-08 21:37:16.856512+00');
INSERT INTO public.django_migrations VALUES (33, 'workprogramsapp', '0005_auto_20200503_2322', '2020-06-08 21:37:17.786112+00');
INSERT INTO public.django_migrations VALUES (34, 'workprogramsapp', '0006_auto_20200504_1021', '2020-06-08 21:37:18.548654+00');
INSERT INTO public.django_migrations VALUES (35, 'workprogramsapp', '0007_auto_20200504_1215', '2020-06-08 21:37:18.877544+00');
INSERT INTO public.django_migrations VALUES (36, 'workprogramsapp', '0008_workprogram_discipline_code', '2020-06-08 21:37:18.940284+00');
INSERT INTO public.django_migrations VALUES (37, 'workprogramsapp', '0009_auto_20200505_1521', '2020-06-08 21:37:19.449673+00');
INSERT INTO public.django_migrations VALUES (38, 'workprogramsapp', '0009_auto_20200505_1338', '2020-06-08 21:37:19.8151+00');
INSERT INTO public.django_migrations VALUES (39, 'workprogramsapp', '0010_merge_20200505_1731', '2020-06-08 21:37:20.028465+00');
INSERT INTO public.django_migrations VALUES (40, 'workprogramsapp', '0011_auto_20200506_1602', '2020-06-08 21:37:20.21182+00');
INSERT INTO public.django_migrations VALUES (41, 'workprogramsapp', '0012_auto_20200507_1621', '2020-06-08 21:37:20.505983+00');
INSERT INTO public.django_migrations VALUES (42, 'workprogramsapp', '0013_topic_url_online_course', '2020-06-08 21:37:20.640596+00');
INSERT INTO public.django_migrations VALUES (43, 'workprogramsapp', '0014_auto_20200507_1623', '2020-06-08 21:37:20.863129+00');
INSERT INTO public.django_migrations VALUES (44, 'workprogramsapp', '0015_auto_20200529_1306', '2020-06-08 21:37:20.922403+00');
INSERT INTO public.django_migrations VALUES (45, 'workprogramsapp', '0016_auto_20200529_1307', '2020-06-08 21:37:21.412786+00');
INSERT INTO public.django_migrations VALUES (46, 'workprogramsapp', '0017_auto_20200531_0913', '2020-06-08 21:37:21.461121+00');
INSERT INTO public.django_migrations VALUES (47, 'workprogramsapp', '0018_auto_20200601_1829', '2020-06-08 21:37:21.995394+00');
INSERT INTO public.django_migrations VALUES (48, 'workprogramsapp', '0019_workprogram_evaluation_tool', '2020-06-08 21:37:22.595415+00');
INSERT INTO public.django_migrations VALUES (49, 'workprogramsapp', '0020_remove_workprogram_evaluation_tool', '2020-06-08 21:37:23.137177+00');
INSERT INTO public.django_migrations VALUES (50, 'workprogramsapp', '0021_auto_20200605_1953', '2020-06-08 21:37:23.296672+00');
INSERT INTO public.django_migrations VALUES (51, 'workprogramsapp', '0022_auto_20200607_2204', '2020-06-08 21:37:23.347644+00');
INSERT INTO public.django_migrations VALUES (52, 'workprogramsapp', '0022_auto_20200607_2156', '2020-06-08 21:37:23.409026+00');
INSERT INTO public.django_migrations VALUES (53, 'workprogramsapp', '0023_merge_20200607_2327', '2020-06-08 21:37:23.520178+00');
INSERT INTO public.django_migrations VALUES (64, 'workprogramsapp', '0008_workprogram_discipline_code', '2020-05-04 13:58:28.947739+00');
INSERT INTO public.django_migrations VALUES (65, 'workprogramsapp', '0009_auto_20200505_1521', '2020-05-05 16:52:45.020459+00');
INSERT INTO public.django_migrations VALUES (66, 'workprogramsapp', '0009_auto_20200505_1338', '2020-05-05 17:48:06.092483+00');
INSERT INTO public.django_migrations VALUES (67, 'workprogramsapp', '0010_merge_20200505_1731', '2020-05-05 17:48:06.128229+00');
INSERT INTO public.django_migrations VALUES (68, 'dataprocessing', '0002_auto_20200506_1602', '2020-05-06 16:13:52.717717+00');
INSERT INTO public.django_migrations VALUES (69, 'workprogramsapp', '0011_auto_20200506_1602', '2020-05-06 16:15:13.505255+00');
INSERT INTO public.django_migrations VALUES (70, 'workprogramsapp', '0012_auto_20200507_1621', '2020-05-07 16:27:25.251578+00');
INSERT INTO public.django_migrations VALUES (71, 'workprogramsapp', '0013_topic_url_online_course', '2020-05-07 16:27:25.288927+00');
INSERT INTO public.django_migrations VALUES (72, 'workprogramsapp', '0014_auto_20200507_1623', '2020-05-07 16:27:25.328452+00');
INSERT INTO public.django_migrations VALUES (77, 'workprogramsapp', '0016_auto_20200529_1307', '2020-05-29 15:39:00.596017+00');
INSERT INTO public.django_migrations VALUES (78, 'workprogramsapp', '0017_auto_20200529_1537', '2020-05-29 15:39:00.616637+00');
INSERT INTO public.django_migrations VALUES (79, 'dataprocessing', '0003_auto_20200531_1106', '2020-06-01 20:40:42.511581+00');
INSERT INTO public.django_migrations VALUES (80, 'dataprocessing', '0004_auto_20200531_1722', '2020-06-01 20:40:42.545924+00');
INSERT INTO public.django_migrations VALUES (81, 'dataprocessing', '0005_auto_20200531_2024', '2020-06-01 20:40:42.617713+00');
INSERT INTO public.django_migrations VALUES (112, 'dataprocessing', '0006_auto_20200601_0107', '2020-06-01 20:41:53.553733+00');
INSERT INTO public.django_migrations VALUES (113, 'workprogramsapp', '0017_auto_20200531_0913', '2020-06-01 20:41:53.568632+00');
INSERT INTO public.django_migrations VALUES (114, 'workprogramsapp', '0018_auto_20200601_1829', '2020-06-01 20:41:53.632923+00');
INSERT INTO public.django_migrations VALUES (115, 'workprogramsapp', '0019_workprogram_evaluation_tool', '2020-06-03 19:46:44.480806+00');
INSERT INTO public.django_migrations VALUES (116, 'workprogramsapp', '0020_remove_workprogram_evaluation_tool', '2020-06-03 19:46:44.572882+00');
INSERT INTO public.django_migrations VALUES (117, 'workprogramsapp', '0021_auto_20200605_1953', '2020-06-07 12:25:36.013673+00');
INSERT INTO public.django_migrations VALUES (118, 'workprogramsapp', '0022_auto_20200607_2204', '2020-06-07 22:23:14.663352+00');
INSERT INTO public.django_migrations VALUES (119, 'workprogramsapp', '0022_auto_20200607_2156', '2020-06-08 08:03:34.613261+00');
INSERT INTO public.django_migrations VALUES (120, 'workprogramsapp', '0023_merge_20200607_2327', '2020-06-08 08:03:34.626576+00');
INSERT INTO public.django_migrations VALUES (121, 'workprogramsapp', '0024_outcomesofworkprogram_evaluation_tool', '2020-06-09 18:22:45.882251+00');
INSERT INTO public.django_migrations VALUES (122, 'workprogramsapp', '0025_fieldofstudy_faculty', '2020-06-10 15:35:05.018047+00');
INSERT INTO public.django_migrations VALUES (123, 'workprogramsapp', '0026_auto_20200612_1629', '2020-06-12 16:29:22.803858+00');
INSERT INTO public.django_migrations VALUES (124, 'workprogramsapp', '0027_auto_20200612_1859', '2020-06-12 18:59:29.54333+00');
INSERT INTO public.django_migrations VALUES (125, 'workprogramsapp', '0028_auto_20200614_1837', '2020-06-14 18:37:37.394412+00');
INSERT INTO public.django_migrations VALUES (126, 'workprogramsapp', '0029_auto_20200614_1954', '2020-06-14 19:54:40.695412+00');
INSERT INTO public.django_migrations VALUES (127, 'workprogramsapp', '0030_auto_20200615_1953', '2020-06-15 19:53:12.988774+00');
INSERT INTO public.django_migrations VALUES (128, 'workprogramsapp', '0031_auto_20200616_1455', '2020-06-16 14:55:41.928577+00');
INSERT INTO public.django_migrations VALUES (129, 'workprogramsapp', '0032_auto_20200616_1528', '2020-06-16 15:28:35.025527+00');
INSERT INTO public.django_migrations VALUES (162, 'workprogramsapp', '0033_auto_20200616_1720', '2020-06-16 17:21:00.051411+00');
INSERT INTO public.django_migrations VALUES (163, 'workprogramsapp', '0034_auto_20200619_0859', '2020-06-19 08:59:39.276407+00');
INSERT INTO public.django_migrations VALUES (164, 'workprogramsapp', '0035_auto_20200625_1230', '2020-06-25 12:30:32.235297+00');
INSERT INTO public.django_migrations VALUES (165, 'workprogramsapp', '0036_workprogramchangeindisciplineblockmodule_code', '2020-06-25 12:38:19.298329+00');


--
-- Data for Name: django_session; Type: TABLE DATA; Schema: public; Owner: postgres
--

INSERT INTO public.django_session VALUES ('50rptf6zkhzunj15mlkgoldyad7wrzuq', 'NTc0MmQ3MjgyYzgxODBmZmRmY2NiNDY1NjA4N2QxNGM5NDhkODk0NTp7Il9hdXRoX3VzZXJfaWQiOiIxIiwiX2F1dGhfdXNlcl9iYWNrZW5kIjoiZGphbmdvLmNvbnRyaWIuYXV0aC5iYWNrZW5kcy5Nb2RlbEJhY2tlbmQiLCJfYXV0aF91c2VyX2hhc2giOiJkMjExZjJhMGMyNmViZmI0MDg4YzM3YzM3MjBlODFmZDI4YTU1OGY3In0=', '2020-05-09 20:22:16.663152+00');
INSERT INTO public.django_session VALUES ('cl73msh4cdos9mkeutqn1qucpreogo9v', 'NTc0MmQ3MjgyYzgxODBmZmRmY2NiNDY1NjA4N2QxNGM5NDhkODk0NTp7Il9hdXRoX3VzZXJfaWQiOiIxIiwiX2F1dGhfdXNlcl9iYWNrZW5kIjoiZGphbmdvLmNvbnRyaWIuYXV0aC5iYWNrZW5kcy5Nb2RlbEJhY2tlbmQiLCJfYXV0aF91c2VyX2hhc2giOiJkMjExZjJhMGMyNmViZmI0MDg4YzM3YzM3MjBlODFmZDI4YTU1OGY3In0=', '2020-05-11 15:21:32.221268+00');
INSERT INTO public.django_session VALUES ('wfqewmoostqujm1muirsd45qrie5iud0', 'NTc0MmQ3MjgyYzgxODBmZmRmY2NiNDY1NjA4N2QxNGM5NDhkODk0NTp7Il9hdXRoX3VzZXJfaWQiOiIxIiwiX2F1dGhfdXNlcl9iYWNrZW5kIjoiZGphbmdvLmNvbnRyaWIuYXV0aC5iYWNrZW5kcy5Nb2RlbEJhY2tlbmQiLCJfYXV0aF91c2VyX2hhc2giOiJkMjExZjJhMGMyNmViZmI0MDg4YzM3YzM3MjBlODFmZDI4YTU1OGY3In0=', '2020-05-12 11:36:12.692896+00');
INSERT INTO public.django_session VALUES ('0x5jx8vzuwsma5mudqqzxavfgglm5jwk', 'NTc0MmQ3MjgyYzgxODBmZmRmY2NiNDY1NjA4N2QxNGM5NDhkODk0NTp7Il9hdXRoX3VzZXJfaWQiOiIxIiwiX2F1dGhfdXNlcl9iYWNrZW5kIjoiZGphbmdvLmNvbnRyaWIuYXV0aC5iYWNrZW5kcy5Nb2RlbEJhY2tlbmQiLCJfYXV0aF91c2VyX2hhc2giOiJkMjExZjJhMGMyNmViZmI0MDg4YzM3YzM3MjBlODFmZDI4YTU1OGY3In0=', '2020-05-14 10:22:56.081435+00');
INSERT INTO public.django_session VALUES ('44q1l1zew42k54drwij4habyb8us99mi', 'NTc0MmQ3MjgyYzgxODBmZmRmY2NiNDY1NjA4N2QxNGM5NDhkODk0NTp7Il9hdXRoX3VzZXJfaWQiOiIxIiwiX2F1dGhfdXNlcl9iYWNrZW5kIjoiZGphbmdvLmNvbnRyaWIuYXV0aC5iYWNrZW5kcy5Nb2RlbEJhY2tlbmQiLCJfYXV0aF91c2VyX2hhc2giOiJkMjExZjJhMGMyNmViZmI0MDg4YzM3YzM3MjBlODFmZDI4YTU1OGY3In0=', '2020-05-14 10:25:03.086392+00');
INSERT INTO public.django_session VALUES ('p086mj3s9xfl0emcbksgrmp2gwfd36yv', 'NTc0MmQ3MjgyYzgxODBmZmRmY2NiNDY1NjA4N2QxNGM5NDhkODk0NTp7Il9hdXRoX3VzZXJfaWQiOiIxIiwiX2F1dGhfdXNlcl9iYWNrZW5kIjoiZGphbmdvLmNvbnRyaWIuYXV0aC5iYWNrZW5kcy5Nb2RlbEJhY2tlbmQiLCJfYXV0aF91c2VyX2hhc2giOiJkMjExZjJhMGMyNmViZmI0MDg4YzM3YzM3MjBlODFmZDI4YTU1OGY3In0=', '2020-05-14 10:25:03.228942+00');
INSERT INTO public.django_session VALUES ('6zinu0k9x0qzvirtasdx2trtqmr3orxf', 'NTc0MmQ3MjgyYzgxODBmZmRmY2NiNDY1NjA4N2QxNGM5NDhkODk0NTp7Il9hdXRoX3VzZXJfaWQiOiIxIiwiX2F1dGhfdXNlcl9iYWNrZW5kIjoiZGphbmdvLmNvbnRyaWIuYXV0aC5iYWNrZW5kcy5Nb2RlbEJhY2tlbmQiLCJfYXV0aF91c2VyX2hhc2giOiJkMjExZjJhMGMyNmViZmI0MDg4YzM3YzM3MjBlODFmZDI4YTU1OGY3In0=', '2020-05-18 11:29:03.638988+00');
INSERT INTO public.django_session VALUES ('fwt3kzrodzmbgdtdzfpt1xg6birx5fid', 'NTc0MmQ3MjgyYzgxODBmZmRmY2NiNDY1NjA4N2QxNGM5NDhkODk0NTp7Il9hdXRoX3VzZXJfaWQiOiIxIiwiX2F1dGhfdXNlcl9iYWNrZW5kIjoiZGphbmdvLmNvbnRyaWIuYXV0aC5iYWNrZW5kcy5Nb2RlbEJhY2tlbmQiLCJfYXV0aF91c2VyX2hhc2giOiJkMjExZjJhMGMyNmViZmI0MDg4YzM3YzM3MjBlODFmZDI4YTU1OGY3In0=', '2020-05-18 14:45:24.986658+00');
INSERT INTO public.django_session VALUES ('86wkvxgqux7h1lf6b2jzevnlu08lx62c', 'NTc0MmQ3MjgyYzgxODBmZmRmY2NiNDY1NjA4N2QxNGM5NDhkODk0NTp7Il9hdXRoX3VzZXJfaWQiOiIxIiwiX2F1dGhfdXNlcl9iYWNrZW5kIjoiZGphbmdvLmNvbnRyaWIuYXV0aC5iYWNrZW5kcy5Nb2RlbEJhY2tlbmQiLCJfYXV0aF91c2VyX2hhc2giOiJkMjExZjJhMGMyNmViZmI0MDg4YzM3YzM3MjBlODFmZDI4YTU1OGY3In0=', '2020-05-18 15:07:56.519415+00');
INSERT INTO public.django_session VALUES ('zlkv5pyrugs4zyuyecv48vb6iiaj5yl3', 'NTc0MmQ3MjgyYzgxODBmZmRmY2NiNDY1NjA4N2QxNGM5NDhkODk0NTp7Il9hdXRoX3VzZXJfaWQiOiIxIiwiX2F1dGhfdXNlcl9iYWNrZW5kIjoiZGphbmdvLmNvbnRyaWIuYXV0aC5iYWNrZW5kcy5Nb2RlbEJhY2tlbmQiLCJfYXV0aF91c2VyX2hhc2giOiJkMjExZjJhMGMyNmViZmI0MDg4YzM3YzM3MjBlODFmZDI4YTU1OGY3In0=', '2020-05-18 19:16:25.535052+00');
INSERT INTO public.django_session VALUES ('ns48w4op7mwbg0ohxih2x9a8otkw3bj5', 'NTc0MmQ3MjgyYzgxODBmZmRmY2NiNDY1NjA4N2QxNGM5NDhkODk0NTp7Il9hdXRoX3VzZXJfaWQiOiIxIiwiX2F1dGhfdXNlcl9iYWNrZW5kIjoiZGphbmdvLmNvbnRyaWIuYXV0aC5iYWNrZW5kcy5Nb2RlbEJhY2tlbmQiLCJfYXV0aF91c2VyX2hhc2giOiJkMjExZjJhMGMyNmViZmI0MDg4YzM3YzM3MjBlODFmZDI4YTU1OGY3In0=', '2020-05-19 14:45:05.869828+00');
INSERT INTO public.django_session VALUES ('vpkyqy2r7tybgma0gmxiuaiaaxtq8thp', 'NTc0MmQ3MjgyYzgxODBmZmRmY2NiNDY1NjA4N2QxNGM5NDhkODk0NTp7Il9hdXRoX3VzZXJfaWQiOiIxIiwiX2F1dGhfdXNlcl9iYWNrZW5kIjoiZGphbmdvLmNvbnRyaWIuYXV0aC5iYWNrZW5kcy5Nb2RlbEJhY2tlbmQiLCJfYXV0aF91c2VyX2hhc2giOiJkMjExZjJhMGMyNmViZmI0MDg4YzM3YzM3MjBlODFmZDI4YTU1OGY3In0=', '2020-05-19 16:53:08.282903+00');
INSERT INTO public.django_session VALUES ('xbqq02jn4fj9jsjz6i6oa0y5f8psjplm', 'NTc0MmQ3MjgyYzgxODBmZmRmY2NiNDY1NjA4N2QxNGM5NDhkODk0NTp7Il9hdXRoX3VzZXJfaWQiOiIxIiwiX2F1dGhfdXNlcl9iYWNrZW5kIjoiZGphbmdvLmNvbnRyaWIuYXV0aC5iYWNrZW5kcy5Nb2RlbEJhY2tlbmQiLCJfYXV0aF91c2VyX2hhc2giOiJkMjExZjJhMGMyNmViZmI0MDg4YzM3YzM3MjBlODFmZDI4YTU1OGY3In0=', '2020-05-20 14:50:53.384321+00');
INSERT INTO public.django_session VALUES ('fzzcwtguyduo5ygvja1culur47zqycla', 'NTc0MmQ3MjgyYzgxODBmZmRmY2NiNDY1NjA4N2QxNGM5NDhkODk0NTp7Il9hdXRoX3VzZXJfaWQiOiIxIiwiX2F1dGhfdXNlcl9iYWNrZW5kIjoiZGphbmdvLmNvbnRyaWIuYXV0aC5iYWNrZW5kcy5Nb2RlbEJhY2tlbmQiLCJfYXV0aF91c2VyX2hhc2giOiJkMjExZjJhMGMyNmViZmI0MDg4YzM3YzM3MjBlODFmZDI4YTU1OGY3In0=', '2020-05-21 14:26:37.910885+00');
INSERT INTO public.django_session VALUES ('8ejeb74mrjlyeevma2b47kkvy7b9p132', 'NTc0MmQ3MjgyYzgxODBmZmRmY2NiNDY1NjA4N2QxNGM5NDhkODk0NTp7Il9hdXRoX3VzZXJfaWQiOiIxIiwiX2F1dGhfdXNlcl9iYWNrZW5kIjoiZGphbmdvLmNvbnRyaWIuYXV0aC5iYWNrZW5kcy5Nb2RlbEJhY2tlbmQiLCJfYXV0aF91c2VyX2hhc2giOiJkMjExZjJhMGMyNmViZmI0MDg4YzM3YzM3MjBlODFmZDI4YTU1OGY3In0=', '2020-05-29 22:51:18.996289+00');
INSERT INTO public.django_session VALUES ('ap8qnjzwg5ls474huz6atmfd57sdk10t', 'NTc0MmQ3MjgyYzgxODBmZmRmY2NiNDY1NjA4N2QxNGM5NDhkODk0NTp7Il9hdXRoX3VzZXJfaWQiOiIxIiwiX2F1dGhfdXNlcl9iYWNrZW5kIjoiZGphbmdvLmNvbnRyaWIuYXV0aC5iYWNrZW5kcy5Nb2RlbEJhY2tlbmQiLCJfYXV0aF91c2VyX2hhc2giOiJkMjExZjJhMGMyNmViZmI0MDg4YzM3YzM3MjBlODFmZDI4YTU1OGY3In0=', '2020-06-05 17:21:29.688889+00');
INSERT INTO public.django_session VALUES ('h6u8ngswsm46fpr1bdc12ss7w1ct3596', 'NTc0MmQ3MjgyYzgxODBmZmRmY2NiNDY1NjA4N2QxNGM5NDhkODk0NTp7Il9hdXRoX3VzZXJfaWQiOiIxIiwiX2F1dGhfdXNlcl9iYWNrZW5kIjoiZGphbmdvLmNvbnRyaWIuYXV0aC5iYWNrZW5kcy5Nb2RlbEJhY2tlbmQiLCJfYXV0aF91c2VyX2hhc2giOiJkMjExZjJhMGMyNmViZmI0MDg4YzM3YzM3MjBlODFmZDI4YTU1OGY3In0=', '2020-06-06 12:11:15.175293+00');
INSERT INTO public.django_session VALUES ('8ccmn92jnxf1dweh4xgjk1oizfw1whw6', 'NTc0MmQ3MjgyYzgxODBmZmRmY2NiNDY1NjA4N2QxNGM5NDhkODk0NTp7Il9hdXRoX3VzZXJfaWQiOiIxIiwiX2F1dGhfdXNlcl9iYWNrZW5kIjoiZGphbmdvLmNvbnRyaWIuYXV0aC5iYWNrZW5kcy5Nb2RlbEJhY2tlbmQiLCJfYXV0aF91c2VyX2hhc2giOiJkMjExZjJhMGMyNmViZmI0MDg4YzM3YzM3MjBlODFmZDI4YTU1OGY3In0=', '2020-06-07 15:57:20.814074+00');
INSERT INTO public.django_session VALUES ('4q7ljnx1jepy3g8la3y1sxojyftty3q7', 'NTc0MmQ3MjgyYzgxODBmZmRmY2NiNDY1NjA4N2QxNGM5NDhkODk0NTp7Il9hdXRoX3VzZXJfaWQiOiIxIiwiX2F1dGhfdXNlcl9iYWNrZW5kIjoiZGphbmdvLmNvbnRyaWIuYXV0aC5iYWNrZW5kcy5Nb2RlbEJhY2tlbmQiLCJfYXV0aF91c2VyX2hhc2giOiJkMjExZjJhMGMyNmViZmI0MDg4YzM3YzM3MjBlODFmZDI4YTU1OGY3In0=', '2020-05-19 15:22:42.089229+00');
INSERT INTO public.django_session VALUES ('tmz6cnj55g79uvi0ldnwbwxi5hut4osr', 'NTc0MmQ3MjgyYzgxODBmZmRmY2NiNDY1NjA4N2QxNGM5NDhkODk0NTp7Il9hdXRoX3VzZXJfaWQiOiIxIiwiX2F1dGhfdXNlcl9iYWNrZW5kIjoiZGphbmdvLmNvbnRyaWIuYXV0aC5iYWNrZW5kcy5Nb2RlbEJhY2tlbmQiLCJfYXV0aF91c2VyX2hhc2giOiJkMjExZjJhMGMyNmViZmI0MDg4YzM3YzM3MjBlODFmZDI4YTU1OGY3In0=', '2020-06-06 19:57:17.756324+00');
INSERT INTO public.django_session VALUES ('608bf5ujqeroyq6qg8gd425yzh35b35a', 'NTc0MmQ3MjgyYzgxODBmZmRmY2NiNDY1NjA4N2QxNGM5NDhkODk0NTp7Il9hdXRoX3VzZXJfaWQiOiIxIiwiX2F1dGhfdXNlcl9iYWNrZW5kIjoiZGphbmdvLmNvbnRyaWIuYXV0aC5iYWNrZW5kcy5Nb2RlbEJhY2tlbmQiLCJfYXV0aF91c2VyX2hhc2giOiJkMjExZjJhMGMyNmViZmI0MDg4YzM3YzM3MjBlODFmZDI4YTU1OGY3In0=', '2020-06-08 16:18:39.850932+00');
INSERT INTO public.django_session VALUES ('y3gn8in4na8agscgyl91y5t0x1mg2rr8', 'NTc0MmQ3MjgyYzgxODBmZmRmY2NiNDY1NjA4N2QxNGM5NDhkODk0NTp7Il9hdXRoX3VzZXJfaWQiOiIxIiwiX2F1dGhfdXNlcl9iYWNrZW5kIjoiZGphbmdvLmNvbnRyaWIuYXV0aC5iYWNrZW5kcy5Nb2RlbEJhY2tlbmQiLCJfYXV0aF91c2VyX2hhc2giOiJkMjExZjJhMGMyNmViZmI0MDg4YzM3YzM3MjBlODFmZDI4YTU1OGY3In0=', '2020-06-11 22:18:38.143557+00');
INSERT INTO public.django_session VALUES ('w4j5k0qp0pynn20q8lg1yjtc9cw400e3', 'NTc0MmQ3MjgyYzgxODBmZmRmY2NiNDY1NjA4N2QxNGM5NDhkODk0NTp7Il9hdXRoX3VzZXJfaWQiOiIxIiwiX2F1dGhfdXNlcl9iYWNrZW5kIjoiZGphbmdvLmNvbnRyaWIuYXV0aC5iYWNrZW5kcy5Nb2RlbEJhY2tlbmQiLCJfYXV0aF91c2VyX2hhc2giOiJkMjExZjJhMGMyNmViZmI0MDg4YzM3YzM3MjBlODFmZDI4YTU1OGY3In0=', '2020-06-12 10:19:11.072001+00');
INSERT INTO public.django_session VALUES ('8n5ntw7uy4j0h2h3fneie6hbnnov857l', 'NTc0MmQ3MjgyYzgxODBmZmRmY2NiNDY1NjA4N2QxNGM5NDhkODk0NTp7Il9hdXRoX3VzZXJfaWQiOiIxIiwiX2F1dGhfdXNlcl9iYWNrZW5kIjoiZGphbmdvLmNvbnRyaWIuYXV0aC5iYWNrZW5kcy5Nb2RlbEJhY2tlbmQiLCJfYXV0aF91c2VyX2hhc2giOiJkMjExZjJhMGMyNmViZmI0MDg4YzM3YzM3MjBlODFmZDI4YTU1OGY3In0=', '2020-06-15 20:42:11.403212+00');
INSERT INTO public.django_session VALUES ('8w3bobiycphim5c7zx42lg8m2qtj531u', 'NTc0MmQ3MjgyYzgxODBmZmRmY2NiNDY1NjA4N2QxNGM5NDhkODk0NTp7Il9hdXRoX3VzZXJfaWQiOiIxIiwiX2F1dGhfdXNlcl9iYWNrZW5kIjoiZGphbmdvLmNvbnRyaWIuYXV0aC5iYWNrZW5kcy5Nb2RlbEJhY2tlbmQiLCJfYXV0aF91c2VyX2hhc2giOiJkMjExZjJhMGMyNmViZmI0MDg4YzM3YzM3MjBlODFmZDI4YTU1OGY3In0=', '2020-06-16 14:56:44.706225+00');
INSERT INTO public.django_session VALUES ('a81bi5aozhkgxomowcygb3buan37v7cp', 'NTc0MmQ3MjgyYzgxODBmZmRmY2NiNDY1NjA4N2QxNGM5NDhkODk0NTp7Il9hdXRoX3VzZXJfaWQiOiIxIiwiX2F1dGhfdXNlcl9iYWNrZW5kIjoiZGphbmdvLmNvbnRyaWIuYXV0aC5iYWNrZW5kcy5Nb2RlbEJhY2tlbmQiLCJfYXV0aF91c2VyX2hhc2giOiJkMjExZjJhMGMyNmViZmI0MDg4YzM3YzM3MjBlODFmZDI4YTU1OGY3In0=', '2020-06-17 19:50:32.483366+00');
INSERT INTO public.django_session VALUES ('fb2qql4mf9yzaqg4w6fc2btr5jja5u0o', 'NTc0MmQ3MjgyYzgxODBmZmRmY2NiNDY1NjA4N2QxNGM5NDhkODk0NTp7Il9hdXRoX3VzZXJfaWQiOiIxIiwiX2F1dGhfdXNlcl9iYWNrZW5kIjoiZGphbmdvLmNvbnRyaWIuYXV0aC5iYWNrZW5kcy5Nb2RlbEJhY2tlbmQiLCJfYXV0aF91c2VyX2hhc2giOiJkMjExZjJhMGMyNmViZmI0MDg4YzM3YzM3MjBlODFmZDI4YTU1OGY3In0=', '2020-06-19 13:23:56.785309+00');
INSERT INTO public.django_session VALUES ('0oimwp37rzshe8bm72q8n6r0vgrvv7r2', 'NTc0MmQ3MjgyYzgxODBmZmRmY2NiNDY1NjA4N2QxNGM5NDhkODk0NTp7Il9hdXRoX3VzZXJfaWQiOiIxIiwiX2F1dGhfdXNlcl9iYWNrZW5kIjoiZGphbmdvLmNvbnRyaWIuYXV0aC5iYWNrZW5kcy5Nb2RlbEJhY2tlbmQiLCJfYXV0aF91c2VyX2hhc2giOiJkMjExZjJhMGMyNmViZmI0MDg4YzM3YzM3MjBlODFmZDI4YTU1OGY3In0=', '2020-06-22 07:49:56.285131+00');
INSERT INTO public.django_session VALUES ('1eqbp49h4tihtxdlvgzp9hkkn214ou1w', 'NTc0MmQ3MjgyYzgxODBmZmRmY2NiNDY1NjA4N2QxNGM5NDhkODk0NTp7Il9hdXRoX3VzZXJfaWQiOiIxIiwiX2F1dGhfdXNlcl9iYWNrZW5kIjoiZGphbmdvLmNvbnRyaWIuYXV0aC5iYWNrZW5kcy5Nb2RlbEJhY2tlbmQiLCJfYXV0aF91c2VyX2hhc2giOiJkMjExZjJhMGMyNmViZmI0MDg4YzM3YzM3MjBlODFmZDI4YTU1OGY3In0=', '2020-06-22 22:17:50.092235+00');


--
-- Data for Name: django_summernote_attachment; Type: TABLE DATA; Schema: public; Owner: postgres
--



--
-- Data for Name: workprogramsapp_academicplan; Type: TABLE DATA; Schema: public; Owner: postgres
--

INSERT INTO public.workprogramsapp_academicplan VALUES (5, '  ', '2020-06-12 18:59:29.104104+00', NULL);
INSERT INTO public.workprogramsapp_academicplan VALUES (6, 'dfdfdf', '2020-06-15 19:51:56.221476+00', 'dgdfdf');
INSERT INTO public.workprogramsapp_academicplan VALUES (7, 'sdsd', '2020-06-15 19:52:21.051461+00', 'dsdsdgdfdf');
INSERT INTO public.workprogramsapp_academicplan VALUES (8, 'sdfgfgsd', '2020-06-15 19:53:25.699586+00', 'dsdsdfdfdfgdfdf');
INSERT INTO public.workprogramsapp_academicplan VALUES (9, 'sdfgfgsd', '2020-06-15 19:56:24.859894+00', 'dsdsdfdfdfgdfdf');
INSERT INTO public.workprogramsapp_academicplan VALUES (10, '', '2020-06-16 15:01:11.574395+00', '');
INSERT INTO public.workprogramsapp_academicplan VALUES (11, '', '2020-06-16 15:03:42.269484+00', '');
INSERT INTO public.workprogramsapp_academicplan VALUES (12, 'dfdfdf', '2020-06-16 15:04:56.322665+00', 'dfdf');
INSERT INTO public.workprogramsapp_academicplan VALUES (13, 'dfdfdfsdsd', '2020-06-16 15:05:21.635316+00', 'dfdfsdsd');
INSERT INTO public.workprogramsapp_academicplan VALUES (14, 'dfdfdfsdsdsdsd', '2020-06-16 15:08:31.924506+00', 'dfdfssdsddsd');
INSERT INTO public.workprogramsapp_academicplan VALUES (15, 'dfdererer', '2020-06-16 15:09:35.752172+00', 'dfdfe');
INSERT INTO public.workprogramsapp_academicplan VALUES (16, 'dfderefffrer', '2020-06-16 15:11:14.804015+00', 'dfdfedd');
INSERT INTO public.workprogramsapp_academicplan VALUES (17, 'dfd11erefffrer', '2020-06-16 15:13:10.801673+00', 'dfdfe111dd');
INSERT INTO public.workprogramsapp_academicplan VALUES (18, 'sqwqwqwdsd', '2020-06-20 10:49:08.734637+00', 'sdsdsd');
INSERT INTO public.workprogramsapp_academicplan VALUES (19, 'sdfdfdfd', '2020-06-20 10:50:08.838609+00', 'sfdfdfdffdsdsd');
INSERT INTO public.workprogramsapp_academicplan VALUES (20, 'sdfdsdsdsfdfd', '2020-06-20 10:50:27.497024+00', 'sfdfdfdfdsdsdfdsdsd');
INSERT INTO public.workprogramsapp_academicplan VALUES (21, 'sdfdsdsdsdssdsfdfd', '2020-06-20 10:50:55.585255+00', 'sfdfdfdfddsdsdsdsdfdsdsd');
INSERT INTO public.workprogramsapp_academicplan VALUES (22, 'sdfdsdsdfdfdsdssdsfdfd', '2020-06-20 11:24:47.489823+00', 'sfdfdfdfddsdsdsdsdfdfdfdsdsd');
INSERT INTO public.workprogramsapp_academicplan VALUES (23, 'sdfdsdsdfdfgfgfdsdssdsfdfd', '2020-06-20 11:25:16.343442+00', 'sfdfdfdfddsdsdsdsdfdfdfdfgfgsdsd');
INSERT INTO public.workprogramsapp_academicplan VALUES (24, ' ', '2020-06-20 11:32:55.486488+00', '1');
INSERT INTO public.workprogramsapp_academicplan VALUES (25, 'sdfdsdsdfdfgfgfdsdssdfdfdsfdfd', '2020-06-20 11:35:32.515495+00', 'sfdfdfdfddsdsdsdssdsdfdfdfdfgfgsddsd');
INSERT INTO public.workprogramsapp_academicplan VALUES (26, 'sdfdsdsdfdfgfgfdsdssdfdfdsfdfd', '2020-06-20 11:36:36.645036+00', 'sfdfdfdfddsdsdsdssdsdfdfdfdfgfgsddsd');
INSERT INTO public.workprogramsapp_academicplan VALUES (27, 'sdfdsdsdfdfgfgfdsdssdsdsdfdfdsfdfd', '2020-06-20 11:41:13.507305+00', 'sfdfdfdfddsdsdsdssdsdsdsdfdfdfdfgfgsddsd');
INSERT INTO public.workprogramsapp_academicplan VALUES (28, 'sdfdsdsdfdfgfgsdsdfdsdssdsdsdfdfdsfdfd', '2020-06-20 11:42:00.270986+00', 'sfdfdfdfddsdsdsdssdsdsdssdsddfdfdfdfgfgsddsd');
INSERT INTO public.workprogramsapp_academicplan VALUES (29, 'sdfddfdfsdsdfdfgfgsdsdfdsdssdsdsdfdfdsfdfd', '2020-06-20 11:47:24.666065+00', 'sfdfdfdfddsdsdsdssdsddfdfsdssdsddfdfdfdfgfgsddsd');
INSERT INTO public.workprogramsapp_academicplan VALUES (30, 'sdfddfdfsdsdfdfsdsdgfgsdsdfdsdssdsdsdfdfdsfdfd', '2020-06-20 11:47:58.047326+00', 'sfdfdfdfddsdsdsdssdsddfdfsdsdsdssdsddfdfdfdfgfgsddsd');
INSERT INTO public.workprogramsapp_academicplan VALUES (31, 'stwewering', '2020-06-20 12:35:29.69748+00', 'striererng');


--
-- Data for Name: workprogramsapp_bibliographicreference; Type: TABLE DATA; Schema: public; Owner: postgres
--

INSERT INTO public.workprogramsapp_bibliographicreference VALUES (26, ' ..,  ..       MathCAD PRIME.  .  , 2016 . ISBN: 978-5-8114-2052-0');
INSERT INTO public.workprogramsapp_bibliographicreference VALUES (25, '   .   : [.              ] / . .  . . 3-,  . . : , 2007 . 687, [1] . : .  (.  ) . .: . 672-677 . ISBN 978-5-9221-0747-1.');
INSERT INTO public.workprogramsapp_bibliographicreference VALUES (24, '   : .   . .        . .  (.)   010501 (010500.62) ".   " / . .  . . :   - , 2009 . 178, [2] . : .  (     ) . . .: . 175-176 . . .: . 177-178 . ISBN 978-5-9912-0062-2.');
INSERT INTO public.workprogramsapp_bibliographicreference VALUES (27, '      Mathcad 12, MATLAB 7, Maple 9 / . . , . .  . . :  , 2006 . 492 . :  . () . .: . 425-484 . .: .486-487 . . .: . 488-492 . ISBN 5-477-00208-5');
INSERT INTO public.workprogramsapp_bibliographicreference VALUES (28, '      MATHCAD : .     . .           . . ,   .  230400 ". " - ". " / . .  . . : , 2005 . 263, [1] . : .  .: . 259-260 . ISBN 5-9221-0636-8');
INSERT INTO public.workprogramsapp_bibliographicreference VALUES (29, ', ..     . [ ] : . / .. , .. .  . .  . : , 2013.  416 .   : http://e.lanbook.com/book/10249  .  ');
INSERT INTO public.workprogramsapp_bibliographicreference VALUES (30, ', ..     . [ ] : .-.   . .  . : , 2013.  320 .   : http://e.lanbook.com/book/4864  .  ');


--
-- Data for Name: workprogramsapp_certification; Type: TABLE DATA; Schema: public; Owner: postgres
--

INSERT INTO public.workprogramsapp_certification VALUES (1, 'EX', 1, '  ', 12, 2);


--
-- Data for Name: workprogramsapp_competence; Type: TABLE DATA; Schema: public; Owner: postgres
--

INSERT INTO public.workprogramsapp_competence VALUES (1, '-1.1', '              ');
INSERT INTO public.workprogramsapp_competence VALUES (2, '-1.3', ' ,                ,    ');
INSERT INTO public.workprogramsapp_competence VALUES (3, 'string', 'string');


--
-- Data for Name: workprogramsapp_competence_field_of_study; Type: TABLE DATA; Schema: public; Owner: postgres
--

INSERT INTO public.workprogramsapp_competence_field_of_study VALUES (1, 1, 1);
INSERT INTO public.workprogramsapp_competence_field_of_study VALUES (2, 2, 1);


--
-- Data for Name: workprogramsapp_competence_work_program; Type: TABLE DATA; Schema: public; Owner: postgres
--

INSERT INTO public.workprogramsapp_competence_work_program VALUES (1, 1, 2);
INSERT INTO public.workprogramsapp_competence_work_program VALUES (2, 2, 2);


--
-- Data for Name: workprogramsapp_disciplineblock; Type: TABLE DATA; Schema: public; Owner: postgres
--

INSERT INTO public.workprogramsapp_disciplineblock VALUES (10, ' 1', 8);
INSERT INTO public.workprogramsapp_disciplineblock VALUES (11, ' 2', 8);
INSERT INTO public.workprogramsapp_disciplineblock VALUES (12, ' 3', 8);
INSERT INTO public.workprogramsapp_disciplineblock VALUES (13, ' 1', 9);
INSERT INTO public.workprogramsapp_disciplineblock VALUES (15, ' 3', 9);
INSERT INTO public.workprogramsapp_disciplineblock VALUES (14, ' 2', 9);
INSERT INTO public.workprogramsapp_disciplineblock VALUES (16, ' 1', NULL);
INSERT INTO public.workprogramsapp_disciplineblock VALUES (17, ' 2', NULL);
INSERT INTO public.workprogramsapp_disciplineblock VALUES (18, ' 3', NULL);
INSERT INTO public.workprogramsapp_disciplineblock VALUES (19, ' 1', NULL);
INSERT INTO public.workprogramsapp_disciplineblock VALUES (20, ' 2', NULL);
INSERT INTO public.workprogramsapp_disciplineblock VALUES (21, ' 3', NULL);
INSERT INTO public.workprogramsapp_disciplineblock VALUES (22, ' 1', NULL);
INSERT INTO public.workprogramsapp_disciplineblock VALUES (23, ' 2', NULL);
INSERT INTO public.workprogramsapp_disciplineblock VALUES (24, ' 3', NULL);
INSERT INTO public.workprogramsapp_disciplineblock VALUES (25, ' 1', NULL);
INSERT INTO public.workprogramsapp_disciplineblock VALUES (26, ' 2', NULL);
INSERT INTO public.workprogramsapp_disciplineblock VALUES (27, ' 3', NULL);
INSERT INTO public.workprogramsapp_disciplineblock VALUES (28, ' 1', NULL);
INSERT INTO public.workprogramsapp_disciplineblock VALUES (29, ' 2', NULL);
INSERT INTO public.workprogramsapp_disciplineblock VALUES (30, ' 3', NULL);
INSERT INTO public.workprogramsapp_disciplineblock VALUES (31, ' 1', 15);
INSERT INTO public.workprogramsapp_disciplineblock VALUES (32, ' 2', 15);
INSERT INTO public.workprogramsapp_disciplineblock VALUES (33, ' 3', 15);
INSERT INTO public.workprogramsapp_disciplineblock VALUES (34, ' 1', 16);
INSERT INTO public.workprogramsapp_disciplineblock VALUES (35, ' 2', 16);
INSERT INTO public.workprogramsapp_disciplineblock VALUES (36, ' 3', 16);
INSERT INTO public.workprogramsapp_disciplineblock VALUES (37, ' 1', 17);
INSERT INTO public.workprogramsapp_disciplineblock VALUES (38, ' 2', 17);
INSERT INTO public.workprogramsapp_disciplineblock VALUES (39, ' 3', 17);
INSERT INTO public.workprogramsapp_disciplineblock VALUES (40, ' 1', 23);
INSERT INTO public.workprogramsapp_disciplineblock VALUES (41, ' 1.  ()', 24);
INSERT INTO public.workprogramsapp_disciplineblock VALUES (42, ' 1.  ()', 25);
INSERT INTO public.workprogramsapp_disciplineblock VALUES (43, ' 1.  ()', 26);
INSERT INTO public.workprogramsapp_disciplineblock VALUES (44, ' 1.  ()', 27);
INSERT INTO public.workprogramsapp_disciplineblock VALUES (45, ' 1.  ()', 28);
INSERT INTO public.workprogramsapp_disciplineblock VALUES (46, ' 1.  ()', 29);
INSERT INTO public.workprogramsapp_disciplineblock VALUES (47, ' 1.  ()', 30);
INSERT INTO public.workprogramsapp_disciplineblock VALUES (48, ' 1.  ()', 31);


--
-- Data for Name: workprogramsapp_disciplineblockmodule; Type: TABLE DATA; Schema: public; Owner: postgres
--

INSERT INTO public.workprogramsapp_disciplineblockmodule VALUES (10, ' 1', 37);
INSERT INTO public.workprogramsapp_disciplineblockmodule VALUES (11, ' 2', 37);
INSERT INTO public.workprogramsapp_disciplineblockmodule VALUES (12, ' 3', 37);
INSERT INTO public.workprogramsapp_disciplineblockmodule VALUES (13, ' 1', 38);
INSERT INTO public.workprogramsapp_disciplineblockmodule VALUES (14, ' 2', 38);
INSERT INTO public.workprogramsapp_disciplineblockmodule VALUES (15, ' 3', 38);
INSERT INTO public.workprogramsapp_disciplineblockmodule VALUES (16, ' 1', 39);
INSERT INTO public.workprogramsapp_disciplineblockmodule VALUES (17, ' 2', 39);
INSERT INTO public.workprogramsapp_disciplineblockmodule VALUES (18, ' 3', 39);
INSERT INTO public.workprogramsapp_disciplineblockmodule VALUES (19, ' ', 41);
INSERT INTO public.workprogramsapp_disciplineblockmodule VALUES (20, ' ', 47);
INSERT INTO public.workprogramsapp_disciplineblockmodule VALUES (21, ' ', 48);
INSERT INTO public.workprogramsapp_disciplineblockmodule VALUES (22, 'wewewe', 10);


--
-- Data for Name: workprogramsapp_disciplinesection; Type: TABLE DATA; Schema: public; Owner: postgres
--

INSERT INTO public.workprogramsapp_disciplinesection VALUES (5, '      ', 5, 45, 45, NULL, 23, NULL, 113, 1);
INSERT INTO public.workprogramsapp_disciplinesection VALUES (1, '1     ', 2, NULL, 100, NULL, NULL, NULL, 100, 2);
INSERT INTO public.workprogramsapp_disciplinesection VALUES (16, '  ', 2, 100, 10, 10, 50, NULL, 170, 5);
INSERT INTO public.workprogramsapp_disciplinesection VALUES (15, '2', 2, NULL, NULL, NULL, 100, 20, 120, 4);
INSERT INTO public.workprogramsapp_disciplinesection VALUES (11, '  ', 2, 10, 10, NULL, NULL, 11, 31, 3);
INSERT INTO public.workprogramsapp_disciplinesection VALUES (2, '2    ', 2, 10, 10, 10, 10, 10, 50, 1);
INSERT INTO public.workprogramsapp_disciplinesection VALUES (3, '  .    .  . ', 5, 45, 34, 23, 2, NULL, 104, 3);
INSERT INTO public.workprogramsapp_disciplinesection VALUES (4, '  ', 5, 10, 34, 10, 2, 10, 66, 2);
INSERT INTO public.workprogramsapp_disciplinesection VALUES (6, '  ', 5, 22, NULL, NULL, 15, NULL, 37, 4);
INSERT INTO public.workprogramsapp_disciplinesection VALUES (7, '   ', 2, NULL, NULL, NULL, NULL, NULL, NULL, 1);


--
-- Data for Name: workprogramsapp_disciplinesection_evaluation_tools; Type: TABLE DATA; Schema: public; Owner: postgres
--

INSERT INTO public.workprogramsapp_disciplinesection_evaluation_tools VALUES (5, 3, 3);
INSERT INTO public.workprogramsapp_disciplinesection_evaluation_tools VALUES (6, 3, 5);
INSERT INTO public.workprogramsapp_disciplinesection_evaluation_tools VALUES (7, 4, 4);
INSERT INTO public.workprogramsapp_disciplinesection_evaluation_tools VALUES (8, 4, 5);
INSERT INTO public.workprogramsapp_disciplinesection_evaluation_tools VALUES (9, 7, 14);
INSERT INTO public.workprogramsapp_disciplinesection_evaluation_tools VALUES (12, 1, 15);
INSERT INTO public.workprogramsapp_disciplinesection_evaluation_tools VALUES (13, 2, 15);


--
-- Data for Name: workprogramsapp_evaluationtool; Type: TABLE DATA; Schema: public; Owner: postgres
--

INSERT INTO public.workprogramsapp_evaluationtool VALUES (3, ' ', '  1', '  ', true, 15, 6, 10);
INSERT INTO public.workprogramsapp_evaluationtool VALUES (5, '', ' 1', '  ', true, 10, 6, 10);
INSERT INTO public.workprogramsapp_evaluationtool VALUES (4, ' ', '  2', '<p style="text-align:center"><span style="font-size:12pt"><span style="font-family:&quot;Times New Roman&quot;,serif"><strong>  2</strong></span></span></p>  <p style="text-align:center"><span style="font-size:12pt"><span style="font-family:&quot;Times New Roman&quot;,serif"><strong> .     </strong></span></span></p>  <p style="text-align:justify"><span style="font-size:12pt"><span style="font-family:&quot;Times New Roman&quot;,serif"><strong>  : </strong>            .</span></span></p>  <p style="margin-left:30px; text-align:justify"><span style="font-size:11pt"><span style="font-family:Calibri,sans-serif"><strong><span style="font-size:12.0pt"><span style="font-family:&quot;Times New Roman&quot;,serif">:</span></span></strong></span></span></p>  <ol> 	<li style="text-align:justify"><span style="font-size:12pt"><span style="font-family:&quot;Times New Roman&quot;,serif">     .</span></span></li> 	<li style="text-align:justify"><span style="font-size:12pt"><span style="font-family:&quot;Times New Roman&quot;,serif">            ER- (&laquo;-&raquo;)    .</span></span></li> 	<li style="text-align:justify"><span style="font-size:12pt"><span style="font-family:&quot;Times New Roman&quot;,serif">     <strong><span style="color:black">CA</span> </strong><strong><span style="color:black">ERwin</span> </strong><strong><span style="color:black">Data</span> </strong><strong><span style="color:black">Modeler</span><span style="color:black">.</span></strong></span></span></li> </ol>  <p style="text-align:justify"><span style="font-size:12pt"><span style="font-family:&quot;Times New Roman&quot;,serif"><strong> :</strong></span></span></p>  <p style="text-align:justify"><span style="font-size:12pt"><span style="font-family:&quot;Times New Roman&quot;,serif">&hellip;&hellip;&hellip;&hellip;&hellip;&hellip;&hellip;&hellip;&hellip;&hellip;&hellip;.</span></span></p>  <p style="text-align:justify"><span style="font-size:12pt"><span style="font-family:&quot;Times New Roman&quot;,serif"><strong>   :</strong></span></span></p>  <ol> 	<li style="text-align:justify"><span style="font-size:11pt"><span style="font-family:Calibri,sans-serif"><span style="font-size:12.0pt"><span style="font-family:&quot;Times New Roman&quot;,serif">  .</span></span></span></span></li> 	<li style="text-align:justify"><span style="font-size:11pt"><span style="font-family:Calibri,sans-serif"><span style="font-size:12.0pt"><span style="font-family:&quot;Times New Roman&quot;,serif">     :</span></span></span></span></li> </ol>  <ol style="list-style-type:lower-alpha"> 	<li style="text-align:justify"><span style="font-size:11pt"><span style="font-family:Calibri,sans-serif"><span style="font-size:12.0pt"><span style="font-family:&quot;Times New Roman&quot;,serif">      ,  ;</span></span></span></span></li> 	<li style="text-align:justify"><span style="font-size:11pt"><span style="font-family:Calibri,sans-serif"><span style="font-size:12.0pt"><span style="font-family:&quot;Times New Roman&quot;,serif">  ,      ;</span></span></span></span></li> 	<li style="text-align:justify"><span style="font-size:11pt"><span style="font-family:Calibri,sans-serif"><span style="font-size:12.0pt"><span style="font-family:&quot;Times New Roman&quot;,serif"> :</span></span></span></span></li> </ol>  <ul> 	<li style="text-align:justify"><span style="font-size:11pt"><span style="font-family:Calibri,sans-serif"><strong><span style="font-size:12.0pt"><span style="font-family:&quot;Times New Roman&quot;,serif"></span></span></strong><span style="font-size:12.0pt"><span style="font-family:&quot;Times New Roman&quot;,serif">;</span></span></span></span></li> 	<li style="text-align:justify"><span style="font-size:11pt"><span style="font-family:Calibri,sans-serif"><strong><span style="font-size:12.0pt"><span style="font-family:&quot;Times New Roman&quot;,serif"> ()</span></span></strong><span style="font-size:12.0pt"><span style="font-family:&quot;Times New Roman&quot;,serif">:         ;</span></span></span></span></li> 	<li style="text-align:justify"><span style="font-size:11pt"><span style="font-family:Calibri,sans-serif"><strong><span style="font-size:12.0pt"><span style="font-family:&quot;Times New Roman&quot;,serif"></span></span></strong><span style="font-size:12.0pt"><span style="font-family:&quot;Times New Roman&quot;,serif">;</span></span></span></span></li> </ul>  <ol start="4" style="list-style-type:lower-alpha"> 	<li style="text-align:justify"><span style="font-size:11pt"><span style="font-family:Calibri,sans-serif"><span style="font-size:12.0pt"><span style="font-family:&quot;Times New Roman&quot;,serif"> <strong></strong>:    .   :  <strong> </strong>  <strong>  </strong>;</span></span></span></span></li> 	<li style="text-align:justify"><span style="font-size:11pt"><span style="font-family:Calibri,sans-serif"><span style="font-size:12.0pt"><span style="font-family:&quot;Times New Roman&quot;,serif">       :  <strong> </strong>  <strong>  </strong>;</span></span></span></span></li> 	<li style="text-align:justify"><span style="font-size:11pt"><span style="font-family:Calibri,sans-serif"><span style="font-size:12.0pt"><span style="font-family:&quot;Times New Roman&quot;,serif">  :  <strong> </strong>   <strong></strong> (  );</span></span></span></span></li> 	<li style="text-align:justify"><span style="font-size:11pt"><span style="font-family:Calibri,sans-serif"><span style="font-size:12.0pt"><span style="font-family:&quot;Times New Roman&quot;,serif">      &quot;  ( )&quot;: <em> </em>(<u> </u>, ,<strong> </strong>, ,  ,  , , ).</span></span></span></span></li> </ol>  <ol start="3"> 	<li style="text-align:justify"><span style="font-size:11pt"><span style="font-family:Calibri,sans-serif"><span style="font-size:12.0pt"><span style="font-family:&quot;Times New Roman&quot;,serif">          <strong>  ( </strong></span></span><strong><span style="font-size:12.0pt"><span style="font-family:&quot;Times New Roman&quot;,serif">ER</span></span></strong><strong><span style="font-size:12.0pt"><span style="font-family:&quot;Times New Roman&quot;,serif">-)</span></span></strong><span style="font-size:12.0pt"><span style="font-family:&quot;Times New Roman&quot;,serif">.</span></span></span></span></li> 	<li style="text-align:justify"><span style="font-size:11pt"><span style="font-family:Calibri,sans-serif"><span style="font-size:12.0pt"><span style="font-family:&quot;Times New Roman&quot;,serif">    </span></span><strong><span style="font-size:12.0pt"><span style="font-family:&quot;Calibri&quot;,sans-serif"><span style="color:black">CA</span></span></span></strong><strong> </strong><strong><span style="font-size:12.0pt"><span style="font-family:&quot;Calibri&quot;,sans-serif"><span style="color:black">ERwin</span></span></span></strong><strong> </strong><strong><span style="font-size:12.0pt"><span style="font-family:&quot;Calibri&quot;,sans-serif"><span style="color:black">Process</span></span></span></strong><strong> </strong><strong><span style="font-size:12.0pt"><span style="font-family:&quot;Calibri&quot;,sans-serif"><span style="color:black">Modeler</span></span></span></strong><strong><span style="font-size:12.0pt"><span style="font-family:&quot;Calibri&quot;,sans-serif"><span style="color:black"> (  </span></span></span></strong><strong><span style="font-size:12.0pt"><span style="font-family:&quot;Calibri&quot;,sans-serif"><span style="color:black">Logical</span></span></span></strong><strong><span style="font-size:12.0pt"><span style="font-family:&quot;Calibri&quot;,sans-serif"><span style="color:black">/</span></span></span></strong><strong><span style="font-size:12.0pt"><span style="font-family:&quot;Calibri&quot;,sans-serif"><span style="color:black">Physical</span></span></span></strong><strong><span style="font-size:12.0pt"><span style="font-family:&quot;Calibri&quot;,sans-serif"><span style="color:black">.</span></span></span></strong></span></span></li> 	<li style="text-align:justify"><span style="font-size:11pt"><span style="font-family:Calibri,sans-serif"><span style="font-size:12.0pt"><span style="font-family:&quot;Times New Roman&quot;,serif"> <strong>  </strong> ( ( )   &nbsp; ( ))   .          (  ).  1       </span></span><strong><span style="font-size:12.0pt"><span style="font-family:&quot;Calibri&quot;,sans-serif"><span style="color:black">CA</span></span></span></strong><strong> </strong><strong><span style="font-size:12.0pt"><span style="font-family:&quot;Calibri&quot;,sans-serif"><span style="color:black">ERwin</span></span></span></strong><strong> </strong><strong><span style="font-size:12.0pt"><span style="font-family:&quot;Calibri&quot;,sans-serif"><span style="color:black">Process</span></span></span></strong><strong> </strong><strong><span style="font-size:12.0pt"><span style="font-family:&quot;Calibri&quot;,sans-serif"><span style="color:black">Modeler</span></span></span></strong><strong><span style="font-size:12.0pt"><span style="font-family:&quot;Calibri&quot;,sans-serif"><span style="color:black">.</span></span></span></strong><span style="font-size:12.0pt"><span style="font-family:&quot;Times New Roman&quot;,serif">   1     : </span></span></span></span></li> </ol>  <p style="text-align:justify">&nbsp;</p>  <p style="text-align:justify"><span style="font-size:11pt"><span style="font-family:Calibri,sans-serif"><span style="font-size:12.0pt"><span style="font-family:&quot;Times New Roman&quot;,serif"> 1</span></span></span></span></p>  <p style="text-align:justify"><span style="font-size:11pt"><span style="font-family:Calibri,sans-serif"><span style="font-size:12.0pt"><span style="font-family:&quot;Times New Roman&quot;,serif">  </span></span></span></span></p>  <table cellspacing="0" class="Table" style="border-collapse:collapse; border:none; margin-left:7px; width:640px"> 	<tbody> 		<tr> 			<td rowspan="2" style="border-bottom:2px solid black; border-left:2px solid black; border-right:2px solid black; border-top:2px solid black; width:107px"> 			<p style="text-align:center"><span style="font-size:11pt"><span style="font-family:Calibri,sans-serif"><strong><span style="font-size:12.0pt"><span style="font-family:&quot;Times New Roman&quot;,serif">- </span></span></strong></span></span></p> 			</td> 			<td rowspan="2" style="border-bottom:2px solid black; border-left:none; border-right:2px solid black; border-top:2px solid black; width:92px"> 			<p style="text-align:center"><span style="font-size:11pt"><span style="font-family:Calibri,sans-serif"><strong><span style="font-size:12.0pt"><span style="font-family:&quot;Times New Roman&quot;,serif"></span></span></strong></span></span></p> 			</td> 			<td colspan="3" style="border-bottom:2px solid black; border-left:none; border-right:2px solid black; border-top:2px solid black; width:180px"> 			<p style="text-align:center"><span style="font-size:11pt"><span style="font-family:Calibri,sans-serif"><strong><span style="font-size:12.0pt"><span style="font-family:&quot;Times New Roman&quot;,serif"> </span></span></strong></span></span></p> 			</td> 			<td rowspan="2" style="border-bottom:2px solid black; border-left:none; border-right:2px solid black; border-top:2px solid black; width:73px"> 			<p style="text-align:center"><span style="font-size:11pt"><span style="font-family:Calibri,sans-serif"><strong><span style="font-size:12.0pt"><span style="font-family:&quot;Times New Roman&quot;,serif">- </span></span></strong></span></span></p> 			</td> 			<td rowspan="2" style="border-bottom:2px solid black; border-left:none; border-right:2px solid black; border-top:2px solid black; width:77px"> 			<p style="text-align:center"><span style="font-size:11pt"><span style="font-family:Calibri,sans-serif"><strong><span style="font-size:12.0pt"><span style="font-family:&quot;Times New Roman&quot;,serif">--</span></span></strong></span></span></p> 			</td> 			<td rowspan="2" style="border-bottom:2px solid black; border-left:none; border-right:2px solid black; border-top:2px solid black; width:111px"> 			<p style="text-align:center"><span style="font-size:11pt"><span style="font-family:Calibri,sans-serif"><strong><span style="font-size:12.0pt"><span style="font-family:&quot;Times New Roman&quot;,serif">- </span></span></strong></span></span></p> 			</td> 		</tr> 		<tr> 			<td colspan="2" style="border-bottom:2px solid black; border-left:none; border-right:2px solid black; border-top:none; width:107px"> 			<p style="text-align:center"><span style="font-size:11pt"><span style="font-family:Calibri,sans-serif"><strong><span style="font-size:12.0pt"><span style="font-family:&quot;Times New Roman&quot;,serif">- </span></span></strong></span></span></p> 			</td> 			<td style="border-bottom:2px solid black; border-left:none; border-right:2px solid black; border-top:none; width:73px"> 			<p style="text-align:center"><span style="font-size:11pt"><span style="font-family:Calibri,sans-serif"><strong><span style="font-size:12.0pt"><span style="font-family:&quot;Times New Roman&quot;,serif">- </span></span></strong></span></span></p> 			</td> 		</tr> 		<tr> 			<td colspan="8" style="border-bottom:2px solid black; border-left:2px solid black; border-right:2px solid black; border-top:none; height:22px; width:640px"> 			<p><span style="font-size:11pt"><span style="font-family:Calibri,sans-serif"><span style="font-size:12.0pt"><span style="font-family:&quot;Times New Roman&quot;,serif"> 1</span></span></span></span></p> 			</td> 		</tr> 		<tr> 			<td style="border-bottom:2px solid black; border-left:2px solid black; border-right:2px solid black; border-top:none; width:107px"> 			<p style="text-align:center"><span style="font-size:11pt"><span style="font-family:Calibri,sans-serif"><span style="font-size:12.0pt"><span style="font-family:&quot;Times New Roman&quot;,serif"> 1.1</span></span></span></span></p> 			</td> 			<td style="border-bottom:2px solid black; border-left:none; border-right:2px solid black; border-top:none; width:92px"> 			<p style="text-align:center"><span style="font-size:11pt"><span style="font-family:Calibri,sans-serif"><span style="font-size:12.0pt"><span style="font-family:&quot;Times New Roman&quot;,serif">INTEGER</span></span></span></span></p> 			</td> 			<td colspan="2" style="border-bottom:2px solid black; border-left:none; border-right:2px solid black; border-top:none; width:107px"> 			<p style="text-align:center"><span style="font-size:11pt"><span style="font-family:Calibri,sans-serif"><span style="font-size:12.0pt"><span style="font-family:&quot;Times New Roman&quot;,serif">+</span></span></span></span></p> 			</td> 			<td style="border-bottom:2px solid black; border-left:none; border-right:2px solid black; border-top:none; width:73px"> 			<p style="text-align:center">&nbsp;</p> 			</td> 			<td style="border-bottom:2px solid black; border-left:none; border-right:2px solid black; border-top:none; width:73px"> 			<p style="text-align:center">&nbsp;</p> 			</td> 			<td style="border-bottom:2px solid black; border-left:none; border-right:2px solid black; border-top:none; width:77px"> 			<p style="text-align:center"><span style="font-size:11pt"><span style="font-family:Calibri,sans-serif"><span style="font-size:12.0pt"><span style="font-family:&quot;Times New Roman&quot;,serif">+</span></span></span></span></p> 			</td> 			<td style="border-bottom:2px solid black; border-left:none; border-right:2px solid black; border-top:none; width:111px"> 			<p style="text-align:center"><span style="font-size:11pt"><span style="font-family:Calibri,sans-serif"><span style="font-size:12.0pt"><span style="font-family:&quot;Times New Roman&quot;,serif">,   -  </span></span></span></span></p> 			</td> 		</tr> 		<tr> 			<td style="border-bottom:2px solid black; border-left:2px solid black; border-right:2px solid black; border-top:none; width:107px"> 			<p style="text-align:center"><span style="font-size:11pt"><span style="font-family:Calibri,sans-serif"><span style="font-size:12.0pt"><span style="font-family:&quot;Times New Roman&quot;,serif">1.2</span></span></span></span></p> 			</td> 			<td style="border-bottom:2px solid black; border-left:none; border-right:2px solid black; border-top:none; width:92px"> 			<p style="text-align:center"><span style="font-size:11pt"><span style="font-family:Calibri,sans-serif"><span style="font-size:12.0pt"><span style="font-family:&quot;Times New Roman&quot;,serif">CHAR(18)</span></span></span></span></p> 			</td> 			<td colspan="2" style="border-bottom:2px solid black; border-left:none; border-right:2px solid black; border-top:none; width:107px"> 			<p style="text-align:center">&nbsp;</p> 			</td> 			<td style="border-bottom:2px solid black; border-left:none; border-right:2px solid black; border-top:none; width:73px"> 			<p style="text-align:center">&nbsp;</p> 			</td> 			<td style="border-bottom:2px solid black; border-left:none; border-right:2px solid black; border-top:none; width:73px"> 			<p style="text-align:center">&nbsp;</p> 			</td> 			<td style="border-bottom:2px solid black; border-left:none; border-right:2px solid black; border-top:none; width:77px"> 			<p style="text-align:center"><span style="font-size:11pt"><span style="font-family:Calibri,sans-serif"><span style="font-size:12.0pt"><span style="font-family:&quot;Times New Roman&quot;,serif">+</span></span></span></span></p> 			</td> 			<td style="border-bottom:2px solid black; border-left:none; border-right:2px solid black; border-top:none; width:111px"> 			<p style="text-align:center"><span style="font-size:11pt"><span style="font-family:Calibri,sans-serif"><span style="font-size:12.0pt"><span style="font-family:&quot;Times New Roman&quot;,serif">     &hellip;</span></span></span></span></p> 			</td> 		</tr> 		<tr> 			<td style="border-bottom:2px solid black; border-left:2px solid black; border-right:2px solid black; border-top:none; width:107px"> 			<p style="text-align:center"><span style="font-size:11pt"><span style="font-family:Calibri,sans-serif"><span style="font-size:12.0pt"><span style="font-family:&quot;Times New Roman&quot;,serif"> 1.3</span></span></span></span></p> 			</td> 			<td style="border-bottom:2px solid black; border-left:none; border-right:2px solid black; border-top:none; width:92px"> 			<p style="text-align:center"><span style="font-size:11pt"><span style="font-family:Calibri,sans-serif"><span style="font-size:12.0pt"><span style="font-family:&quot;Times New Roman&quot;,serif">&hellip;</span></span></span></span></p> 			</td> 			<td colspan="2" style="border-bottom:2px solid black; border-left:none; border-right:2px solid black; border-top:none; width:107px"> 			<p style="text-align:center">&nbsp;</p> 			</td> 			<td style="border-bottom:2px solid black; border-left:none; border-right:2px solid black; border-top:none; width:73px"> 			<p style="text-align:center">&nbsp;</p> 			</td> 			<td style="border-bottom:2px solid black; border-left:none; border-right:2px solid black; border-top:none; width:73px"> 			<p style="text-align:center"><span style="font-size:11pt"><span style="font-family:Calibri,sans-serif"><span style="font-size:12.0pt"><span style="font-family:&quot;Times New Roman&quot;,serif">+</span></span></span></span></p> 			</td> 			<td style="border-bottom:2px solid black; border-left:none; border-right:2px solid black; border-top:none; width:77px"> 			<p style="text-align:center"><span style="font-size:11pt"><span style="font-family:Calibri,sans-serif"><span style="font-size:12.0pt"><span style="font-family:&quot;Times New Roman&quot;,serif">-</span></span></span></span></p> 			</td> 			<td style="border-bottom:2px solid black; border-left:none; border-right:2px solid black; border-top:none; width:111px"> 			<p style="text-align:center"><span style="font-size:11pt"><span style="font-family:Calibri,sans-serif"><span style="font-size:12.0pt"><span style="font-family:&quot;Times New Roman&quot;,serif"> -    &nbsp; &hellip;</span></span></span></span></p> 			</td> 		</tr> 		<tr> 			<td style="border-bottom:2px solid black; border-left:2px solid black; border-right:2px solid black; border-top:none; width:107px"> 			<p style="text-align:center"><span style="font-size:11pt"><span style="font-family:Calibri,sans-serif"><span style="font-size:12.0pt"><span style="font-family:&quot;Times New Roman&quot;,serif"> 1.4</span></span></span></span></p> 			</td> 			<td style="border-bottom:2px solid black; border-left:none; border-right:2px solid black; border-top:none; width:92px"> 			<p style="text-align:center"><span style="font-size:11pt"><span style="font-family:Calibri,sans-serif"><span style="font-size:12.0pt"><span style="font-family:&quot;Times New Roman&quot;,serif">&hellip;</span></span></span></span></p> 			</td> 			<td colspan="2" style="border-bottom:2px solid black; border-left:none; border-right:2px solid black; border-top:none; width:107px"> 			<p style="text-align:center">&nbsp;</p> 			</td> 			<td style="border-bottom:2px solid black; border-left:none; border-right:2px solid black; border-top:none; width:73px"> 			<p style="text-align:center">&nbsp;</p> 			</td> 			<td style="border-bottom:2px solid black; border-left:none; border-right:2px solid black; border-top:none; width:73px"> 			<p style="text-align:center">&nbsp;</p> 			</td> 			<td style="border-bottom:2px solid black; border-left:none; border-right:2px solid black; border-top:none; width:77px"> 			<p style="text-align:center"><span style="font-size:11pt"><span style="font-family:Calibri,sans-serif"><span style="font-size:12.0pt"><span style="font-family:&quot;Times New Roman&quot;,serif">+</span></span></span></span></p> 			</td> 			<td style="border-bottom:2px solid black; border-left:none; border-right:2px solid black; border-top:none; width:111px"> 			<p style="text-align:center"><span style="font-size:11pt"><span style="font-family:Calibri,sans-serif"><span style="font-size:12.0pt"><span style="font-family:&quot;Times New Roman&quot;,serif">  &gt; 1980</span></span></span></span></p> 			</td> 		</tr> 		<tr> 			<td style="border-bottom:2px solid black; border-left:2px solid black; border-right:2px solid black; border-top:none; width:107px"> 			<p style="text-align:center"><span style="font-size:11pt"><span style="font-family:Calibri,sans-serif"><span style="font-size:12.0pt"><span style="font-family:&quot;Times New Roman&quot;,serif">&hellip;</span></span></span></span></p> 			</td> 			<td style="border-bottom:2px solid black; border-left:none; border-right:2px solid black; border-top:none; width:92px"> 			<p style="text-align:center"><span style="font-size:11pt"><span style="font-family:Calibri,sans-serif"><span style="font-size:12.0pt"><span style="font-family:&quot;Times New Roman&quot;,serif">&hellip;</span></span></span></span></p> 			</td> 			<td colspan="2" style="border-bottom:2px solid black; border-left:none; border-right:2px solid black; border-top:none; width:107px"> 			<p style="text-align:center"><span style="font-size:11pt"><span style="font-family:Calibri,sans-serif"><span style="font-size:12.0pt"><span style="font-family:&quot;Times New Roman&quot;,serif">&hellip;</span></span></span></span></p> 			</td> 			<td style="border-bottom:2px solid black; border-left:none; border-right:2px solid black; border-top:none; width:73px"> 			<p style="text-align:center"><span style="font-size:11pt"><span style="font-family:Calibri,sans-serif"><span style="font-size:12.0pt"><span style="font-family:&quot;Times New Roman&quot;,serif">&hellip;</span></span></span></span></p> 			</td> 			<td style="border-bottom:2px solid black; border-left:none; border-right:2px solid black; border-top:none; width:73px"> 			<p style="text-align:center"><span style="font-size:11pt"><span style="font-family:Calibri,sans-serif"><span style="font-size:12.0pt"><span style="font-family:&quot;Times New Roman&quot;,serif">&hellip;</span></span></span></span></p> 			</td> 			<td style="border-bottom:2px solid black; border-left:none; border-right:2px solid black; border-top:none; width:77px"> 			<p style="text-align:center"><span style="font-size:11pt"><span style="font-family:Calibri,sans-serif"><span style="font-size:12.0pt"><span style="font-family:&quot;Times New Roman&quot;,serif">&hellip;</span></span></span></span></p> 			</td> 			<td style="border-bottom:2px solid black; border-left:none; border-right:2px solid black; border-top:none; width:111px"> 			<p style="text-align:center"><span style="font-size:11pt"><span style="font-family:Calibri,sans-serif"><span style="font-size:12.0pt"><span style="font-family:&quot;Times New Roman&quot;,serif">&hellip;</span></span></span></span></p> 			</td> 		</tr> 		<tr> 			<td colspan="8" style="border-bottom:2px solid black; border-left:2px solid black; border-right:2px solid black; border-top:none; width:640px"> 			<p><span style="font-size:11pt"><span style="font-family:Calibri,sans-serif"><span style="font-size:12.0pt"><span style="font-family:&quot;Times New Roman&quot;,serif"> 2</span></span></span></span></p> 			</td> 		</tr> 		<tr> 			<td style="border-bottom:2px solid black; border-left:2px solid black; border-right:2px solid black; border-top:none; width:107px"> 			<p style="text-align:center"><span style="font-size:11pt"><span style="font-family:Calibri,sans-serif"><span style="font-size:12.0pt"><span style="font-family:&quot;Times New Roman&quot;,serif"> 2.1</span></span></span></span></p> 			</td> 			<td colspan="2" style="border-bottom:2px solid black; border-left:none; border-right:2px solid black; border-top:none; width:100px"> 			<p style="text-align:center"><span style="font-size:11pt"><span style="font-family:Calibri,sans-serif"><span style="font-size:12.0pt"><span style="font-family:&quot;Times New Roman&quot;,serif">&hellip;</span></span></span></span></p> 			</td> 			<td style="border-bottom:2px solid black; border-left:none; border-right:2px solid black; border-top:none; width:99px"> 			<p style="text-align:center">&nbsp;</p> 			</td> 			<td style="border-bottom:2px solid black; border-left:none; border-right:2px solid black; border-top:none; width:73px"> 			<p style="text-align:center"><span style="font-size:11pt"><span style="font-family:Calibri,sans-serif"><span style="font-size:12.0pt"><span style="font-family:&quot;Times New Roman&quot;,serif">+</span></span></span></span></p> 			</td> 			<td style="border-bottom:2px solid black; border-left:none; border-right:2px solid black; border-top:none; width:73px"> 			<p style="text-align:center">&nbsp;</p> 			</td> 			<td style="border-bottom:2px solid black; border-left:none; border-right:2px solid black; border-top:none; width:77px"> 			<p style="text-align:center"><span style="font-size:11pt"><span style="font-family:Calibri,sans-serif"><span style="font-size:12.0pt"><span style="font-family:&quot;Times New Roman&quot;,serif">+</span></span></span></span></p> 			</td> 			<td style="border-bottom:2px solid black; border-left:none; border-right:2px solid black; border-top:none; width:111px"> 			<p style="text-align:center"><span style="font-size:11pt"><span style="font-family:Calibri,sans-serif"><span style="font-size:12.0pt"><span style="font-family:&quot;Times New Roman&quot;,serif"> -    &nbsp; &hellip;</span></span></span></span></p> 			</td> 		</tr> 		<tr> 			<td style="border-bottom:2px solid black; border-left:2px solid black; border-right:2px solid black; border-top:none; width:107px"> 			<p style="text-align:center"><span style="font-size:11pt"><span style="font-family:Calibri,sans-serif"><span style="font-size:12.0pt"><span style="font-family:&quot;Times New Roman&quot;,serif">&hellip;</span></span></span></span></p> 			</td> 			<td colspan="2" style="border-bottom:2px solid black; border-left:none; border-right:2px solid black; border-top:none; width:100px"> 			<p style="text-align:center"><span style="font-size:11pt"><span style="font-family:Calibri,sans-serif"><span style="font-size:12.0pt"><span style="font-family:&quot;Times New Roman&quot;,serif">&hellip;</span></span></span></span></p> 			</td> 			<td style="border-bottom:2px solid black; border-left:none; border-right:2px solid black; border-top:none; width:99px"> 			<p style="text-align:center"><span style="font-size:11pt"><span style="font-family:Calibri,sans-serif"><span style="font-size:12.0pt"><span style="font-family:&quot;Times New Roman&quot;,serif">&hellip;</span></span></span></span></p> 			</td> 			<td style="border-bottom:2px solid black; border-left:none; border-right:2px solid black; border-top:none; width:73px"> 			<p style="text-align:center"><span style="font-size:11pt"><span style="font-family:Calibri,sans-serif"><span style="font-size:12.0pt"><span style="font-family:&quot;Times New Roman&quot;,serif">&hellip;</span></span></span></span></p> 			</td> 			<td style="border-bottom:2px solid black; border-left:none; border-right:2px solid black; border-top:none; width:73px"> 			<p style="text-align:center"><span style="font-size:11pt"><span style="font-family:Calibri,sans-serif"><span style="font-size:12.0pt"><span style="font-family:&quot;Times New Roman&quot;,serif">&hellip;</span></span></span></span></p> 			</td> 			<td style="border-bottom:2px solid black; border-left:none; border-right:2px solid black; border-top:none; width:77px"> 			<p style="text-align:center"><span style="font-size:11pt"><span style="font-family:Calibri,sans-serif"><span style="font-size:12.0pt"><span style="font-family:&quot;Times New Roman&quot;,serif">&hellip;</span></span></span></span></p> 			</td> 			<td style="border-bottom:2px solid black; border-left:none; border-right:2px solid black; border-top:none; width:111px"> 			<p style="text-align:center"><span style="font-size:11pt"><span style="font-family:Calibri,sans-serif"><span style="font-size:12.0pt"><span style="font-family:&quot;Times New Roman&quot;,serif">&hellip;</span></span></span></span></p> 			</td> 		</tr> 		<tr> 			<td style="border-bottom:none; border-left:none; border-right:none; border-top:none; width:107px">&nbsp;</td> 			<td style="border-bottom:none; border-left:none; border-right:none; border-top:none; width:92px">&nbsp;</td> 			<td style="border-bottom:none; border-left:none; border-right:none; border-top:none; width:8px">&nbsp;</td> 			<td style="border-bottom:none; border-left:none; border-right:none; border-top:none; width:99px">&nbsp;</td> 			<td style="border-bottom:none; border-left:none; border-right:none; border-top:none; width:73px">&nbsp;</td> 			<td style="border-bottom:none; border-left:none; border-right:none; border-top:none; width:73px">&nbsp;</td> 			<td style="border-bottom:none; border-left:none; border-right:none; border-top:none; width:77px">&nbsp;</td> 			<td style="border-bottom:none; border-left:none; border-right:none; border-top:none; width:111px">&nbsp;</td> 		</tr> 	</tbody> </table>  <p style="margin-left:58px; text-align:justify">&nbsp;</p>  <ol start="6"> 	<li style="text-align:justify"><span style="font-size:11pt"><span style="font-family:Calibri,sans-serif"><span style="font-size:12.0pt"><span style="font-family:&quot;Times New Roman&quot;,serif">    ( )  .</span></span></span></span></li> 	<li style="text-align:justify"><span style="font-size:11pt"><span style="font-family:Calibri,sans-serif"><span style="font-size:12.0pt"><span style="font-family:&quot;Times New Roman&quot;,serif">  <strong> </strong>  <strong></strong>    ( )    .</span></span></span></span></li> </ol>  <p style="text-align:justify"><span style="font-size:12pt"><span style="font-family:&quot;Times New Roman&quot;,serif"><strong> /   /:</strong></span></span></p>  <ol style="list-style-type:upper-roman"> 	<li style="text-align:justify"><span style="font-size:12pt"><span style="font-family:&quot;Times New Roman&quot;,serif">  .</span></span></li> 	<li style="text-align:justify"><span style="font-size:12pt"><span style="font-family:&quot;Times New Roman&quot;,serif">     &quot;  ( )&quot;.</span></span></li> 	<li style="text-align:justify"><span style="font-size:12pt"><span style="font-family:&quot;Times New Roman&quot;,serif">        .</span></span></li> 	<li style="text-align:justify"><span style="font-size:12pt"><span style="font-family:&quot;Times New Roman&quot;,serif">    ,    <strong><span style="color:black">CA</span> </strong><strong><span style="color:black">ERwin</span> </strong><strong><span style="color:black">Process</span> </strong><strong><span style="color:black">Modeler</span><span style="color:black">,   </span></strong><strong><span style="color:black">IDEF</span><span style="color:black">1</span></strong><strong><span style="color:black">X</span><span style="color:black">).</span></strong></span></span></li> 	<li style="text-align:justify"><span style="font-size:12pt"><span style="font-family:&quot;Times New Roman&quot;,serif">       ( 1).</span></span></li> 	<li style="text-align:justify"><span style="font-size:12pt"><span style="font-family:&quot;Times New Roman&quot;,serif">     ( ).</span></span></li> 	<li style="text-align:justify"><span style="font-size:12pt"><span style="font-family:&quot;Times New Roman&quot;,serif">  ()   . </span></span></li> </ol>  <p style="margin-left:48px; text-align:justify">&nbsp;</p>  <p style="margin-left:48px; text-align:justify"><span style="font-size:11pt"><span style="font-family:Calibri,sans-serif"><strong><span style="font-size:12.0pt"><span style="font-family:&quot;Times New Roman&quot;,serif"></span></span></strong></span></span></p>  <p style="text-align:left"><span style="font-size:12pt"><span style="font-family:&quot;Times New Roman&quot;,serif"><strong>   </strong></span></span></p>  <p style="text-align:justify"><span style="font-size:12pt"><span style="font-family:&quot;Times New Roman&quot;,serif">         ,      .               .</span></span></p>  <p style="text-align:justify"><span style="font-size:12pt"><span style="font-family:&quot;Times New Roman&quot;,serif">             ,     .</span></span></p>  <p style="text-align:justify"><span style="font-size:12pt"><span style="font-family:&quot;Times New Roman&quot;,serif">        <strong>max </strong> <strong>min </strong>:</span></span></p>  <ul> 	<li><span style="font-size:11pt"><span style="font-family:Calibri,sans-serif"><span style="font-size:12.0pt"><span style="font-family:&quot;Times New Roman&quot;,serif"> ,</span></span></span></span></li> 	<li><span style="font-size:11pt"><span style="font-family:Calibri,sans-serif"><span style="font-size:12.0pt"><span style="font-family:&quot;Times New Roman&quot;,serif">    (    ),</span></span></span></span></li> 	<li><span style="font-size:11pt"><span style="font-family:Calibri,sans-serif"><span style="font-size:12.0pt"><span style="font-family:&quot;Times New Roman&quot;,serif">      ;</span></span></span></span></li> 	<li><span style="font-size:11pt"><span style="font-family:Calibri,sans-serif"><span style="font-size:12.0pt"><span style="font-family:&quot;Times New Roman&quot;,serif">    ( 100  60%)<em>.</em></span></span></span></span></li> </ul>  <p style="text-align:justify"><span style="font-size:12pt"><span style="font-family:&quot;Times New Roman&quot;,serif">         :</span></span></p>  <ul> 	<li><span style="font-size:11pt"><span style="font-family:Calibri,sans-serif"><span style="font-size:12.0pt"><span style="font-family:&quot;Times New Roman&quot;,serif">     ,</span></span></span></span></li> 	<li><span style="font-size:11pt"><span style="font-family:Calibri,sans-serif"><span style="font-size:12.0pt"><span style="font-family:&quot;Times New Roman&quot;,serif">  ,</span></span></span></span></li> 	<li><span style="font-size:11pt"><span style="font-family:Calibri,sans-serif"><span style="font-size:12.0pt"><span style="font-family:&quot;Times New Roman&quot;,serif">   ,</span></span></span></span></li> 	<li><span style="font-size:11pt"><span style="font-family:Calibri,sans-serif"><span style="font-size:12.0pt"><span style="font-family:&quot;Times New Roman&quot;,serif">    (   60%).</span></span></span></span></li> </ul>  <p style="margin-left:34px; text-align:justify"><span style="font-size:12pt"><span style="font-family:&quot;Times New Roman&quot;,serif"><strong>     (    2):</strong></span></span></p>  <p style="margin-left:58px; text-align:justify">&nbsp;</p>  <table cellspacing="0" class="Table" style="border-collapse:collapse; border:none"> 	<tbody> 		<tr> 			<td rowspan="2" style="border-bottom:2px solid black; border-left:2px solid black; border-right:2px solid black; border-top:2px solid black"> 			<p style="text-align:center"><span style="font-size:12pt"><span style="font-family:&quot;Times New Roman&quot;,serif"><strong> /</strong></span></span></p> 			</td> 			<td rowspan="2" style="border-bottom:2px solid black; border-left:none; border-right:2px solid black; border-top:2px solid black"> 			<p style="text-align:center"><span style="font-size:12pt"><span style="font-family:&quot;Times New Roman&quot;,serif"><strong></strong></span></span></p> 			</td> 			<td colspan="3" style="border-bottom:2px solid black; border-left:none; border-right:2px solid black; border-top:2px solid black"> 			<p style="text-align:center"><span style="font-size:12pt"><span style="font-family:&quot;Times New Roman&quot;,serif"><strong> ()</strong></span></span></p> 			</td> 		</tr> 		<tr> 			<td style="border-bottom:2px solid black; border-left:none; border-right:2px solid black; border-top:none; vertical-align:top"> 			<p style="text-align:justify"><span style="font-size:12pt"><span style="font-family:&quot;Times New Roman&quot;,serif"></span></span></p> 			</td> 			<td style="border-bottom:2px solid black; border-left:none; border-right:2px solid black; border-top:none; vertical-align:top"> 			<p style="text-align:justify"><span style="font-size:12pt"><span style="font-family:&quot;Times New Roman&quot;,serif"></span></span></p> 			</td> 			<td style="border-bottom:2px solid black; border-left:none; border-right:2px solid black; border-top:none; vertical-align:top"> 			<p style="text-align:justify"><span style="font-size:12pt"><span style="font-family:&quot;Times New Roman&quot;,serif"></span></span></p> 			</td> 		</tr> 		<tr> 			<td style="border-bottom:2px solid black; border-left:2px solid black; border-right:2px solid black; border-top:none; vertical-align:top"> 			<p style="text-align:justify"><span style="font-size:12pt"><span style="font-family:&quot;Times New Roman&quot;,serif">1</span></span></p> 			</td> 			<td style="border-bottom:2px solid black; border-left:none; border-right:2px solid black; border-top:none; vertical-align:top"> 			<p style="text-align:justify"><span style="font-size:12pt"><span style="font-family:&quot;Times New Roman&quot;,serif">  </span></span></p> 			</td> 			<td style="border-bottom:2px solid black; border-left:none; border-right:2px solid black; border-top:none; vertical-align:top"> 			<p style="text-align:center"><span style="font-size:12pt"><span style="font-family:&quot;Times New Roman&quot;,serif">0,6</span></span></p> 			</td> 			<td style="border-bottom:2px solid black; border-left:none; border-right:2px solid black; border-top:none; vertical-align:top"> 			<p style="text-align:center"><span style="font-size:12pt"><span style="font-family:&quot;Times New Roman&quot;,serif">0,5</span></span></p> 			</td> 			<td style="border-bottom:2px solid black; border-left:none; border-right:2px solid black; border-top:none; vertical-align:top"> 			<p style="text-align:center"><span style="font-size:12pt"><span style="font-family:&quot;Times New Roman&quot;,serif">0,4</span></span></p> 			</td> 		</tr> 		<tr> 			<td style="border-bottom:2px solid black; border-left:2px solid black; border-right:2px solid black; border-top:none; vertical-align:top"> 			<p style="text-align:justify"><span style="font-size:12pt"><span style="font-family:&quot;Times New Roman&quot;,serif">2</span></span></p> 			</td> 			<td style="border-bottom:2px solid black; border-left:none; border-right:2px solid black; border-top:none; vertical-align:top"> 			<p style="text-align:justify"><span style="font-size:12pt"><span style="font-family:&quot;Times New Roman&quot;,serif">    </span></span></p> 			</td> 			<td style="border-bottom:2px solid black; border-left:none; border-right:2px solid black; border-top:none; vertical-align:top"> 			<p style="text-align:center"><span style="font-size:12pt"><span style="font-family:&quot;Times New Roman&quot;,serif">0,4</span></span></p> 			</td> 			<td style="border-bottom:2px solid black; border-left:none; border-right:2px solid black; border-top:none; vertical-align:top"> 			<p style="text-align:center"><span style="font-size:12pt"><span style="font-family:&quot;Times New Roman&quot;,serif">0,3</span></span></p> 			</td> 			<td style="border-bottom:2px solid black; border-left:none; border-right:2px solid black; border-top:none; vertical-align:top"> 			<p style="text-align:center"><span style="font-size:12pt"><span style="font-family:&quot;Times New Roman&quot;,serif">0,2</span></span></p> 			</td> 		</tr> 		<tr> 			<td style="border-bottom:2px solid black; border-left:2px solid black; border-right:2px solid black; border-top:none; vertical-align:top"> 			<p style="text-align:justify"><span style="font-size:12pt"><span style="font-family:&quot;Times New Roman&quot;,serif">3</span></span></p> 			</td> 			<td style="border-bottom:2px solid black; border-left:none; border-right:2px solid black; border-top:none; vertical-align:top"> 			<p style="text-align:justify"><span style="font-size:12pt"><span style="font-family:&quot;Times New Roman&quot;,serif">           </span></span></p> 			</td> 			<td style="border-bottom:2px solid black; border-left:none; border-right:2px solid black; border-top:none; vertical-align:top"> 			<p style="text-align:center"><span style="font-size:12pt"><span style="font-family:&quot;Times New Roman&quot;,serif">0,9</span></span></p> 			</td> 			<td style="border-bottom:2px solid black; border-left:none; border-right:2px solid black; border-top:none; vertical-align:top"> 			<p style="text-align:center"><span style="font-size:12pt"><span style="font-family:&quot;Times New Roman&quot;,serif">0,75</span></span></p> 			</td> 			<td style="border-bottom:2px solid black; border-left:none; border-right:2px solid black; border-top:none; vertical-align:top"> 			<p style="text-align:center"><span style="font-size:12pt"><span style="font-family:&quot;Times New Roman&quot;,serif">0,5</span></span></p> 			</td> 		</tr> 		<tr> 			<td style="border-bottom:2px solid black; border-left:2px solid black; border-right:2px solid black; border-top:none; vertical-align:top"> 			<p style="text-align:justify"><span style="font-size:12pt"><span style="font-family:&quot;Times New Roman&quot;,serif">4</span></span></p> 			</td> 			<td style="border-bottom:2px solid black; border-left:none; border-right:2px solid black; border-top:none; vertical-align:top"> 			<p style="text-align:justify"><span style="font-size:12pt"><span style="font-family:&quot;Times New Roman&quot;,serif">       IDEF1X   </span></span></p> 			</td> 			<td style="border-bottom:2px solid black; border-left:none; border-right:2px solid black; border-top:none; vertical-align:top"> 			<p style="text-align:center"><span style="font-size:12pt"><span style="font-family:&quot;Times New Roman&quot;,serif">0,9</span></span></p> 			</td> 			<td style="border-bottom:2px solid black; border-left:none; border-right:2px solid black; border-top:none; vertical-align:top"> 			<p style="text-align:center"><span style="font-size:12pt"><span style="font-family:&quot;Times New Roman&quot;,serif">0,75</span></span></p> 			</td> 			<td style="border-bottom:2px solid black; border-left:none; border-right:2px solid black; border-top:none; vertical-align:top"> 			<p style="text-align:center"><span style="font-size:12pt"><span style="font-family:&quot;Times New Roman&quot;,serif">0,5</span></span></p> 			</td> 		</tr> 		<tr> 			<td style="border-bottom:2px solid black; border-left:2px solid black; border-right:2px solid black; border-top:none; vertical-align:top"> 			<p style="text-align:justify"><span style="font-size:12pt"><span style="font-family:&quot;Times New Roman&quot;,serif">5</span></span></p> 			</td> 			<td style="border-bottom:2px solid black; border-left:none; border-right:2px solid black; border-top:none; vertical-align:top"> 			<p style="text-align:justify"><span style="font-size:12pt"><span style="font-family:&quot;Times New Roman&quot;,serif">         (  1)</span></span></p> 			</td> 			<td style="border-bottom:2px solid black; border-left:none; border-right:2px solid black; border-top:none; vertical-align:top"> 			<p style="text-align:center"><span style="font-size:12pt"><span style="font-family:&quot;Times New Roman&quot;,serif">0,4</span></span></p> 			</td> 			<td style="border-bottom:2px solid black; border-left:none; border-right:2px solid black; border-top:none; vertical-align:top"> 			<p style="text-align:center"><span style="font-size:12pt"><span style="font-family:&quot;Times New Roman&quot;,serif">0,35</span></span></p> 			</td> 			<td style="border-bottom:2px solid black; border-left:none; border-right:2px solid black; border-top:none; vertical-align:top"> 			<p style="text-align:center"><span style="font-size:12pt"><span style="font-family:&quot;Times New Roman&quot;,serif">0,3</span></span></p> 			</td> 		</tr> 		<tr> 			<td style="border-bottom:2px solid black; border-left:2px solid black; border-right:2px solid black; border-top:none; vertical-align:top"> 			<p style="text-align:justify"><span style="font-size:12pt"><span style="font-family:&quot;Times New Roman&quot;,serif">6</span></span></p> 			</td> 			<td style="border-bottom:2px solid black; border-left:none; border-right:2px solid black; border-top:none; vertical-align:top"> 			<p style="text-align:justify"><span style="font-size:12pt"><span style="font-family:&quot;Times New Roman&quot;,serif">       (  1)</span></span></', true, 25, 12, 20);
INSERT INTO public.workprogramsapp_evaluationtool VALUES (6, ' ()', '  ', '<p>  </p><figure class="table"><table><tbody><tr><td>&nbsp;</td><td>&nbsp;</td><td>&nbsp;</td><td>&nbsp;</td></tr><tr><td>&nbsp;</td><td>&nbsp;</td><td>&nbsp;</td><td>&nbsp;</td></tr><tr><td>&nbsp;</td><td>&nbsp;</td><td>&nbsp;</td><td>&nbsp;</td></tr><tr><td>&nbsp;</td><td>&nbsp;</td><td>&nbsp;</td><td>&nbsp;</td></tr><tr><td>&nbsp;</td><td>&nbsp;</td><td>&nbsp;</td><td>&nbsp;</td></tr><tr><td>&nbsp;</td><td>&nbsp;</td><td>&nbsp;</td><td>&nbsp;</td></tr></tbody></table></figure>', false, NULL, 100, 10);
INSERT INTO public.workprogramsapp_evaluationtool VALUES (7, '', '', '', true, 0, 0, 0);
INSERT INTO public.workprogramsapp_evaluationtool VALUES (8, 'ddfdf', 'dfdf', '', true, 0, 0, 0);
INSERT INTO public.workprogramsapp_evaluationtool VALUES (9, 'string', 'string', 'string', true, 0, 0, 0);
INSERT INTO public.workprogramsapp_evaluationtool VALUES (10, 'string', 'wewewe', 'string', true, 0, 0, 0);
INSERT INTO public.workprogramsapp_evaluationtool VALUES (11, 'wrerewrwerewr', 'werwerewrewr', 'string', true, 0, 0, 0);
INSERT INTO public.workprogramsapp_evaluationtool VALUES (12, 'wrerewrwerewr', 'wssdsdsderwerewrewr', 'string', true, 0, 0, 0);
INSERT INTO public.workprogramsapp_evaluationtool VALUES (13, 'wrerewrwerewr', '', 'string', true, 0, 0, 0);
INSERT INTO public.workprogramsapp_evaluationtool VALUES (14, 'wrerewrwerewr', '', 'string', true, 0, 0, 0);
INSERT INTO public.workprogramsapp_evaluationtool VALUES (15, 'wrerewrwerewr', '', 'string', true, 0, 0, 0);


--
-- Data for Name: workprogramsapp_fieldofstudy; Type: TABLE DATA; Schema: public; Owner: postgres
--

INSERT INTO public.workprogramsapp_fieldofstudy VALUES (1, '09.04.03  ', 'bachelor', 'internal', NULL, NULL, NULL);


--
-- Data for Name: workprogramsapp_fieldofstudyworkprogram; Type: TABLE DATA; Schema: public; Owner: postgres
--



--
-- Data for Name: workprogramsapp_implementationacademicplan; Type: TABLE DATA; Schema: public; Owner: postgres
--



--
-- Data for Name: workprogramsapp_indicator; Type: TABLE DATA; Schema: public; Owner: postgres
--

INSERT INTO public.workprogramsapp_indicator VALUES (1, '-1.1.1', ' -       ', 1);
INSERT INTO public.workprogramsapp_indicator VALUES (2, '-1.1.2', '          ', 1);
INSERT INTO public.workprogramsapp_indicator VALUES (3, '-1.3.2', '        ', 1);
INSERT INTO public.workprogramsapp_indicator VALUES (4, '-1.3.3', '     ', 1);


--
-- Data for Name: workprogramsapp_indicatorworkprogram; Type: TABLE DATA; Schema: public; Owner: postgres
--



--
-- Data for Name: workprogramsapp_onlinecourse; Type: TABLE DATA; Schema: public; Owner: postgres
--

INSERT INTO public.workprogramsapp_onlinecourse VALUES (181, ' 
', 'online.edu.ru', '   ', 'https://online.edu.ru/public/course.xhtml?faces-redirect=true&cid=4086');
INSERT INTO public.workprogramsapp_onlinecourse VALUES (1, ' ', 'online.edu.ru', ' ', 'https://online.edu.ru/public/course.xhtml?faces-redirect=true&cid=3476');
INSERT INTO public.workprogramsapp_onlinecourse VALUES (2, '    ', 'online.edu.ru', '   ...', 'https://online.edu.ru/public/course.xhtml?faces-redirect=true&cid=3481');
INSERT INTO public.workprogramsapp_onlinecourse VALUES (3, '  ', 'online.edu.ru', '  .', 'https://online.edu.ru/public/course.xhtml?faces-redirect=true&cid=3483');
INSERT INTO public.workprogramsapp_onlinecourse VALUES (4, ' :  ', 'online.edu.ru', '   ...', 'https://online.edu.ru/public/course.xhtml?faces-redirect=true&cid=3487');
INSERT INTO public.workprogramsapp_onlinecourse VALUES (5, '-', 'online.edu.ru', '   ...', 'https://online.edu.ru/public/course.xhtml?faces-redirect=true&cid=3490');
INSERT INTO public.workprogramsapp_onlinecourse VALUES (18, '  .  2', 'online.edu.ru', '    ...', 'https://online.edu.ru/public/course.xhtml?faces-redirect=true&cid=3596');
INSERT INTO public.workprogramsapp_onlinecourse VALUES (20, ' 
', 'online.edu.ru', '  ', 'https://online.edu.ru/public/course.xhtml?faces-redirect=true&cid=3601');
INSERT INTO public.workprogramsapp_onlinecourse VALUES (7, ' ', 'online.edu.ru', '     ...', 'https://online.edu.ru/public/course.xhtml?faces-redirect=true&cid=3572');
INSERT INTO public.workprogramsapp_onlinecourse VALUES (8, '', 'online.edu.ru', ' ...', 'https://online.edu.ru/public/course.xhtml?faces-redirect=true&cid=3576');
INSERT INTO public.workprogramsapp_onlinecourse VALUES (9, ' .    ', 'online.edu.ru', '  ...', 'https://online.edu.ru/public/course.xhtml?faces-redirect=true&cid=3578');
INSERT INTO public.workprogramsapp_onlinecourse VALUES (10, '      ', 'online.edu.ru', ' I.    ...', 'https://online.edu.ru/public/course.xhtml?faces-redirect=true&cid=3580');
INSERT INTO public.workprogramsapp_onlinecourse VALUES (19, '  
', 'online.edu.ru', ' ...  ', 'https://online.edu.ru/public/course.xhtml?faces-redirect=true&cid=3599');
INSERT INTO public.workprogramsapp_onlinecourse VALUES (6, ' 
', 'online.edu.ru', ' 1.  ...  ', 'https://online.edu.ru/public/course.xhtml?faces-redirect=true&cid=3570');
INSERT INTO public.workprogramsapp_onlinecourse VALUES (11, ' .  : , , 
', 'online.edu.ru', '  1.  ,   ,    . 2. , , .      ,   .      . 3.          . 4.       .        XX . 5.          . ,  . 6.       .  . 7.     .   . . 8.     . 9. ,  .  ,  , . 10. : , ,     , . 11.  ,  , .  ', 'https://online.edu.ru/public/course.xhtml?faces-redirect=true&cid=3582');
INSERT INTO public.workprogramsapp_onlinecourse VALUES (12, '     
', 'online.edu.ru', '    1.        1. .   2.   .    2.        3.    .   4.    .   5.   .    .   6.    .   7.    .   8.      .   9.  .   10.   .    3.          11.  : ,       .   12.     .  ', 'https://online.edu.ru/public/course.xhtml?faces-redirect=true&cid=3584');
INSERT INTO public.workprogramsapp_onlinecourse VALUES (13, '
', 'online.edu.ru', '    1.           .      ...  .   .  .    . .      .    .    .    1.      .   ,     .   . .  .       .    .   .    3.      .   ,     .    .  .     .    4.     .  .       .     .  .      . . .  ,    .      .    5.  .    .  .      .     .       .      .      .   .        .      .    6.     .     .       .      .         .       .    7.     .  .  .    .  .  .   .   . . .        . .   . .  .  .    8.    .    .  .         .  .   .  .     . .     .   .    9.     . .     .        .  .  .     .  .  .   .    10.  .  .  .          .    .     .  .       .     .    .  div B = 0.    .    .    11.       .    .     .    .   .  .  .    12.      ( ).   ().     .   . ,     .     .    13.    .        .  .    14.  .    .         .    .    15.   . ,   .   .  .    16.  .     .  .  ,  .    17.   .  .    RC-  LC-.    18.     .    .    19.   .     .    20.     .   .  .    21.    . -.  -.    22.        .    23.  .  ', 'https://online.edu.ru/public/course.xhtml?faces-redirect=true&cid=3586');
INSERT INTO public.workprogramsapp_onlinecourse VALUES (14, '
', 'online.edu.ru', '    1.  .  .      .  ,       F1    2 (3:1).  .   -    - .   .  ,    ,   ,   .        2.      F1    F2 (9--: -: 3-: 1 ).      .   .   .   .    .   . -    .    : , , .          3.     ..    -    .            .        (),      , ..  .         .       ,    .          4.   .   .      .          5.     - ,   . )     . ,     .   .     (X,Y  W,Z) -        (N/N=1).  ,   .  .     F1,      -.      . .          6.               .  ( )        .     ,         .  :    ,   ,   ,   .     .               .     ,  ,    .           .          7.   :         ,    ,   .            .    . -, -.    .    (,   ).  ,  ,   (),      .    .        .         .    .   8.       ,          .    ,   ,  : 1)       ; 2)        ,   ,   .   -,   ,   ,        .              :  , ,  .  ,  (.. ),     (.. ), -  (.. ).        9, 10.          ,    .  ,     ,                   - ,  ()   .      .    : Drosophila melanogaster -  , Caenorhabditis elegans   , , Xenopus laevis -  , Mus musculus -  , Arabidopsis Thaliana   :    , .  ,      .      .  .   (   )        .     .                 (, , ),    .           .       .    (). ,      .       (iPS)       Oct4, Sox2, c-Mic, Klf4  Nanog.    ( , 1997).           (, , , , , ,  (-)  .).        11, 12.   .   .    .  : , , , , -,   .  (  )  .   .     Fish.        .    .      .    (3,5109 ..).  (, , ,   ..).          (      ;       ).  .  - .   (, -,    ,   ).  . , ,   (   ).          13.        .   ( ,       ,  ).  ( ): , ,  ( ),  .   (  ,  -  ,      ).   (    ).      .     - .       ().     .    ', 'https://online.edu.ru/public/course.xhtml?faces-redirect=true&cid=3588');
INSERT INTO public.workprogramsapp_onlinecourse VALUES (25, '   
', 'online.edu.ru', '    1.   .     .  .           2.     .    .   .    .   3.     ,    .   Na+  +-.  ,   . ;  ;  .   4.   .   : ,    ,   , . -    .  .    .   5.   (),  .    ,  . - .      .  . -   .   6.   (N),  .  ,    .   N (   ). N   :   . N,     .   7.         : ,  , .   -      . , ,    . .   8.  : ,  .  ;    .   .  . :    . 5--,    .   .   9.       .   .  ,   .   . .    (),    .   .   10.     :    ;  ,    .    ,  .     .  .   .   11.    :  . , ,  .     .   :  .  , ,    , , .   12.   ,  .   :  ; . ,   ,  :     .   :    .  ', 'https://online.edu.ru/public/course.xhtml?faces-redirect=true&cid=3611');
INSERT INTO public.workprogramsapp_onlinecourse VALUES (15, '   
', 'online.edu.ru', '  1..       .  2.   ,    8.,          .  3.        .  4.  .           .       .  5.     .    ,   , -   (, , ,  ).  6.  .        .     .  7.   :   -,           -      .  8.     .  9.  .       .   .  10.      -   :-.  ', 'https://online.edu.ru/public/course.xhtml?faces-redirect=true&cid=3590');
INSERT INTO public.workprogramsapp_onlinecourse VALUES (16, ',    
', 'online.edu.ru', '     10 :    .  -.     :   .   .     . .      .   , ,  .       .  ,    .    .  ,    .         .   .          .    ', 'https://online.edu.ru/public/course.xhtml?faces-redirect=true&cid=3592');
INSERT INTO public.workprogramsapp_onlinecourse VALUES (17, '  .  1
', 'online.edu.ru', '      1.         2.         3.             4.         5.       XI-XV .   6.         7. -        ', 'https://online.edu.ru/public/course.xhtml?faces-redirect=true&cid=3594');
INSERT INTO public.workprogramsapp_onlinecourse VALUES (21, '    
', 'online.edu.ru', '   1:          2:     3:   ?   4:        5:       6:       7:        8:         9:        10:       11:        12:       ', 'https://online.edu.ru/public/course.xhtml?faces-redirect=true&cid=3603');
INSERT INTO public.workprogramsapp_onlinecourse VALUES (22, ' .     
', 'online.edu.ru', '   1.  .  .  2.   .  3.    .  4.  .  .  5.   .   .  6.  -.   .  7.  .  8.    .     .  9.    .      .  10.     .  11.    .  12.    .  13.    .  14.     .     .  15.      .    .  16. ,  .   .  17.   .    .  18.     .  ', 'https://online.edu.ru/public/course.xhtml?faces-redirect=true&cid=3605');
INSERT INTO public.workprogramsapp_onlinecourse VALUES (23, '
', 'online.edu.ru', '     .1       .2      1.       .1.1.       .1.2.   .1.3. ,        2.       .2.1.    .2.2.   .2.3.            3.     .3.1.   .   .3.2.      .3.3.      4.     .4.1.       .4.2.   .4.3.    .4.4.  .4.5.   .4.6.   .4.7. ,          5.       .5.1.    .5.2.    .5.3.     .5.4. ,     6.      .6.1.       .6.2.   .6.3.        .6.4.       7.   .7.1.        .7.2.   .7.3.   .7.4.     .7.5.   .7.6.   .7.7.     8.   .8.1.    .   .8.2.       .   .8.3.  ,   .8.4.   .8.5.      9.      .9.1.  -   .9.2.     .9.3.    .       ', 'https://online.edu.ru/public/course.xhtml?faces-redirect=true&cid=3607');
INSERT INTO public.workprogramsapp_onlinecourse VALUES (24, ' :   
', 'online.edu.ru', '    1.      ,    - -     ,      .   ,          .   .     -, - .    2.   -    .     ,   .    ---    ,      ,  -        .    3.     :    ( -, V(F)-, BC-),  .    -, ,    Na, K-,     .     -   ( -). , K-,      ,    , K-    - . C-  ,   ,   .   -:   .  V-:   F-, , ,    .  V-:    ,  ,    .    4.  -   .    .  .  :   .      - ,   .    5.      .    ():  .    , -                () .    ,           .    ,  , - ,  ,        ( ).    .  ', 'https://online.edu.ru/public/course.xhtml?faces-redirect=true&cid=3609');
INSERT INTO public.workprogramsapp_onlinecourse VALUES (26, '  
', 'online.edu.ru', '    1: ()       .    2:      .    3:    -        .    4:    XI . (, , ).  ,  .    5:    -     XI .    6:      (, ).   .    7:  -       .    8:      XII . (, , ):    .    9:       -.    10:     :      .    11:   :  .    12:    - : , , .    13:     .    14:     :    .    15:     - .    16:  :    .    17:   -:     ?    18:     XI-XII .  ', 'https://online.edu.ru/public/course.xhtml?faces-redirect=true&cid=3613');
INSERT INTO public.workprogramsapp_onlinecourse VALUES (27, ':  
', 'online.edu.ru', '  ', 'https://online.edu.ru/public/course.xhtml?faces-redirect=true&cid=3615');
INSERT INTO public.workprogramsapp_onlinecourse VALUES (28, ' 
', 'online.edu.ru', '   1.    .   .  2.  I.  .  3.  II.     . -3  .  4.  III. -4      .  5. .     .  6.   I.  .  7.   II.    .  8.    I.  . .  9.    II. , , .  10.    III.   .  11.     .  12. .  ', 'https://online.edu.ru/public/course.xhtml?faces-redirect=true&cid=3617');
INSERT INTO public.workprogramsapp_onlinecourse VALUES (29, '    
', 'online.edu.ru', '     12 .    I.        1.     1.   ?   .  H2 2.   :   ,   3.   4.      5.     6.        2.   ,      1.   2.   3.   .      4.   .  5.     6.       3.   ,        1.   2.      3.      4.          4.        1.  N2 2.   .   3.       4.   .        5.   , ,    1.  Cl2 2.  .   3.       4.         II.        6.       1.  H2O 2.   ,     3.    4.      5.     6.         7.        1.  NH3 2.  .   3.     4.       5.           8.          1.  CO2 2.  .   3.  ,     CO2 4.     5.    .      9.         1.  CO 2.  .      CO 3.   CO 4. CO         10.         1.  CH4 2.  .   3.      4.    5.       11.   ,        1.  C2H4 2.  .   3.      4.     5.        12.          1.  .   2.    3.     4.      5.      ', 'https://online.edu.ru/public/course.xhtml?faces-redirect=true&cid=3651');
INSERT INTO public.workprogramsapp_onlinecourse VALUES (30, ' 
', 'online.edu.ru', '  ', 'https://online.edu.ru/public/course.xhtml?faces-redirect=true&cid=3653');
INSERT INTO public.workprogramsapp_onlinecourse VALUES (31, ' 
', 'online.edu.ru', '    1.   . ,     .    (, , ,   ,    ).  ,   . ( ..)    2.      .      (, , ,    ,    ).   (: - ,  ,  ; :  ,   ;  -:  ,  ,   ).      .   .   (, , -, , , , ,  , , ).    ,   ,  .   (, , , , ). ( ..)    3.  .  ,  ,  ,  , ,   .     (, ,  ),    .   (-,  , -, ,  ). ( ..)    4.     .    ,     . ( ..)    5.     .      (    ).  .      .  .    . ( ..)    6.   -   .  .  -   ,    . ( ..)    7.   .     . .  .    .    .  .( ..)    8.   .     .   ,  .  .      .  . .         .  . ( ..)    9.      .     .    .  .   .  .  , . . ( ..)  ', 'https://online.edu.ru/public/course.xhtml?faces-redirect=true&cid=3655');
INSERT INTO public.workprogramsapp_onlinecourse VALUES (32, ' 
', 'online.edu.ru', '  ', 'https://online.edu.ru/public/course.xhtml?faces-redirect=true&cid=3659');
INSERT INTO public.workprogramsapp_onlinecourse VALUES (33, ' 
', 'online.edu.ru', '    .  .  .       . .      .   .  .    .   .  .     .     .  .   .    .   .     .  .    .   .   .    .   ', 'https://online.edu.ru/public/course.xhtml?faces-redirect=true&cid=3663');
INSERT INTO public.workprogramsapp_onlinecourse VALUES (34, '  
', 'online.edu.ru', '       .   .   .  .   .  .   .             .      .     .    .      .     .    .    .  .     .    .  .  .    .     .   .    .          .   . .        .   .   .     .       .   .    .       .  .  .     .  .    .       .   .  .  .  .      .      .   .               .      .     .     .     .  .     .       .      .        .    .      -  .   . .    I .        .   .  .      .  E  B ( v &lt;&lt; c).   -  .     ,  .  .       .   .       .   .         .    .   .    .  .   .  ,    .   .     .  .   ().     .     .       .    . .    .       .    .    .        .  .     .     .     .    .    .   .  .  .  .   .  ,  .  ,   ( ).     .        .  .  .  .  .     ,     .      .      .    .  .  .  .      .  .   ( ).      .  .    ().  .      .  .  .    .  -.        .  .  .    .  . ,  .  .   .   .   ', 'https://online.edu.ru/public/course.xhtml?faces-redirect=true&cid=3665');
INSERT INTO public.workprogramsapp_onlinecourse VALUES (35, ' 
', 'online.edu.ru', '       .    :     .   ,    .    .        .     .   :     .      .      .   .     .  .    .    .  .        .   .    .    .       .   ', 'https://online.edu.ru/public/course.xhtml?faces-redirect=true&cid=3669');
INSERT INTO public.workprogramsapp_onlinecourse VALUES (36, ' .     
', 'online.edu.ru', '      .   .     .     .   .   :      .   .    .       .      . :   ,   .    .      .    .   .      .      . :   .    :     .       .       .      .   .    .  .      .   .   .       (    ).        .   .      :      .   ', 'https://online.edu.ru/public/course.xhtml?faces-redirect=true&cid=3671');
INSERT INTO public.workprogramsapp_onlinecourse VALUES (37, ' .  
', 'online.edu.ru', '    :     ,  ,   .      .    .   : ,   .  ,    .     ( ).  ,     .   .  .    ,    .     : ,     , , .     .     .    .  .  : .     e   .  :  .        .   " ".   .    .  e     . " "   e  .     .     .      .   .     .    .  .    .   .   .   ', 'https://online.edu.ru/public/course.xhtml?faces-redirect=true&cid=3673');
INSERT INTO public.workprogramsapp_onlinecourse VALUES (38, ' 
', 'online.edu.ru', '      .    .   .    .  .    .   .    .         .      .  -.   m-.   ,     .        .      .      ,   .     .   .     .    .  -: ,    ,  ,   .  -:      .     :    .  P  NP.   (   P  NP). NP- .   ', 'https://online.edu.ru/public/course.xhtml?faces-redirect=true&cid=3677');
INSERT INTO public.workprogramsapp_onlinecourse VALUES (39, '
', 'online.edu.ru', '   1      .   .  : , .  .    .   2  ,  ,  ,  ,    .      .  ,  .   3     .  ,   ,     ( ).         ,  .   4     .  ,   ,        I(x) (  ).           .   5  .  .    .   .  .  .    ,  ,  .  , .    ,  .   6  .  .    .   .  .  .    ,  ,  .  , .    ,  .   7  .          .    ,  .      .     .   8  : ,  ,  .   :  ,  ,  .   9    10     ,   .    ,    .       .  -.     :         ( -),  .      ( ).   .   11  .  .     .   .  ,     ,  .   12  ,    ,  .   .        .  ,  .    .   13  .  .  . , ,  .     .     .    .     .   14   (   ).   .   .   .    ( ),  . .   15   ', 'https://online.edu.ru/public/course.xhtml?faces-redirect=true&cid=3679');
INSERT INTO public.workprogramsapp_onlinecourse VALUES (40, '    
', 'online.edu.ru', '   .  -        .  : , , , ,   .    : ,   ;    ;  ;       . -          (    .).   .        (     ).       : )     )  . .   . - , , .  .    .   I.   .    -  -        . -      .      ,    -.    : )   )     )      ( http://philosophy.mipt.ru/publications/works/lipkin/civilization/crisis_renascence );   :  ; ;    ( , , ,   (""  "").    -     ( (""""),  ("" "") ,  (""   "")) - -     - "" ""  "" "" ( ,  ,  [.: http://www.philosophy.ru/library/russell/01/00.html  ]).   :   - -   -  "" "" (   [.  . ""    ""   .. "" :  ""]),  -    . , -,  ( http://50.economicus.ru/index.php?ch=5&amp;le=43&amp;r=4&amp;z=0 );  (        ( http://www.mnemosyne.ru/library/rawls.html ),   """"   ( http://lib.ru/INOOLD/MOR/utopia.txt )),     (. ... ""  "" "")( http://philosophy.ru/iphras/library/absol.html#195 ),   ,     ( http://philosophy.mipt.ru/publications/works/lipkin/civilization/LipkinPubl1206.html );   .       I.  -       (, , )   ? -     ? - -  , ,  ( )? - ? -   ? -   , "" "",     ? - : """" (  20 .   )  """" (, )? - ? :  : ,... ., 1998 ( http://www.mnemosyne.ru/library/index.html )   II.      - .    .     (  ).  .      ( http://philosophy.mipt.ru/publications/works/lipkin/philsci/LipkinPubl02.html   "" "" (. ..), . 7) -       .       [.:  http://www.philosophy.ru/library/russell/01/00.html  ] -  ..    -     .    -          .   .         . - .                 : ""  ""  """"; """" , """"  """" . -   -    ""  ""        (, , ) -   :    ,  ,   -  - .  .  - 1-  ,   .    .      2-  .    :    .   (, , )  - A       "" "".    .      "" "".  , "" ""   .   -    .   "" ""       .  """"    , ,    """".    "" "".   -   :    ,    . ""   "" .   III.    -   (   ).  "" ""  ..      (, ),    . (--). - II  ,  """"  ,   ,       (, ). . -   XIX-XX . (., ., ., .--,   .) -  .      : (, , ) -   XX .   (., ., ., .)   IV.    -  . -     -   ..    . .   . .     "" "".   ..   V.   .  -  . - -    .     .      .     :   ,   .   .   ..   .  . ,    (.. ),   (.  .). -   Cogito. -    ; , ,   ', 'https://online.edu.ru/public/course.xhtml?faces-redirect=true&cid=3681');
INSERT INTO public.workprogramsapp_onlinecourse VALUES (41, '   
', 'online.edu.ru', '     .   ,      .   .   .   :   .       .      .      .    .    .      -.    .   .     .   ', 'https://online.edu.ru/public/course.xhtml?faces-redirect=true&cid=3683');
INSERT INTO public.workprogramsapp_onlinecourse VALUES (42, ' 
', 'online.edu.ru', '     .   .   .    (  ).       .  .      .   ', 'https://online.edu.ru/public/course.xhtml?faces-redirect=true&cid=3687');
INSERT INTO public.workprogramsapp_onlinecourse VALUES (43, '   
', 'online.edu.ru', '   1      :  ,   .   .  .        .          .   .    . ,     .   . , ,  .   . .         ,  .    .     .    .       .   2   .   .  .    .  .  .  .          .  .   .  .   ,    .         .   3   .   .   .      .      .       .   .          .   4  .   .    .   .  .     .    .   P  V.    .    .       .        .    .   5   .  .   I  II .  .   .   .  .     .      .  .  .   .  .  .   .  .   .  .       . .      .   6  --    .   --.  .     .     .        --.    --.    --.   --.    .     .  .  , .   .   7    8    .    .  .   .  .    .   .  .  .   9  .         .  ,    .    .    ,       .   ,        .   10      .  . -  .   .   .    .  .    .         .  .   11 .      ( )  .   .     .       .    .     ,  .   12 .   .         .   ( ).    .  .    .   13 .   .   .      .     .  : ,   .    .  ,     .   14  . .  .      .     .  . .      .   15   ', 'https://online.edu.ru/public/course.xhtml?faces-redirect=true&cid=3691');
INSERT INTO public.workprogramsapp_onlinecourse VALUES (44, '     
', 'online.edu.ru', '  1.   1.1.  .   .     . -   .    .  . 1.2.  .         ( ). 1.3.   , : ,     .          .  2.      2.1.  .       . 2.2.      .     . 2.3.        .  . 2.4.   :    "" .       .  3.     3.1.      .     . 3.2.   ( )   ( )   . 3.3.  .  .   .  4.   4.1.    .         .   .  5.       5.1.     . ,     . 5.2.        ,     .         , ,     . 5.3. ,         .  6.       ( ) 6.1.      .  .  .    ,   . 6.2.    .     .     . 6.3.       .  .  -.  7.    8.   . 8.1 ,   ( ),  . 8.2  ,  ,    . 8.3   ( ) .     . 8.4     ;  . 8.5    .   .    . 8.6           .  9.         . 9.1         .     . 9.2          . 9.3          . 9.4 ,    . 9.5        .  10.        . 10.1   . 10.2  ,    ;  . 10.3    . 10.4       .  11.       . 11.1         .  .       . 11.2        . 11.3       . 11.4   . 11.5     .  12.     . 12.1  . 12.2  .  . 12.3  . 12.4   .  .  ,  ,  .  13.    . 13.1             . 13.2     . 13.3     .  14.   . 14.1       . 14.2         . 14.3    . 14.4    . 14.5  .  15.    ', 'https://online.edu.ru/public/course.xhtml?faces-redirect=true&cid=3693');
INSERT INTO public.workprogramsapp_onlinecourse VALUES (45, '-     
', 'online.edu.ru', '  ', 'https://online.edu.ru/public/course.xhtml?faces-redirect=true&cid=3695');
INSERT INTO public.workprogramsapp_onlinecourse VALUES (136, '   
', 'online.edu.ru', '      :     ,           ,                               .          .      .                 .  10-    -.        (    ):   ,            ;   ,              ,        .  ', 'https://online.edu.ru/public/course.xhtml?faces-redirect=true&cid=3979');
INSERT INTO public.workprogramsapp_onlinecourse VALUES (46, ' . 
', 'online.edu.ru', '   1   .    ;  ,               ;              2   .                          (      )     3                             4 .           2-  ,                  5                              6                            7       ,        .          8       1-                 .  .    9   .  .     2-    .      .      . .     10 .      -            ', 'https://online.edu.ru/public/course.xhtml?faces-redirect=true&cid=3697');
INSERT INTO public.workprogramsapp_onlinecourse VALUES (47, ' . 
', 'online.edu.ru', '  1. .   .    .     .    .       .        .  2.       .   . .  .      .  .     .  3. .      .     .    .  4.       .       .         .  5.   .  .    .    .       .  .  6.   .   .    .       .  7.  .   .   .    .   .       .  .  8.  . .       .   .  9.  .  .     .     .     .  10.     .   .     ,   .  .     .  ', 'https://online.edu.ru/public/course.xhtml?faces-redirect=true&cid=3699');
INSERT INTO public.workprogramsapp_onlinecourse VALUES (48, '    
', 'online.edu.ru', '  1.    .    ; 2.  .     ; 3.  .  .     .  ; 4.   : , , , ; 5.   : , , , , ; 6.  .   .  .   ; 7.   : , , .  ; 8.  .   .      ; 9.    .  ; 10.   .  .   .  ; 11. .   .  ; 12. : , , ; 13.  .   .  ', 'https://online.edu.ru/public/course.xhtml?faces-redirect=true&cid=3701');
INSERT INTO public.workprogramsapp_onlinecourse VALUES (49, ' 
', 'online.edu.ru', '  1.      . 2.  -     . 3.   . 4.     . 5. - . 6.   - . 7. - . 8. - ,            . 9.     ,   -    . 10.     -    .  ', 'https://online.edu.ru/public/course.xhtml?faces-redirect=true&cid=3703');
INSERT INTO public.workprogramsapp_onlinecourse VALUES (50, '  . , , 
', 'online.edu.ru', '   :             (,  ,  , , , ,  ).    ,       .   .    .        .       .       .   -   ( ,  ,   ,   ).  -,    .   .          .      .  ,    .              .  .      .          1 .        1   .  ', 'https://online.edu.ru/public/course.xhtml?faces-redirect=true&cid=3705');
INSERT INTO public.workprogramsapp_onlinecourse VALUES (157, '    
', 'online.edu.ru', '    1.     1.1.       2.       2.1.        2.2.         2.3.     2.4.       3.        3.1.       3.2.        3.3.         4.          4.1.     4.2.      4.3.     4.4.       4.5.         5.        5.1.  .    5.2.    5.3.        6.   .        6.1.  . .    6.2.  .     6.3.     6.4.     6.5.     6.6.     7.       7.1.   .      7.2.     7.3.     7.4.       ', 'https://online.edu.ru/public/course.xhtml?faces-redirect=true&cid=4031');
INSERT INTO public.workprogramsapp_onlinecourse VALUES (51, '   .  2:  
', 'online.edu.ru', '        ,    ,              .   ,       ,      .
  5          1-   " ".     ,        .        . ', 'https://online.edu.ru/public/course.xhtml?faces-redirect=true&cid=3731');
INSERT INTO public.workprogramsapp_onlinecourse VALUES (52, '
', 'online.edu.ru', '   :   I.                 .       .       .      .    II.       .        .             .    .    .        .    III.       .          .     .         .        .    IV.   ,          .       .     .    V.       .         .     .       .       .    .    VI.      .         ,  .        ,  .      ,             .    VII.    .          .   .   ,      .               .    VIII.     .     ()  ,  .     .   .         .    IX.      .        .      .       .     - .    X.             .   ,            .               .      .   ,           .  ,     ;     .          .   ', 'https://online.edu.ru/public/course.xhtml?faces-redirect=true&cid=3762');
INSERT INTO public.workprogramsapp_onlinecourse VALUES (53, '  :    
', 'online.edu.ru', '   I.      .   .  .      .    II.      -  ()        .      .    .     .       - .         .           .   " "   .    III.    ()    -    -    .    .  , ,  .   .       .      .     .     .   .   ', 'https://online.edu.ru/public/course.xhtml?faces-redirect=true&cid=3764');
INSERT INTO public.workprogramsapp_onlinecourse VALUES (54, '   -   
', 'online.edu.ru', '     .  .       .  .       .        .       .     .         :      .  ,    :  .   ,             :       .   ,  , .  ,  , :         :  .     :  .      .    :    .         .  ,     .      .    :    .        .     .    :       .      fips.ru.     Espacenet.     uspto.gov.     Questel.    :   .    :  .       .     .     -. .   ', 'https://online.edu.ru/public/course.xhtml?faces-redirect=true&cid=3766');
INSERT INTO public.workprogramsapp_onlinecourse VALUES (108, '
', 'online.edu.ru', '    1.       2.      3.         4.          5.        6.       7.       8.     9.   .   ', 'https://online.edu.ru/public/course.xhtml?faces-redirect=true&cid=3913');
INSERT INTO public.workprogramsapp_onlinecourse VALUES (55, '  
', 'online.edu.ru', '   1     1.1 ,        1.2   ,     1.3  .   -   1.4        2         2.1      2.2    2.3    2.4      2.5 -       3           .  3.1      3.2     3.3        3.4        3.5     4       4.1  .  .     4.2       4.3  .    4.4    4.5             4.6    :     ,      5     5.1     5.2        5.3     5.4 -      5.5  .  ', 'https://online.edu.ru/public/course.xhtml?faces-redirect=true&cid=3768');
INSERT INTO public.workprogramsapp_onlinecourse VALUES (56, ' 
', 'online.edu.ru', '   1.    .   ;  2.    ;  3.    . ;  4.    . ;  5.   ;  6.  . ;  7.  . ;  8.  ;  9.   ;  10. -   .  ;  ', 'https://online.edu.ru/public/course.xhtml?faces-redirect=true&cid=3772');
INSERT INTO public.workprogramsapp_onlinecourse VALUES (57, '
', 'online.edu.ru', '     .     .  , ,  .       .    .      .       .      .      .       .   .           5725-1-6-2002.    .    .    .     .   ', 'https://online.edu.ru/public/course.xhtml?faces-redirect=true&cid=3774');
INSERT INTO public.workprogramsapp_onlinecourse VALUES (58, '   
', 'online.edu.ru', '    1.     ( 1  2)               2.     ( 3  4)                   3.     ( 5  6)                4.        ( 7  8)                     5 .     ( 9  10)      :                        ', 'https://online.edu.ru/public/course.xhtml?faces-redirect=true&cid=3777');
INSERT INTO public.workprogramsapp_onlinecourse VALUES (59, '    
', 'online.edu.ru', '    1.    . -     ().  .         ().        .     ().    .      .     .     ()    .         .     . .     .   ,   .         .   .  , , .     2. ,    .      .    .   .      (-) (, -, ).   -.     3. -     ().        .    ,   .        (CVD).         (PVD).     .  .       .    ,     .         .   ', 'https://online.edu.ru/public/course.xhtml?faces-redirect=true&cid=3779');
INSERT INTO public.workprogramsapp_onlinecourse VALUES (60, '  . .  2
', 'online.edu.ru', '   01.                    .      .      .      02.   .  1     .                    ()    03.   .  2                      ()    04. .  1    -    -  ()                          05.  ( II)                  -                06.  ( III)     ,                          ', 'https://online.edu.ru/public/course.xhtml?faces-redirect=true&cid=3781');
INSERT INTO public.workprogramsapp_onlinecourse VALUES (61, '  . .  1
', 'online.edu.ru', '      :    .     .      .    ,    .   :   .     .    .         3R.        .   .     .     .     .  ', 'https://online.edu.ru/public/course.xhtml?faces-redirect=true&cid=3783');
INSERT INTO public.workprogramsapp_onlinecourse VALUES (166, '  
', 'online.edu.ru', '   1. :  .     .     .   2.   :  .  .   : , , .   3.   :   . . . . .  .     4.  :     .   .   ,     .     -    5. :     .   .   .      6.   :   .  . .    . .   7.    :       .   ,  ,   .      .       .     : ,  . ,         8.     .  ', 'https://online.edu.ru/public/course.xhtml?faces-redirect=true&cid=4050');
INSERT INTO public.workprogramsapp_onlinecourse VALUES (62, ' 
', 'online.edu.ru', '   1.   .  ,   ;  2.   ;  3.           .  1;  4.           .  2;  5.        ,    .  1;  6.        ,    .  2;  7.        ;  8.     ;  9.       ;  10.   .   ', 'https://online.edu.ru/public/course.xhtml?faces-redirect=true&cid=3785');
INSERT INTO public.workprogramsapp_onlinecourse VALUES (63, '   
', 'online.edu.ru', '    1.     .    1.      .   3.     .    2.   .    1.    .   2.             3.   .    1.    .   2.      .   3.      .   4.   .    4.   .    1.  ,   ,   .   2.       .   3.       .   4.      .   5.    .    5.   .    1.    ,    .   2.    .   3.   .   4.     .    6.   .    1.  .   2.    .   3.  .   4.   .   5.     .    7.     .    1.    .    .   ', 'https://online.edu.ru/public/course.xhtml?faces-redirect=true&cid=3788');
INSERT INTO public.workprogramsapp_onlinecourse VALUES (64, '       
', 'online.edu.ru', '   1.    :       .    .   Business Intelligence  Big Data   2.    :     . ,           3.  :     ,   MapReduce.  Apache Hadoop   . Apache Spark   .    , Apache Storm, Flink   4.     :  CAP.  NoSQL.  NoSQL     5.     :   ,    R.    R   6.   :   : Text, Data, Web, Social Mining.     . K-means  C-means , .  , ,  .   7.  :  : Lucene, Solr, ElasticSearch.. Work2Vec  Glove  ', 'https://online.edu.ru/public/course.xhtml?faces-redirect=true&cid=3792');
INSERT INTO public.workprogramsapp_onlinecourse VALUES (65, '
', 'online.edu.ru', '   1.      .   1.   .   2.      .   2.       3.   .   4.  .   5.   .   6.  - .   3.   .   7.   .   8.   .   4.       .   9.   .   10.   .   5.    .   6.    ', 'https://online.edu.ru/public/course.xhtml?faces-redirect=true&cid=3795');
INSERT INTO public.workprogramsapp_onlinecourse VALUES (66, '   ( 1:    )
', 'online.edu.ru', '    1.             2.        3.          4.        5.    ,         6.        7.            8.          9.       ', 'https://online.edu.ru/public/course.xhtml?faces-redirect=true&cid=3797');
INSERT INTO public.workprogramsapp_onlinecourse VALUES (67, ' ( )
', 'online.edu.ru', '        1.        1.    ,  ,  .   .    1.    .   .   .  . -  .      2.   -     2.   .  ,    .     ,   .    3 . ,      . -.    7.0.97-2016.    4.      .    .  .      .  .     .      3.       - .    5 .  : , ,  .    6 . - : , ,  .      4.   : , ,   .    7.   :      .    8.   .       .      .      5.      :  ,  ,   .    9.    :      .      2.        6 .           10.  ,  ,    .     .       : , ,   .      7.    ,    .    11.       ,    .      .      8.       12.      :     .      9.       13.       .  ,    .  ,    :  ,  , ,  .      3.         10.     .   125-  22.10.2004         .    14.     . ,  ,      .     :    .      11.    .    ,  .  .    15.            .      .       .  :  ,   ,  -  .   .        .      12 .    .    .    16 .   .       . ,       .         .        .         .      .   ', 'https://online.edu.ru/public/course.xhtml?faces-redirect=true&cid=3799');
INSERT INTO public.workprogramsapp_onlinecourse VALUES (167, '  
', 'online.edu.ru', '    1.       1.     2.      3.     4.      2.       1.     2.     3.     4.       5.       3.       1. GSM   2. Wi-Fi   3. Bluetooth   4. LTE  ', 'https://online.edu.ru/public/course.xhtml?faces-redirect=true&cid=4052');
INSERT INTO public.workprogramsapp_onlinecourse VALUES (68, '   
', 'online.edu.ru', '          ,     ():       . ,       .         .       .     .  2D  3D ,    , ,     .   ,    .      ,  ;    .     .   : , ,     , .   ', 'https://online.edu.ru/public/course.xhtml?faces-redirect=true&cid=3803');
INSERT INTO public.workprogramsapp_onlinecourse VALUES (69, '  
', 'online.edu.ru', '       .                          .     .      .   .              :           :               .    -        .   ', 'https://online.edu.ru/public/course.xhtml?faces-redirect=true&cid=3806');
INSERT INTO public.workprogramsapp_onlinecourse VALUES (70, '   .  2.    
', 'online.edu.ru', '      1.        1.         2. ,      3. ,      4.      5. C       2.    &lt;br&gt;  6. &lt;br&gt;  7. &lt;br&gt;  8. &lt;br&gt;  9. &lt;br&gt;  10.      3.       &lt;br&gt;  11.     &lt;br&gt;  12.     &lt;br&gt;  13.  &lt;br&gt;    4.      &lt;br&gt;  15.    &lt;br&gt;  16. &lt;br&gt;  17.  &lt;br&gt;  18.  ,    &lt;br&gt;  19.             .      ,      ,         .  IP                    .           -    RAM/ROM                 ', 'https://online.edu.ru/public/course.xhtml?faces-redirect=true&cid=3808');
INSERT INTO public.workprogramsapp_onlinecourse VALUES (71, ' 
', 'online.edu.ru', '  1. .      2.   ,   ,     3.   :  ,  4.  :    5. .   1-3 6.      7.  -, ER- ,   , IDEF1x 8. IDEF1x (), IE,  CASE-,       9.  SQL,  (DDL, DML ),  ,  ,  / ,  ,   10. SQL: , , ,  (INSERT, DELETE,UPDATE, MERGE) 11.  SELECT,   ,      12. .  -     SELECT 13.  14.  15. , ,   16.  , , ,   ', 'https://online.edu.ru/public/course.xhtml?faces-redirect=true&cid=3810');
INSERT INTO public.workprogramsapp_onlinecourse VALUES (72, ' .  1
', 'online.edu.ru', '   .    1.    .    -   .   1.   .     . 2.     . 3. -  -   . 4.  ,     . 5. ,     . 6.     .   2.  .  7.  .   . 8.   . 9.   . 10.  .   3. ,    .  11. ,   . 12.   .   4.   .  13.   . 14.   .    .   .   ', 'https://online.edu.ru/public/course.xhtml?faces-redirect=true&cid=3814');
INSERT INTO public.workprogramsapp_onlinecourse VALUES (198, '     
', 'online.edu.ru', '  ', 'https://online.edu.ru/public/course.xhtml?faces-redirect=true&cid=4218');
INSERT INTO public.workprogramsapp_onlinecourse VALUES (199, '. . 
', 'online.edu.ru', '  ', 'https://online.edu.ru/public/course.xhtml?faces-redirect=true&cid=4274');
INSERT INTO public.workprogramsapp_onlinecourse VALUES (73, ' .  2.   
', 'online.edu.ru', '        1.         1.    . 2.      . 3.      . 4.      .    2. , ,       5.    . 6. . 7.    . 8.    . 9.     . 10.     . 11.     . 12.   . 13. ,      .       ', 'https://online.edu.ru/public/course.xhtml?faces-redirect=true&cid=3820');
INSERT INTO public.workprogramsapp_onlinecourse VALUES (74, '  .     
', 'online.edu.ru', '      :       .       .     .    .     .    .   .      .    .   .       ', 'https://online.edu.ru/public/course.xhtml?faces-redirect=true&cid=3824');
INSERT INTO public.workprogramsapp_onlinecourse VALUES (75, '  
', 'online.edu.ru', '        1.      1.       2.    3.         2.      4.     5.   6.   7.    8.   9.   10.   11.   12.   .      13.           3.        14.      15. -           ', 'https://online.edu.ru/public/course.xhtml?faces-redirect=true&cid=3826');
INSERT INTO public.workprogramsapp_onlinecourse VALUES (76, ' 
', 'online.edu.ru', '   .     1.       .   1.   /  .   .    2.     .   2.      .    3.     .   3.     ,   .  4.      .  5.   .  6.       .  7.    .  8.     .  9.     .  10.     .    4.  .   11.   .  12.     - .  13.      .  14.    .  15.        .    .   ', 'https://online.edu.ru/public/course.xhtml?faces-redirect=true&cid=3828');
INSERT INTO public.workprogramsapp_onlinecourse VALUES (77, '
', 'online.edu.ru', '    1.                    ,         .                2.                .                 3.                         4.               (MRP)      (CRP)           5.                                                       6.  ,  I    , ,                  , XYZ        7.  ,  II             JIT, VMI  MRP                     8.               ( 1)      ( 2)     9.                                10.  ,  I           ,                ,       ,         11.  ,  II                .            12.                       13.                           14.    ,  I                     15.    ,  II    WMS-  TMS-  RM-. EDI-  ,         ', 'https://online.edu.ru/public/course.xhtml?faces-redirect=true&cid=3831');
INSERT INTO public.workprogramsapp_onlinecourse VALUES (78, '   
', 'online.edu.ru', '     19  ,      ,        :                                                                       ,                     ', 'https://online.edu.ru/public/course.xhtml?faces-redirect=true&cid=3833');
INSERT INTO public.workprogramsapp_onlinecourse VALUES (79, '
', 'online.edu.ru', '   .     1.      .         .      .    .     XXI .     2.    :  (  ,   ),     ,       .      .      .        .    .     3.     :      .       ;    .     .        .     4.        .       :    .       -  .     5.   ; .     .       .   .     .   ', 'https://online.edu.ru/public/course.xhtml?faces-redirect=true&cid=3835');
INSERT INTO public.workprogramsapp_onlinecourse VALUES (80, '
', 'online.edu.ru', '    1.       1.      1.1.      1.2.       2.    2.1.     2.2      2.3.   2.4.      2.5.    2.6.       2.       3.        3.1.   2  3.2. ,      2     4.     ()    4.1.    2  4.2.   2  4.3.      2  4.4. Relationship marketing       3.       5.      5.1.     5.2.    5.3.    5.4.        6.      6.1.      6.2.    6.3.     6.4.      4.       7.          7.1.  : , ,    7.2.    7.3. ,          7.4.  : ABC, XYZ, BCG    8.     8.1.      8.2.     8.3.    ,   8.4.    8.5.     9.    9.1.    9.2.   9.3.   9.4.      10.    10.1.      10.2. ,     10.3.   10.4.     11.    11.1.    11.2.   11.3.      12.        12.1.     12.2.  12.3.     13.      13.1.         13.2.      13.3. Customer Relationship Management (CRM)      13.4.      13.5.        14.         14.1.      14.2.        .   5.       15.     15.1.     15.2.       15.3.     15.4.     6.     ', 'https://online.edu.ru/public/course.xhtml?faces-redirect=true&cid=3838');
INSERT INTO public.workprogramsapp_onlinecourse VALUES (81, '  
', 'online.edu.ru', '  ', 'https://online.edu.ru/public/course.xhtml?faces-redirect=true&cid=3842');
INSERT INTO public.workprogramsapp_onlinecourse VALUES (82, ' . 
', 'online.edu.ru', '    .       .     .         .            1.              1.    .         .           1.  ,    .  .             2.    .   .      2.     ()       2.     .           3.            4.      .       .         5.       .      .          3.                  6.  ,      .   .            7.  : -         8.  :  , ,       3.              4.               9.               10.               11.    . .          12.            13.             5.              14.              15.           6.                16.             17.           7.                  18.          4.            8.                19.             20.        ?       ', 'https://online.edu.ru/public/course.xhtml?faces-redirect=true&cid=3844');
INSERT INTO public.workprogramsapp_onlinecourse VALUES (109, '  
', 'online.edu.ru', '    1.               2.        3.       :  .   .     4.   :          5.              6.             7 .             8.             ', 'https://online.edu.ru/public/course.xhtml?faces-redirect=true&cid=3917');
INSERT INTO public.workprogramsapp_onlinecourse VALUES (83, ' 
', 'online.edu.ru', '    1.            1.        2.  ,          2. -   ,          3.       4.           3.        5.        6.       7.         4. ,              8.  -       5.  -         9.        ', 'https://online.edu.ru/public/course.xhtml?faces-redirect=true&cid=3846');
INSERT INTO public.workprogramsapp_onlinecourse VALUES (84, ' . BIM
', 'online.edu.ru', '   1.     . BIM.        BIM/VDC          2.          -        Autodesk Revit.            Autodesk Revit.                 ,          Autodesk Revit       BIM     ', 'https://online.edu.ru/public/course.xhtml?faces-redirect=true&cid=3848');
INSERT INTO public.workprogramsapp_onlinecourse VALUES (85, '  
', 'online.edu.ru', '     :  .  1.    ().  2.   .  3.   .  4.    .  .  5.      .  6.    .  7.     .  8.   .  9.   .  ', 'https://online.edu.ru/public/course.xhtml?faces-redirect=true&cid=3850');
INSERT INTO public.workprogramsapp_onlinecourse VALUES (86, '  
', 'online.edu.ru', '   :  1.       2.   .    3.   .   .  ,    4.  :    5.    .   6.    . , , .   7.  .  peer review.    8.     .         9.      10.             1 .        1   .  ', 'https://online.edu.ru/public/course.xhtml?faces-redirect=true&cid=3852');
INSERT INTO public.workprogramsapp_onlinecourse VALUES (87, ' .  
', 'online.edu.ru', '     1. .   .  .   .   2. . . .   3.   . .    4. .  .   5.  ,  .   .   6.  . .   7. .   .  .  .   8.  . .  /  .   9. . .  .    10. .    .      ', 'https://online.edu.ru/public/course.xhtml?faces-redirect=true&cid=3854');
INSERT INTO public.workprogramsapp_onlinecourse VALUES (310, '   
', 'online.edu.ru', '                                   :      : , ,            ', 'https://online.edu.ru/public/course.xhtml?faces-redirect=true&cid=979695');
INSERT INTO public.workprogramsapp_onlinecourse VALUES (88, '  : 
', 'online.edu.ru', '   1.  .             ,        ,   ,                       (  )    2.          NGS     WGS -     (data generation approaches)  16S                           (  )    3.  : 16S         16S, 18S        16S           16S     (, ,    ..)                    (  )    4.  :          ( , , GC%)                         (  )    5.  :    gene centric       ,                 gene centric        ,                           (  )    6.                ,                               (  )    7.                        ', 'https://online.edu.ru/public/course.xhtml?faces-redirect=true&cid=3856');
INSERT INTO public.workprogramsapp_onlinecourse VALUES (89, ' :    
', 'online.edu.ru', '    1.   .    .   (, ,  , ).   .   . .  ,  .  ,  .    .  .    .     ,   .      , , .   .   .  ,  .  .    2.  .       .     .      .  .    .  :  ,   .  : , , .  . .    .  ,  :  ,  . .   H2+, H2-.   (  ,  ).   .   .  .  .         .    .    .   .    (, ).    .    .  .    .     .   LiH  HF.  :  NH4+, PH4+, H3O+.: BH4-, AlH4-, Al(BH4)3. -    .     .  H+ + H- = H2.  .  () . .   HF2-.   , HF, .   .     : , .  .   .   ().    3.  .    .  ,  ,     (  ),  .    .    .  .  . .  ,   .    .     .     ( ,  )   .       . .  .   .     .       -1.  .    .  .   . .    .  .   ,     .  . ,  .  . .   O22-.  ,   .  . .     .       .   .    .   O2- . ,.      .  .  2+. .    4.  .   .      ,      .  .      .  . .  ..   .    . .     .      .       .      (  ) .     .      . -     .    .       .   .  .       ..       ..,  .        .     .       .    .          :    ,         ..  .    .     . -  .      .       ()    .     .      . :            .    5.  s-.  .    .   ,  .  .       .  .        .      .   .  2 .    2 .  2 .  .   .  .      .       .  .  .    .  .  .    ,      .  : Li- .    6.  2p-.    .. .  2-:    : 1) 2- 2)    ; 3) ..4; 4)     ; 5)    .   2-.      -.   , ,  ,   , .       -.    -.    .      . , .    F2, N2 ( ).     2-n.  2-: , .  . .   2-. . .  -    ( HF  CH4).   .    .   . CF4 -  .    . - .   .  .  2-.    . NO, ,    .  NO.  NO+.  (BO)x, B2O3. CO2. NO2. -  .    H3BO3, H2CO3, HNO3, /HOF/.    ., , . . .  .    7.  p-.   -.  .  .    . .  ..   d-.  d- p .           .     (r, I, E,)  .  .    .          .  , -, -        .   . .  . , ,  . .  .  .    , , .    Tl(III), Pb(IV), Bi(V).  . -. . -.  . .-. .     . , Sn-Se, Pb-S, In-Br, S-F, S-Cl , Ge-O, Sn-O.  8.    .  ,    . , .     .     .   .     .    .    .  . -. - .   .    9.  3d-.     .   .   .          .   .   : ,   . 3d-  .       .           ,    .    ,      3d-.    , ,    .   .   .   .  -  . ,     . -  -     .     ..      -  . -  -   .  .    .           . -  -.   .  3d-.        ,  .       .    .     ,  .     .      .  -.     3d-.  3d-   . ,  .     .    10.  4,5d-.    .     d-.  .    .  -       d-  3-d .  --, - .  .   3d      .     d-. .  -.   .  -     ,   .  ,   .      .  .     .    .  .  -.  :  Pd    .    11.  f-. .  . .  .    .  .   .    .    .    . , , .   Ce, Eu,Tb,Yb..  .   .     5f .  .  .   .  .    (  -).   .   . .  .   .    7 (Og)!  :   .    12.   .    .      .  : H2SO3 + H2SeO3; SnCl2 + Bi(NO3)3 + NaOH.  :     .  ', 'https://online.edu.ru/public/course.xhtml?faces-redirect=true&cid=3859');
INSERT INTO public.workprogramsapp_onlinecourse VALUES (90, '   
', 'online.edu.ru', '          10   (.  ).  ', 'https://online.edu.ru/public/course.xhtml?faces-redirect=true&cid=3862');
INSERT INTO public.workprogramsapp_onlinecourse VALUES (91, '   .  2.
', 'online.edu.ru', '   1   . .   2 "   "   3 ".  "   4 ". "   5 "  "   6 ""   7 " "   8 ""   9 ""   10 ""  ', 'https://online.edu.ru/public/course.xhtml?faces-redirect=true&cid=3865');
INSERT INTO public.workprogramsapp_onlinecourse VALUES (92, '   :   
', 'online.edu.ru', '                             (    " ")                                                             :                       ', 'https://online.edu.ru/public/course.xhtml?faces-redirect=true&cid=3868');
INSERT INTO public.workprogramsapp_onlinecourse VALUES (93, '-:  
', 'online.edu.ru', '   1. .  2.  .  3.  .  4.  .  5.  .  6.   -.  7.    .  8.  ,    .  ', 'https://online.edu.ru/public/course.xhtml?faces-redirect=true&cid=3870');
INSERT INTO public.workprogramsapp_onlinecourse VALUES (94, ' 
', 'online.edu.ru', '   1.  ,       ,   ,        .  2.   .  -.  3.  .   .  4.         SQL.  5.    SQL.  6. , , , .  7.  .  8.   .  9.   .  10.      .     Big Data.  ', 'https://online.edu.ru/public/course.xhtml?faces-redirect=true&cid=3874');
INSERT INTO public.workprogramsapp_onlinecourse VALUES (135, ' 
', 'online.edu.ru', '      :   .         ,       ,            ,         .          .                        ()          .  3-, 6-, 7-, 9-  11-       .  7-  11-    .        (    ):   ,            ;   ,              ,        .  ', 'https://online.edu.ru/public/course.xhtml?faces-redirect=true&cid=3977');
INSERT INTO public.workprogramsapp_onlinecourse VALUES (95, '  
', 'online.edu.ru', '  1.         (  .       .   ) 2.   ( : , , , - .   -    . .       ) 3.     (    .   .     :        .   .      .   19171918 .           ) 4.        . (     .       .          .    ,       ) 5.     (    .  .   .    .        1917-1918 .        .     .    (2006) 6. ,         (   .    .    .  -     .      ) 7.  ,            (    //   .   //    .      ) 8.       (     .      .         ) 9.     (  .      .    .   .       .    ) 10.   (  .  .   )  ', 'https://online.edu.ru/public/course.xhtml?faces-redirect=true&cid=3879');
INSERT INTO public.workprogramsapp_onlinecourse VALUES (96, '  
', 'online.edu.ru', '    1.  .    .  .  ,        .  ,      .    . .    2.   .   ,  .   .  .   .  ,  ,  .    .    .  .  . .      .     .          .    3.     .    -   .          .      .   .  .  .    4.  - .       .   : ,    .     .    .    :     .    . . -  -  .   :     ,  .  .     .  .   .   - .  Na, K-.    5.   .   ,  .   2+.  .   .   .    .    , .    6.   .  -      . ,       .        .  ,   -       .            .   .    7. -   .  -  ().  - .    .    .  .    .    8.    .      .   .  . -- .   .   .    9.    .       .     .            ,           (- ).   ,         .        ,               .    10.     .          ,    :   -,  .    .   .       .     . .  .  .  ', 'https://online.edu.ru/public/course.xhtml?faces-redirect=true&cid=3881');
INSERT INTO public.workprogramsapp_onlinecourse VALUES (97, ': , , 
', 'online.edu.ru', '    :    ,                I  .     ;      II  .     ;      III  .      .     ;      IV  .        ;      V  .    ;      VI  .        (  );      VII . - :       ;      VIII  .       .         ;      IX  .   :     ;    X.   .  ', 'https://online.edu.ru/public/course.xhtml?faces-redirect=true&cid=3884');
INSERT INTO public.workprogramsapp_onlinecourse VALUES (98, '        
', 'online.edu.ru', '     8 ,    8    1.       2. -    3.     ,  .    4.  .     5. -    6. - -    7. -.        8.        ', 'https://online.edu.ru/public/course.xhtml?faces-redirect=true&cid=3887');
INSERT INTO public.workprogramsapp_onlinecourse VALUES (99, '    
', 'online.edu.ru', '    1:  ;       ; , , , ;   (    ).   2:     ();   ;  ( vs. ).   3:       ;       ;     .   4:  /; ;  ;  .   5:       ;  ;   ( );   ( ).   6:    (, );   ( );   ( );   .   7:   ( ); /;  (); .   8:  -   ;  ;  / .   9:    (1);   (2); () ()  ();  .   10:         ;       ;       .  ', 'https://online.edu.ru/public/course.xhtml?faces-redirect=true&cid=3889');
INSERT INTO public.workprogramsapp_onlinecourse VALUES (100, ' .  
', 'online.edu.ru', '     I. 1. .    2.    .  , ,      3. Praesens indicativi activi. Imperativus praesentis activi.    4.     . .    5.  .    II 1.   ( )   2.  ( ).      3.  III .    4.  .    . Praesens indicativi passivi. Infinitivus praesentis passivi  5.    . Ablativus auctoris. Ablativus instrumenti  III 1.  ille; iste; ipse  2. Imperfectum indicativi activi et passivi  3.  is, ea, id.    4. Futurum primum indicativi activi et passivi  5.    esse  IV 1.  :    2.  :    3.  :    3.  :   4.     5. Participium praesentis activi  V 1.  .  Accusativus cum infinitivo ()  2.  Nominativus cum infinitivo ()  3. Perfectum indicativi activi  4. Participium perfecti passivi. Perfectum indicativi passivi  5.  qui, quae, quod  VI 1. Plusquamperfectum et futurum secundum indicativi activi et passivi.  2. Ablativus absolutus  3.      . Ablativus comparationis.  4.    . Genetivus partitivus  5.    VII 1.    2.  hic, haec, hoc  3. Participium futuri activi.   4.  Accusativus cum infinitivo ()  5.   VIII 1. Gerundium  2. Gerundivum    3. Coniugatio periphrastica.  .  4.    eo, fero  5.    volo, nolo, malo  IX 1. Modus coniunctivus     2. Coniunctivus     3.   Gaudeamus  4.          5.    ', 'https://online.edu.ru/public/course.xhtml?faces-redirect=true&cid=3891');
INSERT INTO public.workprogramsapp_onlinecourse VALUES (101, '    
', 'online.edu.ru', '   :  1.      . 2.       ,   . 3. -   ,    . 4.        . 5.    - . 6. -   . 7.        . 8.  -   . 9.      . 10.  ,      .       1 .        1   .  ', 'https://online.edu.ru/public/course.xhtml?faces-redirect=true&cid=3895');
INSERT INTO public.workprogramsapp_onlinecourse VALUES (102, '    
', 'online.edu.ru', '  1.       2.       3.       4.    .      5.     .      6.    - .     7. -      8.        9.    -    10.      .    ', 'https://online.edu.ru/public/course.xhtml?faces-redirect=true&cid=3897');
INSERT INTO public.workprogramsapp_onlinecourse VALUES (103, ' . :    
', 'online.edu.ru', '    1.      2.         ,   ,  ;  ,  ,  ;   ,  ,  .     3.      ,   ;     -;   .     4.         ,   ,   ;    ,   .     5.       , , ;      .     6.            ;  , ,  ;    ;      .     7.         ,   ;       .     8.  ,           , ;   ,    .     9. p-       p-,       ;     .     10.          ,   ;       :    , S4  A4.     11.              ;     ;  ,  .     12.         ,        ;     8  12;      60.     13.        ', 'https://online.edu.ru/public/course.xhtml?faces-redirect=true&cid=3901');
INSERT INTO public.workprogramsapp_onlinecourse VALUES (104, '   .  
', 'online.edu.ru', '   1.   2.   .   .   3.    .      4.     5.     6.     7.       8.    ', 'https://online.edu.ru/public/course.xhtml?faces-redirect=true&cid=3903');
INSERT INTO public.workprogramsapp_onlinecourse VALUES (105, '  
', 'online.edu.ru', '  ', 'https://online.edu.ru/public/course.xhtml?faces-redirect=true&cid=3905');
INSERT INTO public.workprogramsapp_onlinecourse VALUES (106, ' 
', 'online.edu.ru', '    1.        2.        3.         4.      5.   .  II   6.        7.        8.     .  II   9.      10.          ', 'https://online.edu.ru/public/course.xhtml?faces-redirect=true&cid=3908');
INSERT INTO public.workprogramsapp_onlinecourse VALUES (107, ' 
', 'online.edu.ru', '   1 .       2          3   ( )  4     (  )  5        ( -).  6        7    ,    ( )  8    9 .       10      ', 'https://online.edu.ru/public/course.xhtml?faces-redirect=true&cid=3910');
INSERT INTO public.workprogramsapp_onlinecourse VALUES (110, '  
', 'online.edu.ru', '    1. .   .    .  .   -     2. .   .    .    -    .    3.   .   .    .  .   -     4.   .   .    .    -    .    5.   .  .   .   .   -     6.   .  .   .    -    .    7. .  .  .   .   -     8. .  .  .    -    .    9.  .  .  .  .   -     10.  .  .  .    -    .    11.  :   .    .  .   -     12.  :   .    .    -        13. :    .   ()  .  .   -     14. :    .   ()  .    -    .  ourse program  The course consists of 14 weeks, in which you can summarize your knowledge of the topics included in the Standard TRKI-1:  I. Travel. Telling about yourself; II. Getting to know the city. A walk in the town. Cultural and historical monuments; III. Healthy lifestyle. At the stadium. In the sports club; IV. Hobbies. Types of hobbies. Social survey; V. Human health. Ecological problems. Volunteering; VI. Contemporary Russia: history and economics. Cultural and scientific figures; VII. Russia: state and folk holidays.  Each topic includes:  a situational-topical minimum: oral speaking genres (watching video lectures, listening to the podcast, speaking and writing assignments);  authentic texts for reading and listening;  grammar, which provides understanding and production of the texts, according to the level B1 (description, narration, instruction, argumentation, explanation);  assignments to each of the parts, as well as peer-assignments, which gives the opportunity to demonstrate the ability to create ones own oral and written texts and assess other learners.  ', 'https://online.edu.ru/public/course.xhtml?faces-redirect=true&cid=3919');
INSERT INTO public.workprogramsapp_onlinecourse VALUES (111, ' 
', 'online.edu.ru', '  1.         2.    .  3.       .  4.      .  5.   .  6.    .  7.    .  8.  .  9.    .  10.     .  ', 'https://online.edu.ru/public/course.xhtml?faces-redirect=true&cid=3923');
INSERT INTO public.workprogramsapp_onlinecourse VALUES (112, '  
', 'online.edu.ru', '  -     :   1.          .  1.1       .  1.2    .   2.     .  2.1   .  2.2    -            3.  .  3.1          .   4.  ,   ,     .  4.1.  ,   ,     .   5.       .  5.1    .  5.2      .  5.3    .  5.4        .   6.    .  6.1         .  6.2       .   7.      .  7.1     .  7.2      .  7.3       ,  .   8.      .  8.1     .  8.2     .  8.3   .  8.4    .   9.       .  9.1     .  9.2      .  9.3    .       .    10.    ', 'https://online.edu.ru/public/course.xhtml?faces-redirect=true&cid=3926');
INSERT INTO public.workprogramsapp_onlinecourse VALUES (113, '   
', 'online.edu.ru', '  -     .   1     .    .  1.1  .   .  1.2   .   .  1.3  .  1.4  .    ().   2  .  2.1   .   .   .  2.2   .  ,      -1 .  2.3        -1 .  2.4 .  2.5  .   3  .  3.1  ,     .  3.2       .  3.3     .   4     .  4.1     .  4.2 ,    .    .  4.3   .      .    .   5  .  5.1- .      .        .  5.2    .  5.3             -1 .   6     .     6.1           ().    .  6.2-    .   7    .  7.1     .    .  .  7.2   .   8  .  8.1      .   .  8.2  .  8.3    .  8.4      .    .  8.5   .  8.6    .   9     : T-FLEX , T-FLEX.CAD, T-FLEX/ .  .     .       .    10 .  ', 'https://online.edu.ru/public/course.xhtml?faces-redirect=true&cid=3928');
INSERT INTO public.workprogramsapp_onlinecourse VALUES (114, '   .    .  - 
', 'online.edu.ru', '  -    :   1.        1.1.         (  )  1.2.        2.   .      2.1.  ,      2.2.       2.3.   : ,    ,      3.          3.1.  :  ,    3.2.        ( , ,   )  3.3.      .         4.  .     4.1.       4.2.        4.3.   ,     5.       5.1.    .      5.2.         5.3.          6. ,    -   6.1.    ,         6.2.           .        6.3.      -   6.4.          7.         7.1.     7.2.           7.3.         8.     8.1.   .       8.2.     .    .    .      8.3.  .  ,    .   .         9.        9.1.           9.2. ,    -         9.3.              .    10.    ', 'https://online.edu.ru/public/course.xhtml?faces-redirect=true&cid=3930');
INSERT INTO public.workprogramsapp_onlinecourse VALUES (120, '
', 'online.edu.ru', '  -    .   1.   .  1.1.       1.2.    .  1.3.     .  1.4.       .   2.    2.1.     .  2.2.      - .  2.3.       .  2.4.   .   3. .  3.1.     .  3.2. .  3.3. .  3.4.     .   4.   .  4.1.   .  4.2.     .  4.3. -    .   5.     .  5.1.     .  5.2.   .  5.3.     .   6 .   .  6.1.       .  6.2.     .  6.3.  .  6.4.     .  6.5. -    .   8.   .  8.1.   .  8.2.   .  8.3.   .   9.    .  9.1.    .  9.2.   .  9.3.     .       .    10.  .  ', 'https://online.edu.ru/public/course.xhtml?faces-redirect=true&cid=3942');
INSERT INTO public.workprogramsapp_onlinecourse VALUES (115, ' (   )
', 'online.edu.ru', '  -    :    1.      1.1.        1.2.      1.3.        1.4.        1.5.      1.6.      2.     2.1.     2.2.    2.3.     2.4.    2.5.       2.6.       3.     3.1.   .    3.2.       3.3.     3.4.     3.5.    3.6.        4.    .     4.1.   .    .  :    4.2.    :      4.3.  :  , ,   4.4.  : ,   4.5.   4.6.   .       5.     5.1.        5.2.     5.3.-    5.4.     5.5.   5.6.          6.      6.1.    .     6.2.   .  6.3.     6.4.     6.5.     6.6.       7.  :    7.1.     7.2.    7.3.    7.4.    7.5.     7.6.      8.  :    8.1.      8.2.    8.3.     8.4.       8.5.      8.6.       9.  :       9.1.    9.2.   9.3.      9.4.    9.5.    9.6.              10.      ', 'https://online.edu.ru/public/course.xhtml?faces-redirect=true&cid=3932');
INSERT INTO public.workprogramsapp_onlinecourse VALUES (116, '   .    .      
', 'online.edu.ru', '   -    :     1.         1.1.         (  )  1.2.         2.   .       2.1.  ,      2.2.       2.3.   : ,    ,       3.           3.1.  :  ,    3.2.        ( , ,   )  3.3.      .          4.  .      4.1.       4.2.        4.3.   ,      5.        5.1.    .      5.2.         5.3.           6.   -     6.1. -  .    ,       .  6.2.           6.3.    .        6.4.        6.5.         7.      -    7.1.        7.2.           7.3.  XX .     7.4.   7.5.     XXI .    8.      8.1.         8.2.     .             8.3.         -    8.4.     8.5.   ..         9.      9.1.           9.2.        9.3.          9.4.    9.5.          10.     ', 'https://online.edu.ru/public/course.xhtml?faces-redirect=true&cid=3934');
INSERT INTO public.workprogramsapp_onlinecourse VALUES (117, ' ,   
', 'online.edu.ru', '  -    :     1.  ?       ,   ,   ,        ,   .  1.1.    ( ?)  1.2.       1.3.      1.4.       1.5.       2.  ?             , , .  2.1.     ( ?)  2.2.        2.3.       2.4.        2. 5.        3.  !        ,   ,   ,  .  3.1.         ( !)  3.2.         3.3.      3.4.      3.5.         4.  ?       ,   ,      ,       .  4.1.    ( ?)  4.2.       4. 3.      4.4.       4.5.       5.  ?            ,        .  5.1.     ( ?)  5.2.        5.3.       5.4.        5.5.        6.  !          ,    ,   ,     .  6.1.         ( !)  6.2.         6.3.      6.4.      6.5.         7.  ?              .  7.1.    ( ?)  7.2.       7.3.      7.4.       7.5.       8.  ?         ?       ,   ,    .  8.1.     ( ?)  8.2.        8.3.       8.4.        8.5.        9.  !         -    ,   ,   .  9.1.         ( !)  9.2.         9.3.      9.4.      9.5.           .    10.    ', 'https://online.edu.ru/public/course.xhtml?faces-redirect=true&cid=3936');
INSERT INTO public.workprogramsapp_onlinecourse VALUES (118, '   .    .     
', 'online.edu.ru', '  -    :   1.        1.1.         (  )  1.2.        2.   .      2.1.  ,      2.2.       2.3.   : ,    ,      3.          3.1.  :  ,    3.2.        ( , ,   )  3.3.      .         4.  .     4.1.       4.2.        4.3.   ,     5.       5.1.    .      5.2.         5.3.          6.    .    6.1.         6.2.   ?  6.3.     6.4.      6.5.      7.  ,      7.1.       7.2.      7.3.      7.4.        8.  ,      8.1.       8.2.      8.3.       8.4.  ,    8.5.         9.         9.1.      9.2.     9.3.      9.4.       9.5.     :         .    10.    ', 'https://online.edu.ru/public/course.xhtml?faces-redirect=true&cid=3938');
INSERT INTO public.workprogramsapp_onlinecourse VALUES (119, ' ,    
', 'online.edu.ru', '  -    :   1.  ,    .  1.1.      .  1.2.        20 .  1.3.    HCI  .  1.4.   .  1.5.    .   2.    .  2.1. .  2.2. .  2.3.    .  2.4.     2.5.   .   3.    .  3.1.     .  3.2.     .  3.3.     .  3.4.  .  3.5.   .   4.   .  4.1.      .  4.2. -     .  4.3.   .  4.4.   .   5.  .  5.1.     .  5.2.  .  5.3.    .  5.4.   .   6.    .  6.1.  .  6.2.    .  6.3.  .  6.4.   .   7.     .  7.1.      .  7.2.   .  7.3.  .  7.4.  .  7.5.     .   8.     .  8.1.   .  8.2.       .  8.3.     .  8.4.     .   9.     .  9.1.      .  9.2.  .  9.3.      .       .    10.  .  ', 'https://online.edu.ru/public/course.xhtml?faces-redirect=true&cid=3940');
INSERT INTO public.workprogramsapp_onlinecourse VALUES (121, '   .    .     
', 'online.edu.ru', '  -    :   1.        1.1.         (  )  1.2.        2.   .      2.1.  ,      2.2.       2.3.   : ,    ,      3.          3.1.  :  ,    3.2.        ( , ,   )  3.3.      .         4.  .     4.1.       4.2.        4.3.   ,     5.       5.1.    .      5.2.         5.3.          6.   ?        6.1.          6.2.      .        6.3.  :      6.4.       6.5.    :         7.   :        7.1.    :          7.2.          7.3.   :         7.4.     7.5.    :      8.     8.1.         8.2.      8.3.     8.4.       9.   .     9.1.  ,  , ,      9.2.    9.3.          9.4.      9.5.            10.    ', 'https://online.edu.ru/public/course.xhtml?faces-redirect=true&cid=3945');
INSERT INTO public.workprogramsapp_onlinecourse VALUES (122, '    OpenMP  MPI
', 'online.edu.ru', '  -    :   1.      1.1.        1.2.       1.3.     .    1.4.  ,     1.5.       2.  OpenMP  2.1.       .  ,     2.2.  OpenMP,      2.3.     ,      2.4.  .    OpenMP  2.5.    .     3.        3.1.     3.2.        3.3.        3.4.    .    3.5.    .    4.     OpenMP0  4.1.         4.2.        4.3.     OpenMP 4.0  4.4.      5.           5.1.    Intel.    5.2.   Intel Parallel Studio  5.3.        Intel Parallel Inspector  5.4.     Intel Parallel Amplifier   6.    .  MPI  6.1.     , MPI        6.2.    ,  MPI.   MPI  6.3.      MPI  6.4.      6.5.       7.         7.1.      7.2.    7.3.    7.4.     7.5.   ,    MPI,    7   8.    8.1.   .    8.2.        8.3.        8.4.    8.5.   ,    MPI,    8   9.   .     9.1.        9.2.      9.3.  .  .        9.4.  .    9.5.   ,    MPI,    9   10.    ', 'https://online.edu.ru/public/course.xhtml?faces-redirect=true&cid=3947');
INSERT INTO public.workprogramsapp_onlinecourse VALUES (123, ' 
', 'online.edu.ru', '  -    .   1.   :    ()     .  1.1. Artificial Intelligence.   :    ()    (PC).  1.2.    .   2. Web 2.0.      .  2.1.     Web 2.0.  2.2.   N-Geners ():      .  2.3.   :     .   3.      ().  3.1.      .  3.2. ,     .   4.       .  4.1.       (LiveJournal ( )  Twitter).  4.2.     (Facebook, , , LinkedIn,  ).  4.3.  -   (Instagram, Flickr, Picasa, YouTube, Rutube).  4.4.    (Massively Multiplayer Online Games)      (Alternate Reality Games).   5.      .  5.1.    .  5.2.    versus:   .  5.3.  blogger relations  -.  5.4.  :     .  5.5.  :   .   6.     SMM (Social Media Marketing)  .  6.1. Social Media Marketing: ,  ,    .  6.2.      -: , , Facebook Twitter.  6.3.  activity:       -  -.  6.4.    :      .  6.5.         .   .   7.      .  7.1.        .  7.2.         .   8.-,       .  8.1.       :   LinkedIn, ., Rb.ru,Doostang.  8.2. HR  :    .  :    ,  ,        .  8.3.        .   9.    .  9.1.   :  -   .  9.2.   Web 2.0   .  9.3.      :    .  9.4.     .  9.5.     : -      .  9.6. :     .    .       .    10.  .  ', 'https://online.edu.ru/public/course.xhtml?faces-redirect=true&cid=3949');
INSERT INTO public.workprogramsapp_onlinecourse VALUES (124, '   .    .  - 
', 'online.edu.ru', '   -    :     1.         1.1.         (  )  1.2.         2.   .       2.1.  ,      2.2.       2.3.   : ,    ,       3.           3.1.  :  ,    3.2.        ( , ,   )  3.3.      .          4.  .      4.1.       4.2.        4.3.   ,      5.        5.1.    .      5.2.         5.3.           6. ,    -    6.1.      -   6.2.  -        6.3.   - :        6.4.  - :        6.5.       7. :     -    7.1.     7.2.      7.3.  :           7.4.   .   .-. :      7.5.       8.  - : ,       8.1.  .    8.2.        8.3.      .    8.4.       8.5.           9.      9.1.      9.2.   .     9.3. :      9.4.     9.5.        10.     ', 'https://online.edu.ru/public/course.xhtml?faces-redirect=true&cid=3952');
INSERT INTO public.workprogramsapp_onlinecourse VALUES (125, ' 
', 'online.edu.ru', '  -    :    1.        1.1.  .   1.2.  .     1.3.   .    1.4. .    1.5.     1.6.    1.7    1.8.      1.9 1    2. :  .     2.1. .  .   2.2. . .    2.3. .   .   2.4.     2.5.     2.6 2    3.       3.1.     3.2.     3.3.    3.4.     3.5.    3.6.  .    3.7.    3.8 3    4.      4.1.     4.2.   .   4.3.      4.4.   .    4.5.  ,   .     4.6. . ,         5.     5.1            5.2    5.3              5.4 4    6.    vs      6.1  .  -  6.2       6.3       6.4        6.5    6.6    6.7    6.8      7.         vs      7.1.     .    7.2     .    7.3     .    7.4            7.5  (-)    7.6     7.7     ( )  7.8 5    8.      8.1   .   8.2   .  1  8.3   .  2  8.4  .     8.5        8.6    ,    Exponenta  8.7     ( )    9.           9.1    ,      ,      9.2  :    ,        9.3  :    ,        9.4      9.5        10.     ', 'https://online.edu.ru/public/course.xhtml?faces-redirect=true&cid=3954');
INSERT INTO public.workprogramsapp_onlinecourse VALUES (126, '  
', 'online.edu.ru', '      :  1.   .   . 2.  .   . 3.    .     . 4.   .   . 5.     . 6.     .     . 7.     . 8.   . 9.     . .     . 10.   TeX.        .        (    ):   ,            ;   ,              ,        .  ', 'https://online.edu.ru/public/course.xhtml?faces-redirect=true&cid=3956');
INSERT INTO public.workprogramsapp_onlinecourse VALUES (127, ' 
', 'online.edu.ru', '      :         .    .         .     .  ,      .    .   .        .   .    .     .       .          .  6-  12-      .        (    ):   ,            ;   ,              ,        .  ', 'https://online.edu.ru/public/course.xhtml?faces-redirect=true&cid=3958');
INSERT INTO public.workprogramsapp_onlinecourse VALUES (128, '  .  1
', 'online.edu.ru', '      :  1.    AutoCAD  Autocad 2018.  .   .   .  .  .     .  .  .    .   .   .  .  .  .  .  .   .  .     2.     .  .  .  .  .  .  .     . 3.  .  .  .  .  .  .   . 4.  .     .    .   .  .   .   .    .   .  .  .  .    5.    .  .   .     . . ,    .       .   .   .    .  .  .   .    . . 6.       .   .   .  .  .    7.    .   . .  .  .   8.  .  . .  .  .  .  . .   .  .  .    .  .  .  .   9. ,    .      . .    .     DWG.   .  .  .  .     .  .  .   .  .    .  .    .  .  .   .   10.    .    .  .  .    .  .   .    .   .   .        .        (    ):   ,            ;   ,              ,        .  ', 'https://online.edu.ru/public/course.xhtml?faces-redirect=true&cid=3960');
INSERT INTO public.workprogramsapp_onlinecourse VALUES (129, '  .  2
', 'online.edu.ru', '      :   1.          .   .   .   .    .    .   .  .   2.       .  .     .   3.            .   .  .   4.    .      .      .    .  .    .  .   5.           .      .   .  . .   6.           .   .   7.   .     .      .      .   .    .   .   .    .    .      .   8.      .  .  .   .    .   .  A360.   9.   .  1.    .    . . . .  . .    .     .       10.   .  2.       .     .       .        (    ):    ,            ;    ,              ,        .  ', 'https://online.edu.ru/public/course.xhtml?faces-redirect=true&cid=3962');
INSERT INTO public.workprogramsapp_onlinecourse VALUES (130, ' 
', 'online.edu.ru', '      :   1.        .     .  .   2.          .  .    .   3.         .   .       4.        . ,    .   5.      .  .     .   6.          .    .   .   7.         .   .   .   8.       .   .   .   9.     :   .  .   .   10.          .  .    .   11.   .     .   .    .  .   12.         .     .   .        .        (    ):   ,            ;   ,              ,        .  ', 'https://online.edu.ru/public/course.xhtml?faces-redirect=true&cid=3966');
INSERT INTO public.workprogramsapp_onlinecourse VALUES (131, ' 
', 'online.edu.ru', '      :   1.     2.     3.    4.   5.      6.   7.    8.       9.           .  10-    -.        (    ):   ,            ;   ,              ,        .  ', 'https://online.edu.ru/public/course.xhtml?faces-redirect=true&cid=3969');
INSERT INTO public.workprogramsapp_onlinecourse VALUES (132, '    
', 'online.edu.ru', '      :             , -, -  .  .  Product development.  .  Customer development.    .                                                (-)         (    ):    ,            ;   ,              ,        .   ', 'https://online.edu.ru/public/course.xhtml?faces-redirect=true&cid=3971');
INSERT INTO public.workprogramsapp_onlinecourse VALUES (133, '   
', 'online.edu.ru', '      :    1.          1.1       1.2      1.3        1.4      1.5     (- ),  ( ),   ( )     1.6      1.7       1.8    1.9       2.      2.1      2.2          3.       3.1      3.2 ,              (    ):   ,            ;   ,              ,        .  ', 'https://online.edu.ru/public/course.xhtml?faces-redirect=true&cid=3973');
INSERT INTO public.workprogramsapp_onlinecourse VALUES (134, ' 
', 'online.edu.ru', '      :     ,              . .   .                     .                ,                 (    ):    ,            ;    ,              ,        .  ', 'https://online.edu.ru/public/course.xhtml?faces-redirect=true&cid=3975');
INSERT INTO public.workprogramsapp_onlinecourse VALUES (137, '  
', 'online.edu.ru', '      :  1.  .    2.    .   3.  ,   .    4.  .   5.  .      6.   7.       8.           .  5-  10-      .        (    ):   ,            ;   ,              ,        .  ', 'https://online.edu.ru/public/course.xhtml?faces-redirect=true&cid=3981');
INSERT INTO public.workprogramsapp_onlinecourse VALUES (138, '    
', 'online.edu.ru', '      : 1.  2. , ,       3.      4.           5.      6.         7.    8.     9.     10.            .       (    ):   ,            ;   ,              ,        .  ', 'https://online.edu.ru/public/course.xhtml?faces-redirect=true&cid=3983');
INSERT INTO public.workprogramsapp_onlinecourse VALUES (139, '    
', 'online.edu.ru', '      :         ,    ( ,  ,       )        ( ,  ,  )     (, ,  )  ,     ( ,   )      (    ,   )     (  , -, Splay-)   (-     )      (   ,  -)    ( --, Z-,  -)          .       ,          .        (    ):   ,            ;   ,              ,        .  ', 'https://online.edu.ru/public/course.xhtml?faces-redirect=true&cid=3987');
INSERT INTO public.workprogramsapp_onlinecourse VALUES (149, '   
', 'online.edu.ru', '   1.          () ,              ()   ,         ,      2.         : ,      ,    ,       : ,      ,    ,   ,      : ,   ,    ,        3.        .            .            (  )   ', 'https://online.edu.ru/public/course.xhtml?faces-redirect=true&cid=4011');
INSERT INTO public.workprogramsapp_onlinecourse VALUES (158, '     
', 'online.edu.ru', '  1.        1.1.          1.2.       1.3.              2.      2.1.        2.2.    ,       2.3.       -   3.      3.1.        3.2.          3.3.       ', 'https://online.edu.ru/public/course.xhtml?faces-redirect=true&cid=4033');
INSERT INTO public.workprogramsapp_onlinecourse VALUES (140, ' 
', 'online.edu.ru', '      :      .    .      ,             --        ,  ,                 .  5-  10-       .        (    ):   ,            ;   ,              ,        .  ', 'https://online.edu.ru/public/course.xhtml?faces-redirect=true&cid=3991');
INSERT INTO public.workprogramsapp_onlinecourse VALUES (141, '   -
', 'online.edu.ru', '      :  1.   Python 2.   3.    4. -   , ,  5. -      6.  Python      7.     8.   Django           .          - .        (    ):   ,            ;   ,              ,        .  ', 'https://online.edu.ru/public/course.xhtml?faces-redirect=true&cid=3995');
INSERT INTO public.workprogramsapp_onlinecourse VALUES (142, '
', 'online.edu.ru', '      :                     -                              .   ,           "       "     ,       .  2-, 4-, 6- , 8-    ,  5-  9-      .  10-   -.        (    ):   ,            ;   ,              ,        .  ', 'https://online.edu.ru/public/course.xhtml?faces-redirect=true&cid=3997');
INSERT INTO public.workprogramsapp_onlinecourse VALUES (143, '    
', 'online.edu.ru', '      :  1.     2.      Scilab 3.   Lego Mindstorms 4.      5.      6.   7.    Maxima 8.      9.            .  10-    -.        (    ):   ,            ;   ,              ,        .  ', 'https://online.edu.ru/public/course.xhtml?faces-redirect=true&cid=3999');
INSERT INTO public.workprogramsapp_onlinecourse VALUES (156, '     
', 'online.edu.ru', '    1.      2.         ISO/IEC 15288:2015 "   .    "                 3.                 ', 'https://online.edu.ru/public/course.xhtml?faces-redirect=true&cid=4029');
INSERT INTO public.workprogramsapp_onlinecourse VALUES (144, '    
', 'online.edu.ru', '      :  1.     . ,    .    .        .   2.          .  .    .  . .   3.   .   .  .   4.   .    .    .   5. -    .     .    .  ', 'https://online.edu.ru/public/course.xhtml?faces-redirect=true&cid=4001');
INSERT INTO public.workprogramsapp_onlinecourse VALUES (145, '    
', 'online.edu.ru', '    1.           1.1.       1.2.              2.     2.1.     2.2.      2.3.      2.4.          3.          3.1.    3.2.    3.3.      4.        4.1.        4.2.   .     4.3.     4.4.       4.5.  ,       5.       5.1.    .    5.2.  .     5.3.     5.4.        6.       6.1.     6.2.     6.3.     6.4.      7.      7.1.   .     7.2.     7.3.     7.4.   .         ', 'https://online.edu.ru/public/course.xhtml?faces-redirect=true&cid=4003');
INSERT INTO public.workprogramsapp_onlinecourse VALUES (146, ' 
', 'online.edu.ru', '   1.    . , .     .   .  . . .  .     2.     .    .     .    .  .   .   .    .     .         3.     . ,  .  .     .         .  ', 'https://online.edu.ru/public/course.xhtml?faces-redirect=true&cid=4005');
INSERT INTO public.workprogramsapp_onlinecourse VALUES (147, ',        
', 'online.edu.ru', '  1.   .    .  .   .  .   . .  .   .  .      2.     .      .    .  .  .   .      ?    .   .   3.   .     . .     .  .   ,   .   . -.   .  .   .  .   .   .   4.   .      .   .  ?   . .   . .   .  .   ().    .   5.    .   - .   , -  - .  - .     .   6.  .      . LCO, NMC, NCA      .     . LMO  LNMO   .     . LFP   .     .    .     . LTO   .   ?   ', 'https://online.edu.ru/public/course.xhtml?faces-redirect=true&cid=4007');
INSERT INTO public.workprogramsapp_onlinecourse VALUES (148, '  C#
', 'online.edu.ru', '  1.    C#    C#.  . .   2.   .   3.    bool.  if-else.    4.   while.  for 5.   .  .     .   6. , ,   List.  Dictionary. .    7.    .  .  .   8.    . -.    9.   .  .     10.       .  .      11.     . . .   12.  .  . .  13.    . .  14.  .   ref. Boxing/unboxing.     ', 'https://online.edu.ru/public/course.xhtml?faces-redirect=true&cid=4009');
INSERT INTO public.workprogramsapp_onlinecourse VALUES (150, '    ( )
', 'online.edu.ru', '    1.       , ,  ,    ,  ,         :         2.           .   , ,      3.                   4.                      5.  : ,                     6.                ', 'https://online.edu.ru/public/course.xhtml?faces-redirect=true&cid=4013');
INSERT INTO public.workprogramsapp_onlinecourse VALUES (151, '  
', 'online.edu.ru', '    1.        1.     .                     2.      3.                        2.     ,       4.       5.        6.         7.       8.           3.        9.  :      10.        4.        11.       ', 'https://online.edu.ru/public/course.xhtml?faces-redirect=true&cid=4015');
INSERT INTO public.workprogramsapp_onlinecourse VALUES (152, '   
', 'online.edu.ru', '   1.      1.    .       2.      3.        4.       5.   6.          2.    1.    2.    p-n-  3.    4.    5.     3.     1:    .  2:     .  3:     .  4:      ().   4.     1:      2:     3:    4:    5:    6: -  -   ', 'https://online.edu.ru/public/course.xhtml?faces-redirect=true&cid=4017');
INSERT INTO public.workprogramsapp_onlinecourse VALUES (153, '
', 'online.edu.ru', '    1.        1.1:   .       1.2:         1.3:       1.4:         1.5:               2.           2.1:      2.2:         2.3:       ', 'https://online.edu.ru/public/course.xhtml?faces-redirect=true&cid=4022');
INSERT INTO public.workprogramsapp_onlinecourse VALUES (154, ' 
', 'online.edu.ru', '       I  .     :        .     .  FBD.    .    .   .    II  . :          .       .     .     ().     .    III                     ', 'https://online.edu.ru/public/course.xhtml?faces-redirect=true&cid=4024');
INSERT INTO public.workprogramsapp_onlinecourse VALUES (155, '    
', 'online.edu.ru', '   1.       .       2.        .   .           3.               .     4.   .              5.  .    .   .   .  .     .  .           6.              .      .   7.  .            8.    .    .   9.       .     .    .    .   10.      2.305-2008 -, , .   11.       .  .   .         12.           13.    .     14.   .      . .        .   .   15.  3D        Autodesk Inventor                 .   -  ', 'https://online.edu.ru/public/course.xhtml?faces-redirect=true&cid=4027');
INSERT INTO public.workprogramsapp_onlinecourse VALUES (159, ' ,    
', 'online.edu.ru', '   1.            ,                  2.                            ( )         3.                                   ', 'https://online.edu.ru/public/course.xhtml?faces-redirect=true&cid=4035');
INSERT INTO public.workprogramsapp_onlinecourse VALUES (160, '     
', 'online.edu.ru', '   1. To be or not to be:    ?    ?  :            2.   ...    :     :     :       3.  -  ...     :      :       4.                  5.       ,    :     :    :     6.     ', 'https://online.edu.ru/public/course.xhtml?faces-redirect=true&cid=4037');
INSERT INTO public.workprogramsapp_onlinecourse VALUES (161, ' 
', 'online.edu.ru', '      :   .  , ,   yield return            LINQ                             ', 'https://online.edu.ru/public/course.xhtml?faces-redirect=true&cid=4039');
INSERT INTO public.workprogramsapp_onlinecourse VALUES (162, '   
', 'online.edu.ru', '   .           1.           1.             2. -      .  3.          2.        4.       5.     :        6.           3.     7.       8.     9.        4.       10.        11.          12.       ', 'https://online.edu.ru/public/course.xhtml?faces-redirect=true&cid=4041');
INSERT INTO public.workprogramsapp_onlinecourse VALUES (163, '   
', 'online.edu.ru', '    1.           1.1. . ,         1.2.    .         1.3.   .        1.4.       1.5.        1.6.   Z  .            2.        2.1.           2.2.        2.3.           .      2.4.       2.5.          2.6.   Z-      3.           3.1.      3.2.     .           4.         4.1.          4.2.      ', 'https://online.edu.ru/public/course.xhtml?faces-redirect=true&cid=4043');
INSERT INTO public.workprogramsapp_onlinecourse VALUES (164, '
', 'online.edu.ru', '  . :       1.         .       .      .       (.. , .. ).     ,   , ,    , .   2.        .   .      .      .       .   3.           : , ,  ,   , ,   .   ,    :     ,  , ,    ,    , - ,   .      .   ,     .   .   . -    1 . ,  ,        .   -.      .             .           .   .  .   .  :  ,  ,  .    .    (benchmarking)  -.      .   .    .   .     .   2.   .   .    .   -   .  : , , .       .  .      .     .   .      .   3.     .    ,          .          .  .   .     .       .   .          :   .   .      1.       .     : , ,  .          .   .   2.    .       .  ,   -  .       .        (..).          .  3.  .    .    : ,    .   .   .   . ,     ( .,  .  .).    .    .     ( ).     ...     .        .   .   IV.       1.   .      .     .    :   ,  ,     .   .    .      .   .   2.    .           .     .                 .        .          .                 .   V  .           1.    .      .      .       . . .  .     .  :     .    .  2.     .       .     .    .    .    ,    .   :  ,      -.  ', 'https://online.edu.ru/public/course.xhtml?faces-redirect=true&cid=4045');
INSERT INTO public.workprogramsapp_onlinecourse VALUES (165, '  
', 'online.edu.ru', '    1.          2.                   3.   (Concept of operations)             -         4.   (System definition)                ', 'https://online.edu.ru/public/course.xhtml?faces-redirect=true&cid=4048');
INSERT INTO public.workprogramsapp_onlinecourse VALUES (168, '
', 'online.edu.ru', '     1.  .                                   ()   2.    .    .                     3.       ,                           -   ', 'https://online.edu.ru/public/course.xhtml?faces-redirect=true&cid=4054');
INSERT INTO public.workprogramsapp_onlinecourse VALUES (169, '   
', 'online.edu.ru', '              ,      .       :                                 .        -      -      -                                       ,         .  ', 'https://online.edu.ru/public/course.xhtml?faces-redirect=true&cid=4056');
INSERT INTO public.workprogramsapp_onlinecourse VALUES (170, ' 
', 'online.edu.ru', '  1.    2.      3.    4.     5.     6.     7.     8.     9.     10.    11.    12.   13.      ', 'https://online.edu.ru/public/course.xhtml?faces-redirect=true&cid=4058');
INSERT INTO public.workprogramsapp_onlinecourse VALUES (171, '   
', 'online.edu.ru', '    :      : , , , -,     :          , ,      :            ,         ,   .   :           .    ,   ,     ( ) ,     .   :             .         .  -  ,        .   :        ,    ,    .   :         ,      ,   .   :         .     ,     .   :     ,         :        ,  .    ,    . .   :       Cultural Studies.   :        .    .            .  ', 'https://online.edu.ru/public/course.xhtml?faces-redirect=true&cid=4060');
INSERT INTO public.workprogramsapp_onlinecourse VALUES (172, '       
', 'online.edu.ru', '    1:    :     (,    )    2:       :  vs     3:      : , ,  ( );       ( ,   , big data,     .);  ,  ;       (  , );        (-,  ,   .)    4:    :            5: - :    ,  ,   , ,      (/, (), ,    .)    6:    : ,  , -,  ,  /   .    7:  :       8: -   :    ,  ,  ,  ,   ,    .    9:      :   ,   ,      10:            11:           12:          13:     ,       14:  :         ', 'https://online.edu.ru/public/course.xhtml?faces-redirect=true&cid=4063');
INSERT INTO public.workprogramsapp_onlinecourse VALUES (173, '  
', 'online.edu.ru', '       ?         ?        ?       ?         ?         ?        ?            ?          ?        ?         ?         ?     ', 'https://online.edu.ru/public/course.xhtml?faces-redirect=true&cid=4066');
INSERT INTO public.workprogramsapp_onlinecourse VALUES (174, '
', 'online.edu.ru', '   1.   ?   2. .   3. .   4. .   5. .   6. .   7. .   8. .   9. .   10. .  ', 'https://online.edu.ru/public/course.xhtml?faces-redirect=true&cid=4069');
INSERT INTO public.workprogramsapp_onlinecourse VALUES (180, '
', 'online.edu.ru', '   1.    2.     3.        4.      5.    6.   7.   8.   9.    10.    11.    12.    ', 'https://online.edu.ru/public/course.xhtml?faces-redirect=true&cid=4083');
INSERT INTO public.workprogramsapp_onlinecourse VALUES (175, '    
', 'online.edu.ru', '    1.       .          2.     .     -       3.       .       4.         5.      :        6.        7.         8.               9.           10.           .     ', 'https://online.edu.ru/public/course.xhtml?faces-redirect=true&cid=4071');
INSERT INTO public.workprogramsapp_onlinecourse VALUES (176, '   
', 'online.edu.ru', '  -    :        1.    ?  1.1.    ?  1.2.    ?  1.3.    ?  1.4.       2.  2.1     ?  2.2      3.         3.1.    ?  3.2.     3.3.     3.4.           4.  4.1    4   5.    ?  5.1.      5.2.     5.3. ,      5.4.     ?   6.  6.1    6   7.      7.1.    ,      ?  7.2.     7.3.   7.4.           8.  8.1    8   9.       9.1.     9.2.      ?   10.        .    .  ', 'https://online.edu.ru/public/course.xhtml?faces-redirect=true&cid=4073');
INSERT INTO public.workprogramsapp_onlinecourse VALUES (177, ' 
', 'online.edu.ru', '  1.   . 2.    . 3.    . 4.  :   . 5.  : ,     . 6.  :    . 7.   . 8.  : . 9.  . 10.  : .   :   1.    .     .  .   .     . ,  .    (. , .. ).   2.    .   ,    .   .   .   - .  .     .   3.    .  .  .  .   .   . .   4.  :   .  ,  .  .  .    .    .. .   .   5.  : ,     . :  . . :  .  . :   .     .    .       .   6.  :    .    .   , -  .   .    .     .   .   7.   .     ().  :  .     .  :    " ".  .   8.  : .  :  .    .   :  .   :  . :      .   9.  .   .   .    . - .    :  .    :   .   .. . -.   10.  : .    .     .      .   "" .   .    .    ', 'https://online.edu.ru/public/course.xhtml?faces-redirect=true&cid=4075');
INSERT INTO public.workprogramsapp_onlinecourse VALUES (178, '   
', 'online.edu.ru', '    1.         2.   ?    3.         4.      5.        6.      7.      :      8.       :          9.      10.      ', 'https://online.edu.ru/public/course.xhtml?faces-redirect=true&cid=4077');
INSERT INTO public.workprogramsapp_onlinecourse VALUES (179, ' 
', 'online.edu.ru', '  1.   .     2.       3.      4.     5.     6.     7.      8.       9.     10.    11.    12. -    13.    14.       15.        ', 'https://online.edu.ru/public/course.xhtml?faces-redirect=true&cid=4080');
INSERT INTO public.workprogramsapp_onlinecourse VALUES (182, '   
', 'online.edu.ru', '      :   .                 .     .    .                                      .  2-, 4-, 6-  9-      .  3-, 5-, 7-, 8-  10-      Scilab.  11-   -.        (    ):   ,            ;   ,              ,        .  ', 'https://online.edu.ru/public/course.xhtml?faces-redirect=true&cid=4089');
INSERT INTO public.workprogramsapp_onlinecourse VALUES (183, '  
', 'online.edu.ru', '    1.         .       2.           3.      .      .        ?    4.     .      ?    5.             6.   ,             7.    .  .     8.    .      9.   .      10.    ', 'https://online.edu.ru/public/course.xhtml?faces-redirect=true&cid=4091');
INSERT INTO public.workprogramsapp_onlinecourse VALUES (184, '   
', 'online.edu.ru', '  1.     2.  3.    4.   5.   .  6.    7.   8.    9.       10.    - 1 11.    - 2 12.    ', 'https://online.edu.ru/public/course.xhtml?faces-redirect=true&cid=4094');
INSERT INTO public.workprogramsapp_onlinecourse VALUES (185, '    
', 'online.edu.ru', '      :  1.    2.   3.    4.  5.    6.   7.     8.       "  "     ,       .  10-   -.        (    ):   ,            ;   ,              ,        .  ', 'https://online.edu.ru/public/course.xhtml?faces-redirect=true&cid=4096');
INSERT INTO public.workprogramsapp_onlinecourse VALUES (186, ' 
', 'online.edu.ru', '    1.    1.     :     .    ,     .    2.    2.     .        .    3.    3.    .    ,  , , .    4.    3.1.      .     .    5.    3.2.      .     .    6.    3.3.      .     .    7.    4.    .   ,    ,  ,    .    8.    5.      .      ,  , , .    9.    6.      .       , , ;    ;  .    10.    7.       .  , , , ,    .     .    11.    8.    ,     .     (, , ,    ).  : , , .        .  ', 'https://online.edu.ru/public/course.xhtml?faces-redirect=true&cid=4098');
INSERT INTO public.workprogramsapp_onlinecourse VALUES (187, '    
', 'online.edu.ru', '    1.   :         2.  ,       3.         4.       5.    ,          6.  :       7.  :     8.         9.      10.    ', 'https://online.edu.ru/public/course.xhtml?faces-redirect=true&cid=4100');
INSERT INTO public.workprogramsapp_onlinecourse VALUES (188, '
', 'online.edu.ru', '              R  -,     ,      R          R      ,           R            R       ', 'https://online.edu.ru/public/course.xhtml?faces-redirect=true&cid=4102');
INSERT INTO public.workprogramsapp_onlinecourse VALUES (189, ' 
', 'online.edu.ru', '    1.      :  .   2.    :  .   3.    :     .   4.       .   5.    .   6.    .   7.      .   8.   .   9.          .   10.        .  ', 'https://online.edu.ru/public/course.xhtml?faces-redirect=true&cid=4104');
INSERT INTO public.workprogramsapp_onlinecourse VALUES (190, ' 
', 'online.edu.ru', '     ?        ?     ,  !      ? , ,       ?     ,  ?  .  1    ,  ?  .  2      ?        ?              ', 'https://online.edu.ru/public/course.xhtml?faces-redirect=true&cid=4106');
INSERT INTO public.workprogramsapp_onlinecourse VALUES (191, '  
', 'online.edu.ru', '  1. .     .   .     .     .   .   .  2.     .  -.  .      .   .   .  3.  .    .    .    .  .     . .       .  .  .  4.   :  .  .  .    .   .  5.   :  .     . -  .    .  6.  .   .     .        .     .  7.    .    :    .    .        .   .  .  8.       .       . , , . - .  9.      : , ,  .  10.  .  .   .  .     .     . ,  .  ', 'https://online.edu.ru/public/course.xhtml?faces-redirect=true&cid=4109');
INSERT INTO public.workprogramsapp_onlinecourse VALUES (192, ' 
', 'online.edu.ru', '                1   .  Arts and Crafts    2   -    3     1910- - 1920-     4     1920-     5       De Stijl    6           1920- - 1930-     7             XX    8              9            10     (1960-1980- .)    11     (1960-1989- .)    12           13        14        ', 'https://online.edu.ru/public/course.xhtml?faces-redirect=true&cid=4184');
INSERT INTO public.workprogramsapp_onlinecourse VALUES (193, ' 
', 'online.edu.ru', '  1   ?    ? 2 : , , ? 3    ?     ( ): ,  4    ?    ()  5 : , , ? 6    7 , ,  8   9 :  . 10  ,  . 11       12    ', 'https://online.edu.ru/public/course.xhtml?faces-redirect=true&cid=4186');
INSERT INTO public.workprogramsapp_onlinecourse VALUES (194, ' 
', 'online.edu.ru', '   .     1.    .    1.     -          .    2.         .    2.      .    3.  -.  .    3.  -.   .  ..    4.         ,       .    4.  .    .    5.  .    5.    .    .       .    6.     ,     .    6.  .    ().    7.   .    7. ,  ,     .      .    8.  .    8.    .      .     .    .   ', 'https://online.edu.ru/public/course.xhtml?faces-redirect=true&cid=4192');
INSERT INTO public.workprogramsapp_onlinecourse VALUES (195, '          
', 'online.edu.ru', '    16 . 1 -         . 2/3-         (    )    . 3-   4  5   -  (19 ).    ,       .   6 -9     : 6 -   - . XX  (, ); 7-       XXI-XXII . 8-       ; 9 - ,      . 10-   11-   ( ,  -   ) 12 -         20- 21 . 13 -14 -  ,       (  ,  ,     ,  ,  ,  ,     - ). 15 -     . 16 -      . ', 'https://online.edu.ru/public/course.xhtml?faces-redirect=true&cid=4202');
INSERT INTO public.workprogramsapp_onlinecourse VALUES (196, ':    ,    
', 'online.edu.ru', '     ,          ,               .     ,       ,              . ,     , -         .      ,      , -     (,   ),      ,      ,     ,  .    (    )       ,     . ', 'https://online.edu.ru/public/course.xhtml?faces-redirect=true&cid=4204');
INSERT INTO public.workprogramsapp_onlinecourse VALUES (197, ' . XIV  XV .
', 'online.edu.ru', '   " . XIV - XV ."    -,       .     -      ,     ..  -       .      (,  ,    ..)   ,    ,       " ".                .           ,    ,    "  ".          .               -  ,  ,  ,  III  .       . ', 'https://online.edu.ru/public/course.xhtml?faces-redirect=true&cid=4206');
INSERT INTO public.workprogramsapp_onlinecourse VALUES (200, ' 
', 'online.edu.ru', '    .    : , , .  :  .     .   ;        ;     .     :  ,    .      .  .  .    .  .    ,  .   ,        .      ,   :   , , .    .       .  .   . .    .      .  .  .   .  .   .  .      :  NCP (    ).   .   .   :  ,   .     .  .    .  -.    .     .      .   .       .   ,  .     .  -.  ()    ,       MAX-SAT.   ', 'https://online.edu.ru/public/course.xhtml?faces-redirect=true&cid=63263');
INSERT INTO public.workprogramsapp_onlinecourse VALUES (201, '-  
', 'online.edu.ru', '   :
1.   -,  ,         .          .         2014       ,     , Coursera, , Stepik,   .  -        ,     .
2.   -,       ,    ,       ,       .
 :
1.   -
2.    -
3.  -    ', 'https://online.edu.ru/public/course.xhtml?faces-redirect=true&cid=65934');
INSERT INTO public.workprogramsapp_onlinecourse VALUES (202, '     
', 'online.edu.ru', '            .     , , ,  , ,  ,        .  ,          .               ,    ,     .     . ', 'https://online.edu.ru/public/course.xhtml?faces-redirect=true&cid=65936');
INSERT INTO public.workprogramsapp_onlinecourse VALUES (203, '  
', 'online.edu.ru', '    1. : , , -   2.  .  .       3.           4.    .      5.  :   ,        6.          7.   .        8.      .      9.       ', 'https://online.edu.ru/public/course.xhtml?faces-redirect=true&cid=120512');
INSERT INTO public.workprogramsapp_onlinecourse VALUES (204, '
', 'online.edu.ru', '    1.    .    .         ;      ;       ();  -   ;  -    ();     .     2.   -       .           ;     ;     ;        ;         ();         XIX  ( );       ;             ;     .     3.             ;  :  ;       ;  :  ;     ;    ;            4.                ;     ;    :   ;    :    ();     :  ;      :     ;     .     5.   .        : , ,     ;     : ; ;  ;       ;             ;    :    ;     .     6.      .          :  (  ), , , ,  ( ),  ;       ;   :    ,  ;    ;     ;      ;      ;     ;    .     7.               -;      ;       ;   .     8.             ;    ?      ;   -       .     9.             ;      .     10.    .              :     (   );   ;     .     11.             ;     ;      .     12.  , ,           Cultural Studies;   ;   .     ', 'https://online.edu.ru/public/course.xhtml?faces-redirect=true&cid=120514');
INSERT INTO public.workprogramsapp_onlinecourse VALUES (205, '  
', 'online.edu.ru', '   .    ?    :  1  2. ,   .    .                  .             .       .         .    ,   .      ', 'https://online.edu.ru/public/course.xhtml?faces-redirect=true&cid=121723');
INSERT INTO public.workprogramsapp_onlinecourse VALUES (206, '  
', 'online.edu.ru', '      14 ,         .   1. , ,     .                       2.                                3.                                           4.     .                  ,                           5.        .       .               .      .       , , ,        .                   6.                                 7.                            8.                                     9.                             ,        ,              10.                  .                          11.              .                 ,        12.  ,                                                      13.                              ()    14. -                      ()                  ', 'https://online.edu.ru/public/course.xhtml?faces-redirect=true&cid=123250');
INSERT INTO public.workprogramsapp_onlinecourse VALUES (207, ' 
', 'online.edu.ru', '     1.      :          2.            3.        4.     :     ,        5.        : ,  ,       6.         -     7.      -  -     8.               9.                 10.               ', 'https://online.edu.ru/public/course.xhtml?faces-redirect=true&cid=123251');
INSERT INTO public.workprogramsapp_onlinecourse VALUES (208, 'R  :    
', 'online.edu.ru', '  1.   R:  , ,  2.   :  tidyr  dplyr 3.   :   R,   4.  : base R vs. ggplot2 5.  : rmarkdown, plotly, lingtypology 6.   :  tidytext 7.   :   ,   8.     9.  10.    ', 'https://online.edu.ru/public/course.xhtml?faces-redirect=true&cid=123252');
INSERT INTO public.workprogramsapp_onlinecourse VALUES (209, '    
', 'online.edu.ru', '     1            2        :       3            4                   5                   6                  7                8                9          :       10          :   ', 'https://online.edu.ru/public/course.xhtml?faces-redirect=true&cid=123253');
INSERT INTO public.workprogramsapp_onlinecourse VALUES (210, '    
', 'online.edu.ru', '      1.      2.   :     3.    (  )   4.    .      5.   :        6.        7.         8.  :     9. -         10.   .       .  ', 'https://online.edu.ru/public/course.xhtml?faces-redirect=true&cid=123254');
INSERT INTO public.workprogramsapp_onlinecourse VALUES (211, ' 
', 'online.edu.ru', '         XX-XXI .         . . . . .        . . . .  .  .        .  .                  .  .   .            .           .  .  Zero.           (). , -. - (). -      . ,  .  . , -,         .  ,   , -.        -,  . Science art      .  ().  ().   ()      -.         XX-XXI .  .        ', 'https://online.edu.ru/public/course.xhtml?faces-redirect=true&cid=123255');
INSERT INTO public.workprogramsapp_onlinecourse VALUES (226, '  
', 'online.edu.ru', '  .  . .     . .     . .       ? .     (). .      ,      . .  . .       . .   . .  . .    . .    .  ', 'https://online.edu.ru/public/course.xhtml?faces-redirect=true&cid=131810');
INSERT INTO public.workprogramsapp_onlinecourse VALUES (227, ' 
', 'online.edu.ru', '    1 .      (, ,  ,   .).     :    ,  ,     .    2 .    : . ,  (, )  .     :     .  .  .    3 .    :   .    .    .  ,      .    .  .    4 .    :   .      .   .   .    .   :     .    5 .    :  .        .    .   ;    .   .  .    6 .   : , ,  .      .   :            .    7 .   : ,  ,  .  .   ()   ()  .       .    8 .   :    .   .           .  , .    9 .   :    .   .     .  ;  .      .    10 .    ;    (, ).     , .     ;   .    11 .   :   . -     ,   .        .      (  ).    12 .   :     ,  .     .  ,  , , .     .  ', 'https://online.edu.ru/public/course.xhtml?faces-redirect=true&cid=131811');
INSERT INTO public.workprogramsapp_onlinecourse VALUES (212, '  
', 'online.edu.ru', '              1              2                 3             4              5             6             7              8                9                 10                11      ,           12                13                 14               15       -       16      big data           ', 'https://online.edu.ru/public/course.xhtml?faces-redirect=true&cid=123256');
INSERT INTO public.workprogramsapp_onlinecourse VALUES (213, ' 
', 'online.edu.ru', '     ?                         ?   .      . .         ?   .  .    .       -             .       ', 'https://online.edu.ru/public/course.xhtml?faces-redirect=true&cid=123257');
INSERT INTO public.workprogramsapp_onlinecourse VALUES (214, '  
', 'online.edu.ru', '   1.        2.           3.         4.         5.   .      6.  :        7.        8.         9.          10.        ', 'https://online.edu.ru/public/course.xhtml?faces-redirect=true&cid=123258');
INSERT INTO public.workprogramsapp_onlinecourse VALUES (215, ':  
', 'online.edu.ru', '        :                         ', 'https://online.edu.ru/public/course.xhtml?faces-redirect=true&cid=123259');
INSERT INTO public.workprogramsapp_onlinecourse VALUES (216, '   .   
', 'online.edu.ru', '   1.    .   2.   .   3.      .   4.   .  I.   5.   .  II.   6.  .   7.     .   8.    .   .  I.   9.    .   .  II.   10. .  I.   11.  .  II.   12. -  .   13.    .   14.       .   15.    .  ', 'https://online.edu.ru/public/course.xhtml?faces-redirect=true&cid=123460');
INSERT INTO public.workprogramsapp_onlinecourse VALUES (217, '   
', 'online.edu.ru', '     -       -   .   :  -            -   .       .        . -      : , ,      XIX            ', 'https://online.edu.ru/public/course.xhtml?faces-redirect=true&cid=123461');
INSERT INTO public.workprogramsapp_onlinecourse VALUES (218, '
', 'online.edu.ru', '    1:         2:   : , ,     3:   :     4:   :     5:      6:      7:     .  1.    8:     .  2.    9:    .  1.    10:    .  2.    11:       12:        13:        14:   :       15:   :         16:     :     ', 'https://online.edu.ru/public/course.xhtml?faces-redirect=true&cid=126921');
INSERT INTO public.workprogramsapp_onlinecourse VALUES (219, '-
', 'online.edu.ru', '   1.   .   2. ,     .   3.     .   4.  .   5.   .   6. - .   7.  .   8.   .   9.    .   10.   .  ', 'https://online.edu.ru/public/course.xhtml?faces-redirect=true&cid=126922');
INSERT INTO public.workprogramsapp_onlinecourse VALUES (220, ' 
', 'online.edu.ru', '   1.       2.       3.        4.       5.     6.         7.     8.     9.      10.     11.     12.   .     ', 'https://online.edu.ru/public/course.xhtml?faces-redirect=true&cid=126923');
INSERT INTO public.workprogramsapp_onlinecourse VALUES (221, '    
', 'online.edu.ru', '    1.               2-4.        5-7.      .         8.     ,        9-10.          ', 'https://online.edu.ru/public/course.xhtml?faces-redirect=true&cid=126924');
INSERT INTO public.workprogramsapp_onlinecourse VALUES (222, ' 
', 'online.edu.ru', '  ', 'https://online.edu.ru/public/course.xhtml?faces-redirect=true&cid=126925');
INSERT INTO public.workprogramsapp_onlinecourse VALUES (223, '    
', 'online.edu.ru', '      :    1.     -         1.  : ,    .   .   .  :   .     .  .  : , , .      ( ).   2.    ,    :     ;  : , ,  ,  .   3.  :   ;     ;   .   4.  .    .    ( , ,  ).    ( , ,  ).   5.      :  ,  .    2.          6.      (  )    ( ).           .   7.         .   8.       (  ).   9.       (    ).   10. .  ', 'https://online.edu.ru/public/course.xhtml?faces-redirect=true&cid=131070');
INSERT INTO public.workprogramsapp_onlinecourse VALUES (224, ' 
', 'online.edu.ru', '      :  1.   2.    3.  4.     5.   6.  7.   ', 'https://online.edu.ru/public/course.xhtml?faces-redirect=true&cid=131071');
INSERT INTO public.workprogramsapp_onlinecourse VALUES (225, ' 
', 'online.edu.ru', '  1.  .  2.   .  .  3.     XV  XVI .  4.   .  5.   XVIII .  6.     XIX .  7.     XIX .  8.    XX .  9.   1917    .  10.      . 1921-1929 .  11.   1930-  1940- .  12.      .  13.         XX .  14.   .  ', 'https://online.edu.ru/public/course.xhtml?faces-redirect=true&cid=131074');
INSERT INTO public.workprogramsapp_onlinecourse VALUES (228, '   
', 'online.edu.ru', '   1. .    .  2.  .  3.     -.  4.   .  5.  .  6.   .  7.  .  8.   .  9.   I.  .  10.   II. ABCDE-  .  11.   . .  12.    .  ', 'https://online.edu.ru/public/course.xhtml?faces-redirect=true&cid=131812');
INSERT INTO public.workprogramsapp_onlinecourse VALUES (229, ' -  
', 'online.edu.ru', '   1.      2.      3.       4.      5.      6.      7.     8.  ,       9.     10.       11.         ', 'https://online.edu.ru/public/course.xhtml?faces-redirect=true&cid=131813');
INSERT INTO public.workprogramsapp_onlinecourse VALUES (230, '     
', 'online.edu.ru', '        : 1.   . 2.    . 3.   . 4.          . 5.        .  ', 'https://online.edu.ru/public/course.xhtml?faces-redirect=true&cid=131814');
INSERT INTO public.workprogramsapp_onlinecourse VALUES (231, '     
', 'online.edu.ru', '    1 .           2.          3.      4 .     5.       6.      7.         8.       ', 'https://online.edu.ru/public/course.xhtml?faces-redirect=true&cid=131815');
INSERT INTO public.workprogramsapp_onlinecourse VALUES (232, '-:    
', 'online.edu.ru', '  ', 'https://online.edu.ru/public/course.xhtml?faces-redirect=true&cid=136073');
INSERT INTO public.workprogramsapp_onlinecourse VALUES (233, '.  1:  
', 'online.edu.ru', '  ', 'https://online.edu.ru/public/course.xhtml?faces-redirect=true&cid=136074');
INSERT INTO public.workprogramsapp_onlinecourse VALUES (234, '
', 'online.edu.ru', '  1    2   (1) 3   (2) 4   5   6   7    8    9   (1) 10   (2).   10    ', 'https://online.edu.ru/public/course.xhtml?faces-redirect=true&cid=139407');
INSERT INTO public.workprogramsapp_onlinecourse VALUES (235, '   
', 'online.edu.ru', '    1.     ( 1)   2.    ( 2)   3.      4.      5.  14    6.  15    7.  16    8.  17    9.  18    10.  19    11.  20   ', 'https://online.edu.ru/public/course.xhtml?faces-redirect=true&cid=139408');
INSERT INTO public.workprogramsapp_onlinecourse VALUES (236, ' 
', 'online.edu.ru', '  1.  ,   2.    3.  .     4.  .     5.  .   6.    .  ,  ,   7.   .  .   8.  .   9. .      10.    11.       ', 'https://online.edu.ru/public/course.xhtml?faces-redirect=true&cid=139409');
INSERT INTO public.workprogramsapp_onlinecourse VALUES (275, '   
', 'online.edu.ru', '   1.   : ,      ( 1.   : ,     )   2. ,     ( 2. ,  ;  3.  )   3. -     ( 4.   ;  5. ,   )   4.   ( 6.  ,  .  )   5.   ( 7.  ,  ;  8.  - )   6. , ,   ( 9. ,  ;  10.,  )   7.  .   . ( 11.  ;  12.   )   8. ,    ( 13. : , , ;  14.   )   9. ,  ,   ( 15. : , .  ;  16.  : , )   10.    ( 17.   ;  18. .  ).  ', 'https://online.edu.ru/public/course.xhtml?faces-redirect=true&cid=604953');
INSERT INTO public.workprogramsapp_onlinecourse VALUES (237, '  
', 'online.edu.ru', '  1.  .     2.       (time value of money).    .       3.   .     (CAPM) 4.         5.    .       .     (cost of capital) 6.      :      (financial distress costs).   (Trade-off theory) 7.     :      .    . (Pecking order of financing) 8.   .    .  .      9.        10.  : , ,  ,  11.   (corporate governance)    12.    ', 'https://online.edu.ru/public/course.xhtml?faces-redirect=true&cid=140091');
INSERT INTO public.workprogramsapp_onlinecourse VALUES (257, '  
', 'online.edu.ru', '   1 .     .     2        3    4.      5.  :      6.       7.     8.     9       10      ?   . .  ', 'https://online.edu.ru/public/course.xhtml?faces-redirect=true&cid=142084');
INSERT INTO public.workprogramsapp_onlinecourse VALUES (238, '    
', 'online.edu.ru', '    1.            ..   1.         2.        . I .  (                , )    2.  ,          ..   1      2.      (,    )    3          ..   1.     - .   2     .   3.     -   (    ,    )    4.        ..   1.       2        ..   3.         .   1.    : - .   2. -            (,   , )    5         ..   1.          2.   :    (  , )    6.          ..   1.              1.  :   ,           .   2.   .         .    ..   2.              1.     .   2.    -   (, ,    )       .  ', 'https://online.edu.ru/public/course.xhtml?faces-redirect=true&cid=140092');
INSERT INTO public.workprogramsapp_onlinecourse VALUES (239, ' : -
', 'online.edu.ru', '  1..  2. . .  3. .  4.   . . .  ', 'https://online.edu.ru/public/course.xhtml?faces-redirect=true&cid=140096');
INSERT INTO public.workprogramsapp_onlinecourse VALUES (240, '  .    
', 'online.edu.ru', '               .  1       .  2       .  1       .  2                                                     ', 'https://online.edu.ru/public/course.xhtml?faces-redirect=true&cid=140097');
INSERT INTO public.workprogramsapp_onlinecourse VALUES (241, '  
', 'online.edu.ru', '   1                                                             2  .  1                  .           3  .  2                         4 .                                -     5   -                 ,        ,          .      ', 'https://online.edu.ru/public/course.xhtml?faces-redirect=true&cid=140098');
INSERT INTO public.workprogramsapp_onlinecourse VALUES (242, '     .
', 'online.edu.ru', '   1. .     .  .  .      .    .   .     .    2.    .     .  Certified Quality Improvement Associate (CQIA).     .              - .      .  .        .     .    3.  -   .    .    .  -  .      :  ,  ,  .  .  -      .      .       .   .. .    4.          .        .  .    .        .    5.     .         .    . , , ,  .  .  ,  ,    .        .         .          .       .           .     .   .    .   .   .       .        . 1-  .    6.         .    .  DMAIC.     .     .       .  FMEA      (FMEA  Failure Mode and Effect Analysis)         .      (SPC  Statistical Process Control)  .      .     .    : , -  -  .     .   Big Data.   ', 'https://online.edu.ru/public/course.xhtml?faces-redirect=true&cid=140099');
INSERT INTO public.workprogramsapp_onlinecourse VALUES (243, ' 
', 'online.edu.ru', '       .                        ', 'https://online.edu.ru/public/course.xhtml?faces-redirect=true&cid=141910');
INSERT INTO public.workprogramsapp_onlinecourse VALUES (244, '  
', 'online.edu.ru', '    1.    .  .    2.  ,  , . ,     3. :    ,  ;   .    4. - .    5. .   . .    6.  .    7.   .   .    8.      .    9.      10.         11.           12.        13.           14.       15. ,      ', 'https://online.edu.ru/public/course.xhtml?faces-redirect=true&cid=141911');
INSERT INTO public.workprogramsapp_onlinecourse VALUES (258, '  
', 'online.edu.ru', '  1.     .  2.   .  3.     4.     5.   ?  6.    7.     8.     9.     10.    ', 'https://online.edu.ru/public/course.xhtml?faces-redirect=true&cid=142085');
INSERT INTO public.workprogramsapp_onlinecourse VALUES (245, '
', 'online.edu.ru', '      I  .          1.  : ,   .  .    2.       3.       4.     .        II  .         5.  : , ,   .        6.      .     7.  ,        8.         9.        III.       10.        11.         12.       13.       14.       15.       16.        IV  .       17.       18.     ', 'https://online.edu.ru/public/course.xhtml?faces-redirect=true&cid=141912');
INSERT INTO public.workprogramsapp_onlinecourse VALUES (246, ' 
', 'online.edu.ru', '   1.      2.      3.  .  I   4.  .  II   5.     6.     7.    8. ,        9.    :      ?  ', 'https://online.edu.ru/public/course.xhtml?faces-redirect=true&cid=141913');
INSERT INTO public.workprogramsapp_onlinecourse VALUES (247, ' 
', 'online.edu.ru', '  1.   ,     ?  .. 2.      :    ?  .. 3.     .  .. 4.   XVII :      ?  .. 5.  :  .   .. 6.  :    .  .. 7.    :  .  .. 8.    XIX    .:     ?  .. 9.  -.  .. 10.   :      1917 ?  .. 11.    :   .  .. 12.       .  .. 13.     :  .  .. 14. .. .    .  .. 15.  :    ?  ..  ', 'https://online.edu.ru/public/course.xhtml?faces-redirect=true&cid=141914');
INSERT INTO public.workprogramsapp_onlinecourse VALUES (248, '-
', 'online.edu.ru', '    1.  -        2.         -    3.   -   :                  4.                 5.                    6.         .    7.     ,    ?    8.           9.   :   ,          10.  :          11.                  12.   :          13.   :      14.   :      15.        ()   (   ,      !)  ', 'https://online.edu.ru/public/course.xhtml?faces-redirect=true&cid=141915');
INSERT INTO public.workprogramsapp_onlinecourse VALUES (249, 'Why we post:   
', 'online.edu.ru', '    1     ,    Why We Post,        -  :  ,    .           ,  ,    .        ,         .    2                .            ,  ,    ,    ,    .              .    3     ,          .                   .         .    4            :   ,     .         .    : ,     .                  .    5         ,   ,       .             .  :   -      ,        ,    .   6-7       ,         .             .         - ,    ,     .       .  ', 'https://online.edu.ru/public/course.xhtml?faces-redirect=true&cid=141916');
INSERT INTO public.workprogramsapp_onlinecourse VALUES (250, '    
', 'online.edu.ru', '  -    .    1.  .  .   1.1   .  1.2     .  1.3     ,   .  1.4     -    .    2.  .  .   2.1   :       . .  2.3   :    .  2.4   :    .    3.     .   3.1  :   .  3.2 20     .  3.3      ,      :    .  3.4    .  3.5         .    4. -.   4.1     .  4.2  ,        -:    .  4.3  -    .  4.5    -    .  4.6    .       .    5.       .   5.1   .  5.2   .  5.3  : , ,   .  5.4     :   .    6.  :        ?   6.1        .  6.2  .  6.3        .  6.4      .  6.5      .    7.       .   7.1    .  7.2   .  7.3      .  7.4  .  7.5      :  .    8.       .   8.1     .  8.2     .  8.3        .  8.4  .    9.    .   9.1  .  9.2 - .  9.3  .  9.4  .       .     10.   ().   ', 'https://online.edu.ru/public/course.xhtml?faces-redirect=true&cid=141917');
INSERT INTO public.workprogramsapp_onlinecourse VALUES (251, '  
', 'online.edu.ru', '  -    :    1.    R.       R.     .  , , .  , , .    data.frame.     2.   .   .   .      .  , .      .     .     .     .     3.  .  .      .    .   .   .   .   .     (, ).     4.   .      .   .    .     5.  .    .       .     .     6.  .       .    .   .     .   .     7.   .     .   .   .   .      (ANOVA).   .   ANOVA.   ANOVA.     8.   .  .        .     .   .   .     9.  .   ', 'https://online.edu.ru/public/course.xhtml?faces-redirect=true&cid=141918');
INSERT INTO public.workprogramsapp_onlinecourse VALUES (259, '    .  
', 'online.edu.ru', '   .     :        :        :      4        ?          .            ?    .     ', 'https://online.edu.ru/public/course.xhtml?faces-redirect=true&cid=142086');
INSERT INTO public.workprogramsapp_onlinecourse VALUES (252, '    ( )
', 'online.edu.ru', '   1.   ?         1.1.           1.2.    1.3.         1.4.        1.5.         2.   . - .  1   2.1.        2.2.       2.3.   2.4. ,        3.   . - .  2   3.1.     3.2.   3.3.    3.4.         4.  .     4.1.      4.2.   4.3.   4.4.   4.5. , ,   4.6.      5.  .      5.1.   5.2.    5.3.    5.4.     5.5.    5.6      6.   .       6.1.    6.2.     6.3.       6.4.      6.5.      7.   .       7.1.     7.2.      7.3.   7.4.    7.5.    7.6.       8.   .     8.1.      8.2.     8.3.    8.4.  .      9.  .      9.1.     .  9.2.   ,     9.3.     .  9.4.   .       .  10.       ', 'https://online.edu.ru/public/course.xhtml?faces-redirect=true&cid=141919');
INSERT INTO public.workprogramsapp_onlinecourse VALUES (253, '   
', 'online.edu.ru', '    1.     1.   ,        .   2.       .    2.       1.   .   2.   .    3.        1.   .   2.  .    4.      1.      2.      .    5.       1.  .   2.   .    6.      1.       2.  .    7.      1.   .   2.      .    8.        1.    .   2.  .    9.      1.     .   2.    .    10.       1.  .   2.    .    11.       1.   .   2.  .    12.      1.   .   2.   ,   .    13.      1.    .   2. .       ', 'https://online.edu.ru/public/course.xhtml?faces-redirect=true&cid=142080');
INSERT INTO public.workprogramsapp_onlinecourse VALUES (254, '      
', 'online.edu.ru', '    1 .   .            1.   PostgreSQL.         2.        3. B-. ,        2 .  .       ,  ..  PostgreSQL   4.      5. Write-ahead log.       6.    (GiST)    3 .  .     ,    PostgreSQL   7.  PostgreSQL. ube  smlar   8.  .   (GIN)   9.   PostgreSQL.  ,   ', 'https://online.edu.ru/public/course.xhtml?faces-redirect=true&cid=142081');
INSERT INTO public.workprogramsapp_onlinecourse VALUES (282, '   
', 'online.edu.ru', '   1:    2:  .   ,     3:          4:  . Random Forest  Gradient Forest   5:    SVM   6:    7:   Text Mining   8: Introduction in the deep learning   9: Deep learning for Data with Sequence Structure   10:     11: Case Study:     12:     ', 'https://online.edu.ru/public/course.xhtml?faces-redirect=true&cid=605896');
INSERT INTO public.workprogramsapp_onlinecourse VALUES (255, '
', 'online.edu.ru', '   1.      1.1. .    .   :  .   ,     .  .     .  1.2.  ,  ,   .       . , , .    .  .    .  1.3.     . ,    .      .     . ,    .  1.4.   .    .     .  .    . ,    .      .   2.      2.1.       . ,     .     .      .   .     .     ,     .  2.2.    .      . -      .      .       .  2.3.       .         .  ,    .   .         - .      .  2.4.     .      .          .   .     .     .    XXI     .  ', 'https://online.edu.ru/public/course.xhtml?faces-redirect=true&cid=142082');
INSERT INTO public.workprogramsapp_onlinecourse VALUES (256, '   
', 'online.edu.ru', '      .    .   - .  .       /   : UART, RS485.   : SPI.  -  -  .    .   .         ', 'https://online.edu.ru/public/course.xhtml?faces-redirect=true&cid=142083');
INSERT INTO public.workprogramsapp_onlinecourse VALUES (270, '       -   
', 'online.edu.ru', '  ', 'https://online.edu.ru/public/course.xhtml?faces-redirect=true&cid=564549');
INSERT INTO public.workprogramsapp_onlinecourse VALUES (271, '  -  ( )
', 'online.edu.ru', '  ', 'https://online.edu.ru/public/course.xhtml?faces-redirect=true&cid=572474');
INSERT INTO public.workprogramsapp_onlinecourse VALUES (260, '   -   
', 'online.edu.ru', '       .       -.   -.   -.     -.   :  -  300 .     : , ,  .   :    XIX   XX .   :      20-   .        XVIII  XIX .          .   ', 'https://online.edu.ru/public/course.xhtml?faces-redirect=true&cid=142087');
INSERT INTO public.workprogramsapp_onlinecourse VALUES (261, '   
', 'online.edu.ru', '          ( I)   ( II)   ( I)   ( II)     ( I)   ( II)   ( III)   ( IV)   ', 'https://online.edu.ru/public/course.xhtml?faces-redirect=true&cid=142088');
INSERT INTO public.workprogramsapp_onlinecourse VALUES (262, ' 
', 'online.edu.ru', '  1.    2.      .  3.       4.     .  5.    6.      ', 'https://online.edu.ru/public/course.xhtml?faces-redirect=true&cid=142089');
INSERT INTO public.workprogramsapp_onlinecourse VALUES (263, '  
', 'online.edu.ru', '                  -   ,                                    ', 'https://online.edu.ru/public/course.xhtml?faces-redirect=true&cid=142190');
INSERT INTO public.workprogramsapp_onlinecourse VALUES (264, ' 
', 'online.edu.ru', '   1 .       2 .          3 .     4 .       5 .       6 .        7 .    8 .     ', 'https://online.edu.ru/public/course.xhtml?faces-redirect=true&cid=142191');
INSERT INTO public.workprogramsapp_onlinecourse VALUES (265, ' 
', 'online.edu.ru', '    1.           2.            3.           4.           5.      ()          6.    :         7.    : , , ,     8.       ', 'https://online.edu.ru/public/course.xhtml?faces-redirect=true&cid=144710');
INSERT INTO public.workprogramsapp_onlinecourse VALUES (266, ' .     .
', 'online.edu.ru', '  ', 'https://online.edu.ru/public/course.xhtml?faces-redirect=true&cid=144936');
INSERT INTO public.workprogramsapp_onlinecourse VALUES (267, '   
', 'online.edu.ru', '      :                                .       ,       -          ', 'https://online.edu.ru/public/course.xhtml?faces-redirect=true&cid=145100');
INSERT INTO public.workprogramsapp_onlinecourse VALUES (268, '    
', 'online.edu.ru', '       .    .     .     .  .      .    .  .  .      .   .        .   .      NoSQL  .  .    ', 'https://online.edu.ru/public/course.xhtml?faces-redirect=true&cid=145102');
INSERT INTO public.workprogramsapp_onlinecourse VALUES (269, ' -   
', 'online.edu.ru', '  ', 'https://online.edu.ru/public/course.xhtml?faces-redirect=true&cid=564548');
INSERT INTO public.workprogramsapp_onlinecourse VALUES (272, '     
', 'online.edu.ru', '    1.       1.1  : , , .   .    .   1.2 . .   .         .    -.    2.      2.1  : , , .  .   2.3   .    3.      3.1.   .   .    .   3.2.      .       .   3.3.   .   3.4.      .    4.      4.1.    . .   4.2.        .   4.3.  .  ,  .   4.4.     .  .   4.5. -  .    5.        5.1. ,   .  : , , .   5.2.  .   5.3.  : , , .   5.4.  .  .    .  ', 'https://online.edu.ru/public/course.xhtml?faces-redirect=true&cid=604839');
INSERT INTO public.workprogramsapp_onlinecourse VALUES (273, '   
', 'online.edu.ru', '     16  ,      ,        :   1.    .      2.         3.  .      4.    .     5.        6.      7.         8.     9.         10. .             11.   :     XVI-XVIII    12.        XIX-XX    13.      -    14.         15.          16.       ', 'https://online.edu.ru/public/course.xhtml?faces-redirect=true&cid=604950');
INSERT INTO public.workprogramsapp_onlinecourse VALUES (274, ' 
', 'online.edu.ru', '     I.             1.     2.      3.      4.     5.  XVII- XVIII    6  XIX    7.  XX      I    I    .       8.    ', 'https://online.edu.ru/public/course.xhtml?faces-redirect=true&cid=604952');
INSERT INTO public.workprogramsapp_onlinecourse VALUES (322, '   -
', 'online.edu.ru', '          SADT/IDEF0/       RIS  BPMN      -    -  , ,     ,    -      ', 'https://online.edu.ru/public/course.xhtml?faces-redirect=true&cid=980387');
INSERT INTO public.workprogramsapp_onlinecourse VALUES (276, ' .  3.  
', 'online.edu.ru', '        1.    .                  .      .       .    .         .      .          .         .      ,    ,    .     2.    :             ,   :    .        .              (absorption/fullcosting)   Activity-Based Costing    .       (direct-costing/marginalcosting).     3.        .           .         .        .        .     .    - (standard- costing)   ,    .      .         .   .     4. . .              .    .     ,      ().     .         .        .        .     .        ', 'https://online.edu.ru/public/course.xhtml?faces-redirect=true&cid=604954');
INSERT INTO public.workprogramsapp_onlinecourse VALUES (277, '   - : , , 
', 'online.edu.ru', '      ,        .   :             ?     ,        ?         ,   - ?          ,        .       ,       .              .            . ', 'https://online.edu.ru/public/course.xhtml?faces-redirect=true&cid=605181');
INSERT INTO public.workprogramsapp_onlinecourse VALUES (300, ' 
', 'online.edu.ru', '  ', 'https://online.edu.ru/public/course.xhtml?faces-redirect=true&cid=607490');
INSERT INTO public.workprogramsapp_onlinecourse VALUES (278, '  :    
', 'online.edu.ru', '        :          .   :    . .        ?  ,    .   . -.   . .   . -.  .   .      .   ', 'https://online.edu.ru/public/course.xhtml?faces-redirect=true&cid=605182');
INSERT INTO public.workprogramsapp_onlinecourse VALUES (279, '   .
', 'online.edu.ru', '      .                         .       .    ', 'https://online.edu.ru/public/course.xhtml?faces-redirect=true&cid=605891');
INSERT INTO public.workprogramsapp_onlinecourse VALUES (280, '    
', 'online.edu.ru', '   :        (Big Data)              Big Data     Big Data         Big Data               Big Data         Apache Hadoop         Apache Hadoop          Apache Hadoop     Apache Hadoop         HDFS      HDFS                  MapReduce      MapReduce     MapReduce -        MapReduce  YARN      Apache Spark          Apache Spark    Resilient Distributed Dataset (RDD):          RDD     Spark            Flume         Source    Channel    Sink      SQL on Hadoop    Hive             UDF                 Apache Zeppelin    Cloudera Search (Solr + Hue)         Hadoop    Sqoop    Nutch    Hbase    Zookeeper    Oozie    Pig    Impala          -   twitter  ', 'https://online.edu.ru/public/course.xhtml?faces-redirect=true&cid=605894');
INSERT INTO public.workprogramsapp_onlinecourse VALUES (281, '     
', 'online.edu.ru', '    1.       
 
  :    
     
   
   
 
   2.       () 
 
 -  
        
    . 
 
   3.       
 
    (Lienshytte blast-furace) 
    (Engelsbergs bruk) 
         XIX . 
       XVI . 
   
    
 
   4 .     
 
   
  
   
     
 
   5.    
 
   
    
   
   
   
 
   ', 'https://online.edu.ru/public/course.xhtml?faces-redirect=true&cid=605895');
INSERT INTO public.workprogramsapp_onlinecourse VALUES (283, '  
', 'online.edu.ru', '      I.  .                                 II.  :             III                ,             IV                                            (    )  ', 'https://online.edu.ru/public/course.xhtml?faces-redirect=true&cid=606291');
INSERT INTO public.workprogramsapp_onlinecourse VALUES (284, '-  -     
', 'online.edu.ru', '   1.     2.               3.      4.                        5.     ,              6.      -     7.          8.            ', 'https://online.edu.ru/public/course.xhtml?faces-redirect=true&cid=606293');
INSERT INTO public.workprogramsapp_onlinecourse VALUES (285, '  
', 'online.edu.ru', '      :  1. Autodesk Fusion 360.     2.       AutodeskFusion 360 3.     AutodeskFusion 360.   4.     AutodeskFusion 360.   5.     AutodeskFusion 360.      6.   ,     7.   .  8.    .  9.    .  10.     AutodeskFusion 360  ', 'https://online.edu.ru/public/course.xhtml?faces-redirect=true&cid=606524');
INSERT INTO public.workprogramsapp_onlinecourse VALUES (286, '   
', 'online.edu.ru', '      :        .    .    .     .    .     .   .    .     .   .      .   .   ', 'https://online.edu.ru/public/course.xhtml?faces-redirect=true&cid=606525');
INSERT INTO public.workprogramsapp_onlinecourse VALUES (287, ' Android-   
', 'online.edu.ru', '      :    1.    Android.                 SDK Manager                   Android Studio       2.   .      Android Studio           TextView          Activity,          3.                .1       .2        .1        .2      4.                   .1        .2         .1         .2      5.                    .1         .2       .1       .2      6.                        .1       .2       .3        7.      RecyclerView     RecyclerView     RecyclerView      Grumpy Cat .1      Grumpy Cat .2      Grumpy Cat .3      8.             .1       .2                 .        (    ):   ,            ;   ,              ,        .  ', 'https://online.edu.ru/public/course.xhtml?faces-redirect=true&cid=606526');
INSERT INTO public.workprogramsapp_onlinecourse VALUES (288, '   3D-
', 'online.edu.ru', '      :         ,  .   .                    ', 'https://online.edu.ru/public/course.xhtml?faces-redirect=true&cid=606527');
INSERT INTO public.workprogramsapp_onlinecourse VALUES (289, '   
', 'online.edu.ru', '      :    .   .     .      .   : , .     .  -   .   .     .  , , events.      .      .   ,       .       -         ', 'https://online.edu.ru/public/course.xhtml?faces-redirect=true&cid=606528');
INSERT INTO public.workprogramsapp_onlinecourse VALUES (290, '    
', 'online.edu.ru', '   1.    : , , .   1.    .   2.      .   2.      .   3. ,  ,  .   4. SEO.   5.  .   6. E-mail ,     CPA .   7.  () .   8.    web .   3.  .   9.  .   10.  .   11.  .   4. Off-line   .   12.  .   13. Off-line  .   5.    .   14. CRM .   15. Big Data  .   6.   .  ', 'https://online.edu.ru/public/course.xhtml?faces-redirect=true&cid=606529');
INSERT INTO public.workprogramsapp_onlinecourse VALUES (291, ' 
', 'online.edu.ru', '   1.      .   2.     .   3.       .   4.     .   5.      .   6.    .   7.  .   8.   UML      .  ', 'https://online.edu.ru/public/course.xhtml?faces-redirect=true&cid=607320');
INSERT INTO public.workprogramsapp_onlinecourse VALUES (292, '  
', 'online.edu.ru', '   1.     .   2.  .   3.        .   4.          .   5.  ,    .  ', 'https://online.edu.ru/public/course.xhtml?faces-redirect=true&cid=607322');
INSERT INTO public.workprogramsapp_onlinecourse VALUES (293, '  
', 'online.edu.ru', '    :     . Industry 4.0          .                           ', 'https://online.edu.ru/public/course.xhtml?faces-redirect=true&cid=607323');
INSERT INTO public.workprogramsapp_onlinecourse VALUES (294, '    
', 'online.edu.ru', '     12  ,      ,        :   1.  .             2.     .    -     3.        4.      .        5.       6.           7.        8.  :     9.            10. :            11.  ,       12.            ', 'https://online.edu.ru/public/course.xhtml?faces-redirect=true&cid=607324');
INSERT INTO public.workprogramsapp_onlinecourse VALUES (316, '    
', 'online.edu.ru', '                                                        ,                    ', 'https://online.edu.ru/public/course.xhtml?faces-redirect=true&cid=980381');
INSERT INTO public.workprogramsapp_onlinecourse VALUES (295, ',     
', 'online.edu.ru', '                       2015-16     2020                                                            ( )                      ', 'https://online.edu.ru/public/course.xhtml?faces-redirect=true&cid=607325');
INSERT INTO public.workprogramsapp_onlinecourse VALUES (296, '  
', 'online.edu.ru', '   1.      (: , ,   ).  2.   ( ,  ,   ).  3.      (   -    ).  4.     (   ,       ).  5.    (,    ,  ).  6.          (     , ,  ;  ,     ).  7.     (   ,   MS Word,  ,    -    ).  8.  .  ( , ,    ,   ).  ', 'https://online.edu.ru/public/course.xhtml?faces-redirect=true&cid=607326');
INSERT INTO public.workprogramsapp_onlinecourse VALUES (297, '   
', 'online.edu.ru', '  ', 'https://online.edu.ru/public/course.xhtml?faces-redirect=true&cid=607327');
INSERT INTO public.workprogramsapp_onlinecourse VALUES (298, ' .  
', 'online.edu.ru', '  ', 'https://online.edu.ru/public/course.xhtml?faces-redirect=true&cid=607328');
INSERT INTO public.workprogramsapp_onlinecourse VALUES (299, '   
', 'online.edu.ru', '   1. " "   2. "    "   3. "    "   4. " "   5. " "   6. "  "   7. ".  "   8. " "   9. ",        "   10. "  .     "  ', 'https://online.edu.ru/public/course.xhtml?faces-redirect=true&cid=607329');
INSERT INTO public.workprogramsapp_onlinecourse VALUES (301, '   
', 'online.edu.ru', '   1:   . .  .  2:  .  .  3:     .  4:  .  .  5:   .    .  6:  .  7:    .   .          .  8:    .    .  9:  .     .  10:   .  11:      .  TreePlan.  12:       TreePlan.  ', 'https://online.edu.ru/public/course.xhtml?faces-redirect=true&cid=929744');
INSERT INTO public.workprogramsapp_onlinecourse VALUES (302, ' 
', 'online.edu.ru', '     5 :                       ', 'https://online.edu.ru/public/course.xhtml?faces-redirect=true&cid=929745');
INSERT INTO public.workprogramsapp_onlinecourse VALUES (303, '   
', 'online.edu.ru', '   1. .      .    .          .   2.       .  ,  ,   .    ,  .  ,     .  P  NP.   ,  BPP.    ,   #P.        BosonSampling.   3.    ,  .    .    ,    .   ,      .     ,     .   4.      CNOT.   ,    .     .   5.   .   ,   ,   .           .   6.    .     ,  .    .  ,     .   7.   .  ,  ,  .     .   NP- .      .   . ,    .    .   8.    ,  .    ,    .  ,  X-.  ,  Z-.   .   9.    ,  ,   .   ,  .   --.   10.  ,      .       .   ,   .       . ,   .  .           .   11.  :   .        .   12.    NISQ-.   : QAOA  VQE.     .      ,  .  ', 'https://online.edu.ru/public/course.xhtml?faces-redirect=true&cid=929746');
INSERT INTO public.workprogramsapp_onlinecourse VALUES (304, ' 
', 'online.edu.ru', '   1.     .    ,     .  .    .     .   2.     :        , ,  ,  ,    ,   ,    ,   ,   .   3.    ,     .   4.       :  ,  ,   .     : BB84, B92, E91, SARG04, - , - ,                  .   5. .        .   6.     .  ,    . ,  ,  ,   ,         ,     7.       . .   8.   ,        .    .      .       .   9.  --        .   ,       .   10.      (min  max ).  min  max ,  ,  min  max    ,  min  max     .   11.      ,   min  max  .   12.      ,    .  -  ,     .     (Left over hash Lemma).   13.         BB84,      (     ).   14.             ,       .      ,      ,    .   15.         ,        .       (Decoy State ).   16.    ,    ,   ,     .   17.     .   ,      .  .  ', 'https://online.edu.ru/public/course.xhtml?faces-redirect=true&cid=929747');
INSERT INTO public.workprogramsapp_onlinecourse VALUES (305, '    
', 'online.edu.ru', '                      -                            ', 'https://online.edu.ru/public/course.xhtml?faces-redirect=true&cid=979690');
INSERT INTO public.workprogramsapp_onlinecourse VALUES (306, '  
', 'online.edu.ru', '   1.         ?     ?                  2.           , ,                        3.                :            ', 'https://online.edu.ru/public/course.xhtml?faces-redirect=true&cid=979691');
INSERT INTO public.workprogramsapp_onlinecourse VALUES (307, ' 
', 'online.edu.ru', '                               -    :       :                                       -         ', 'https://online.edu.ru/public/course.xhtml?faces-redirect=true&cid=979692');
INSERT INTO public.workprogramsapp_onlinecourse VALUES (308, ': 5    
', 'online.edu.ru', '   1. .   1.   .     2.    3.       4.           2.   .   1.- :    2. :           3.  . :       3.    1.      2.  :     3.        4.             5.          4.  ..   1.        2.       3.      4.   5.    6.          5.    1.   :     ', 'https://online.edu.ru/public/course.xhtml?faces-redirect=true&cid=979693');
INSERT INTO public.workprogramsapp_onlinecourse VALUES (309, ' 
', 'online.edu.ru', '  ', 'https://online.edu.ru/public/course.xhtml?faces-redirect=true&cid=979694');
INSERT INTO public.workprogramsapp_onlinecourse VALUES (311, '   
', 'online.edu.ru', '  1.    2.     3.      4. -  5.     6.    -  7.      8.    9.     10.     11. -  12.    ', 'https://online.edu.ru/public/course.xhtml?faces-redirect=true&cid=979696');
INSERT INTO public.workprogramsapp_onlinecourse VALUES (312, '  
', 'online.edu.ru', '        .   .  .    .      .  .    .    .    .    .  ,    .     .   .   .   .   .   ', 'https://online.edu.ru/public/course.xhtml?faces-redirect=true&cid=979697');
INSERT INTO public.workprogramsapp_onlinecourse VALUES (313, ' 
', 'online.edu.ru', '   .    ?      .                                               ()       ', 'https://online.edu.ru/public/course.xhtml?faces-redirect=true&cid=979698');
INSERT INTO public.workprogramsapp_onlinecourse VALUES (314, ' 
', 'online.edu.ru', '                                         .     ', 'https://online.edu.ru/public/course.xhtml?faces-redirect=true&cid=979699');
INSERT INTO public.workprogramsapp_onlinecourse VALUES (315, ' 
', 'online.edu.ru', '   1.           .  : -.  :  .   : .     .    (1832).    (1833).  .    ,    . Lilac chaser ( ). -. -. .  .      . .  : . .      .         .    . . . .    . .  .  .      (1855).  . .   .     . . .   .  .  : .    (1895-1916).  :  .   .   2.         :  .    .  .    .      .    ( ).    .  .     .     .    .  .     .    .      .  .      .    .   .    .   .  .    .     .   .  . -.  .   .   .   .     .   .   .      .    .   .   .      .  .  .       .    .  . .  .  .  .  .  -   .      -  .   3.            .  .  . .  .  .    .    1938 .    .    -. .        .   .   . - .  .      .    .  .  .     .  .  .   -  .  .     .      .   .       .  .     .     .   .   .    .     .  .  .    .   .   .   .     .   4.  :       :   . .  .  .   . . .        1920- . . .    .     .    .  .    .  . :    ( ).    ( ).    ( ).     (1905-1934).    ().  .       .  (1927).  .  .  .   .    (1923-1927). .  .  .  .    .  .   .        .  . .   ( ,  ).  .    ( ).    .   .   5.           .   .    .   .    .   .   . -  .  .    .  .  .     .   . .     .  :    .   .    .   .  . -  .     .  .  .      .   .   Gesamtkunstwerk.   .   .     .    .    .   .    .   -:   .   .  .    .    -.   .     .     .  .    .       .    .   .   .   .   .   .   .   6.        .  . .  . .    - .  () .  .      .    .   .  .   .    .     .    .    .  .   . :  .   . :     .    .    . :   .    .    .   ( ).   () .   .   .    .    .     .    .  .   .    .   7.             .  .   .   .   :   . .      .     .    .   .   .    .      .  . - :   .  :   .  :    . .   .   .       .   .   . :    .  .  .  .     .   .       .       .  .        .        .   .    .  ,      .   .          .   .  vs. .   .   .  .   .   .  :     .  .   8.       .     (%).    .   .     .    .     .     .  . -.  .   . . . :    (1893).     . -.    .      .      .    .    .     . -.  : -.  :      .  :     .   .      . - .  .  .    (. ).  .      .    .     .    .  .   .   -   .    .    .   . :     .   .   .     .    .     .      .       .    .  :      .       .    .    :   .  :   .   .     .  .    .   .      .    .   .    .        .   9.      .   .     .   .  .  () .  .   ( ).    . -  .    .    .      .  .   .     .  .  . .    .  .  .     .   .  .  .   .  ?   .    .  .      .   .    .  :      .  ,   .    .  .   . .    .  .   .   10.         :   .  . .    .    .   .   .         .     .   .   .    .  .     ,   .  .  .    : 1920-30- .   .     . :   .    .    : 1940-90- .   .  .  .  .  .  (giallo). .  .      :   .     .   ?    ?   .     . - .   ,    .     .  .   .      .  .  .   .  .  .  .  .  .    .  .  .     .    .     ?  .  .           .    .   : .   : .   .    .  ', 'https://online.edu.ru/public/course.xhtml?faces-redirect=true&cid=980380');
INSERT INTO public.workprogramsapp_onlinecourse VALUES (317, '   
', 'online.edu.ru', '                      :                A/B                             :        ', 'https://online.edu.ru/public/course.xhtml?faces-redirect=true&cid=980382');
INSERT INTO public.workprogramsapp_onlinecourse VALUES (324, '    
', 'online.edu.ru', '       :                      (-):        :       -                   ', 'https://online.edu.ru/public/course.xhtml?faces-redirect=true&cid=980389');
INSERT INTO public.workprogramsapp_onlinecourse VALUES (318, '    
', 'online.edu.ru', '   ,     .  .    .    .   .    .  .    .      .  Blockchain    .            .  - . -.    .    . ERP-.      .  CRM-.     , ECM-.    .   . BI-.    .     ,  ,        ', 'https://online.edu.ru/public/course.xhtml?faces-redirect=true&cid=980383');
INSERT INTO public.workprogramsapp_onlinecourse VALUES (319, ' -
', 'online.edu.ru', '             -.     -.      -.        -      -.       -.    -    -.     -   .    ,   -    -.         ', 'https://online.edu.ru/public/course.xhtml?faces-redirect=true&cid=980384');
INSERT INTO public.workprogramsapp_onlinecourse VALUES (320, '
', 'online.edu.ru', '                                                                                 ', 'https://online.edu.ru/public/course.xhtml?faces-redirect=true&cid=980385');
INSERT INTO public.workprogramsapp_onlinecourse VALUES (321, ':  
', 'online.edu.ru', '     ?    , ,                19 :  .  20 :    .    .     .     .    .     ', 'https://online.edu.ru/public/course.xhtml?faces-redirect=true&cid=980386');
INSERT INTO public.workprogramsapp_onlinecourse VALUES (323, '    
', 'online.edu.ru', '                  :                       -         ', 'https://online.edu.ru/public/course.xhtml?faces-redirect=true&cid=980388');
INSERT INTO public.workprogramsapp_onlinecourse VALUES (325, ':      
', 'online.edu.ru', '   :  .    .      .   :                     ,     .         .       :  ,  ,           ', 'https://online.edu.ru/public/course.xhtml?faces-redirect=true&cid=980770');
INSERT INTO public.workprogramsapp_onlinecourse VALUES (326, '  
', 'online.edu.ru', '  1.     (1+, 2)  (. . , .   )   2.    :     (  . . , .     )   3.    (  )  (. . , .   )   4.      (. . , .   )    5.        :   ( 2)  (. . , .   )   6.               (    ..   ..    )  (. . , .   )   7.  :      (. . , .   )   8.      (  )  (. . , .   )   ', 'https://online.edu.ru/public/course.xhtml?faces-redirect=true&cid=980773');
INSERT INTO public.workprogramsapp_onlinecourse VALUES (327, '         
', 'online.edu.ru', '    1.       :        1.       .  2.      .  3.        .  4. ,        .  :         :     .   2.           1.          .  2.       .  3.      .  :        .        ,  ,     .   3.           1.     .  2.     .  3.     .  :                  .   4.       :        1.          .  2.        .  3.      (    -  ).  4. ,         .  :            .   5.               1.      : , , .  2.     (  )   .      .  3.      .  4.      .  :             .   6.            1.      .  2.       .  3.         .  4.       .  :           (     ).   7.      1.        -?  2.       ?  3.        (, , , -)?  4.       ?  :       / .   8.        1.    ?  2.     .  3.     .  4.     .  :         ,    ?   9.          1.      ?  2.      ?  3.       ?  4.      ?  :    ,        ,  ,    .   10.          1.     ?  2.     ?  3.     ?  4.     ?  :         / .  ', 'https://online.edu.ru/public/course.xhtml?faces-redirect=true&cid=980774');
INSERT INTO public.workprogramsapp_onlinecourse VALUES (328, ' 
', 'online.edu.ru', '           .  .      .     .      .           .   ', 'https://online.edu.ru/public/course.xhtml?faces-redirect=true&cid=980776');
INSERT INTO public.workprogramsapp_onlinecourse VALUES (329, ' 
', 'online.edu.ru', '      :   .    ?                :                   :     :     :          :                        .    21    ', 'https://online.edu.ru/public/course.xhtml?faces-redirect=true&cid=980777');
INSERT INTO public.workprogramsapp_onlinecourse VALUES (330, ' 
', 'online.edu.ru', '  1.     .  ,       ,  ,    .   ,   ,      .  2.    .  -       ,  ,     ,      .  ,         ,      ,     .  3. .      (  ),      ,   ,       .           (    ),    ,    ,           ,   .  4.     ,              .  5.  .      ,    :       (   )    ,   ,    ,      ?  6. .      ,   ,  ,     , ,    ,     , ,  .  7. -.       .        ,    (   ,    ,   94%).    ,           ,   ,  .  ,      -   ,    .  8.   (,  ).     ,      .     ,    . ,     ,          ,     ,         .      ,      ,    .  9.    .  ,     ,   .        -    .  ', 'https://online.edu.ru/public/course.xhtml?faces-redirect=true&cid=980778');
INSERT INTO public.workprogramsapp_onlinecourse VALUES (331, '   -.  2
', 'online.edu.ru', '      :             BeautifulSoup        Python         (SQLite, MySQL, PostgeSQL)          (MongoDB)        Flask        Django ( )        Django (,  ),        ', 'https://online.edu.ru/public/course.xhtml?faces-redirect=true&cid=980779');
INSERT INTO public.workprogramsapp_onlinecourse VALUES (386, ' 
', 'online.edu.ru', '    1.   .      .   .    .   .  .    2.    .   .    .   .    3.   .     4.   .  .       .       .   .    5.    .   .   .   .    6.   .  .  .  .    .    7.   .   .   .    .   8.   .  - .   . - . - .  .    9.      .   .   .    .    10.  .   ', 'https://online.edu.ru/public/course.xhtml?faces-redirect=true&cid=11042087');
INSERT INTO public.workprogramsapp_onlinecourse VALUES (332, '    Unity
', 'online.edu.ru', '    1.         .   Unity. ,    Unity.     2D  3D.      .    2.    Unity    Unity.  Unity.   .   .  .    3. GameObjects. .     GameObjects.    Unity.  2D   10 .   Unity 2D. .    4.   2D  - Space Attack      .  .  .   .  .    5.        6.       .   .  .  .   .  . .    7.  Enemy    Enemy.  .   .    .   .    8.        Unity UI.  UI Manager.   .   .  .    9.      .  .  .   .    10.      ', 'https://online.edu.ru/public/course.xhtml?faces-redirect=true&cid=981670');
INSERT INTO public.workprogramsapp_onlinecourse VALUES (333, '    
', 'online.edu.ru', '    1.    !          -   ?  -     -      -    -   -      -        2.           -     -     -   -       -     :      -      - - (Netiquette)    3.  :      -       -     -   -      -      4.     -      -     -     -   -       5.       -    -    -      6.       -      -  !  -     7. Vivat Academia! Vivant professores!   -      -  -          8.  .  1   -           -     :    -     :      9.  .  2   -      -    -         .     10.     ', 'https://online.edu.ru/public/course.xhtml?faces-redirect=true&cid=981671');
INSERT INTO public.workprogramsapp_onlinecourse VALUES (334, '  :    
', 'online.edu.ru', '  ', 'https://online.edu.ru/public/course.xhtml?faces-redirect=true&cid=981984');
INSERT INTO public.workprogramsapp_onlinecourse VALUES (335, ' 
', 'online.edu.ru', '    1. ,  .    1. ,  .   2.    .   3.  .   4.       .   5.     .   6.     .    2. ,  .    1.  -  ,  .   2.        .   3.        .   4.    .   5.       .   6.       .   7.   ( ).   8.    ( ).   9. ,   .   10.     .   11.  ,  ,   -    .   12.      .    3. ,  .    1.      .   2. , , .   3.   .   4. , ,    .   5.       .   6.    .    4. ,  .    1.   .   2.  :  , , ,    3.       4.    .   5.   :    .   6.    .     7.       .    5. ,  .    1.  .   2.   .  .   3. ?  ! (   ).   4.         .   5.  :    .   6.  ,    .   7.     :    ( ).    6. ,  .    1.   , , .   2.    , ,  (    ).   3.    , , .   4.        , ,     .      ( - , , ).  ', 'https://online.edu.ru/public/course.xhtml?faces-redirect=true&cid=982567');
INSERT INTO public.workprogramsapp_onlinecourse VALUES (336, '     :  
', 'online.edu.ru', '  1.   .     .      ().     .  2.       .     .       .  3.   ,   .      .  4.     ..  .   .  5.  .     .  , glori  .  6.  .    .  7.   ,    .  8.    .  9.   .  .     .  10.     .  11.    .  12.   .   .  13.   ,  .  14.   .    .    .  15.         .    ', 'https://online.edu.ru/public/course.xhtml?faces-redirect=true&cid=982568');
INSERT INTO public.workprogramsapp_onlinecourse VALUES (337, '      
', 'online.edu.ru', '    1.            .              ,             ,        ,           .    2.      .       ,     ,   ,     , -,      .    3.      .           .     ,    ,      .         () .    4.        .                 :         .          .    5.         .              ,   -   .    6.        .              ,       ,     , ,        ,           .    7.      .               .    8.      .              ,     - ,   ,       .      - ,     .    9.        .       ,       .     .    10.         .              ,          .    11.        .             ,         ,  ,     ,         .  ', 'https://online.edu.ru/public/course.xhtml?faces-redirect=true&cid=982569');
INSERT INTO public.workprogramsapp_onlinecourse VALUES (338, '    (  )
', 'online.edu.ru', '    1.    .   .              ,     ,            .    2.      .              .       ,       -.    3.   .             .         -   .    4-5.     , .        ,     ,      - .         -      , .    6-7.      .          ,  , ,      -    .    8-9.    .      ,      ,       .            .    10.  -       .                 - ,   .  ', 'https://online.edu.ru/public/course.xhtml?faces-redirect=true&cid=1089020');
INSERT INTO public.workprogramsapp_onlinecourse VALUES (359, ' .  2
', 'online.edu.ru', '   1.   .  .   .    .   2.  .      .    .   3.  .     .    .   4. .      ().      .   5. .     .  .   6. .      ().    .   7. .   .  .    .   8. .   "ra".     .   9. .     .    .   .   10. -.     .     naw, raw.     .  ', 'https://online.edu.ru/public/course.xhtml?faces-redirect=true&cid=1132402');
INSERT INTO public.workprogramsapp_onlinecourse VALUES (339, '   
', 'online.edu.ru', '      :  1.  ,        ,   ;  2.       .      :  1.    .  2.     .  3.    .  4.   .  5.       .  6.     .  7.   .  8.        .  9.   .  10.       .  11.      CO2-.  12.   .  13.  .  ', 'https://online.edu.ru/public/course.xhtml?faces-redirect=true&cid=1089021');
INSERT INTO public.workprogramsapp_onlinecourse VALUES (340, '    
', 'online.edu.ru', '    1.  ( 1).    1.    .  . 2.    .  .    2.      ( 2)    3.  .   4.   .   5.   .    3.      ( 3)    6.      7.       4.  RUP   ( 4)    8. , , .   9. , .   10. ,  .    5.  MSF   ( 5).    11. , .   12.  MSF.   13.   .   14. ,  .    6. ,   ( 6).    15. MSF: .   16. MSF: .   17. MSF: .   18. MSF:   .    7.  ""  ( 7)    19. .   20. .   21.  .    8.  Scrum ( 8)    22. Scrum:  .   23. Scrum:   Scrum.   24. Scrum:  .   25. Scrum: .    9.  XP ( 9)    26. XP: .   27. XP:  .   28. XP:   .   29. XP: .    10.  Agile ( 10)    30. Agile:  .   31. Agile: .   32. Agile: .  ', 'https://online.edu.ru/public/course.xhtml?faces-redirect=true&cid=1089022');
INSERT INTO public.workprogramsapp_onlinecourse VALUES (341, '  .  1. 
', 'online.edu.ru', '       .  :  .     .   .     . .   .  .    .      .     . .   ', 'https://online.edu.ru/public/course.xhtml?faces-redirect=true&cid=1089023');
INSERT INTO public.workprogramsapp_onlinecourse VALUES (342, '   
', 'online.edu.ru', '    1 .      .   ,   .      .     ,  .        2 .         .     .   .  5/1.     3 .          .  .  DES,   34.12-2015,   34.13-2015.     4 .          .      .  RSA, -.  DSS,   34.10-2012.     :  ,  .     5 .       -.    CBC-MAC, HMAC.     6 .        .  -.   .  -    .  TLS, S/MIME.       .   ', 'https://online.edu.ru/public/course.xhtml?faces-redirect=true&cid=1089024');
INSERT INTO public.workprogramsapp_onlinecourse VALUES (343, '  .  2.  
', 'online.edu.ru', '           -5-    .    -7-        - 3-    .      - 18-    .       11 -    .   ', 'https://online.edu.ru/public/course.xhtml?faces-redirect=true&cid=1089025');
INSERT INTO public.workprogramsapp_onlinecourse VALUES (360, '    
', 'online.edu.ru', '   1.    XIX    2. . . , . . :     3. . . .  1813-1825    4. ...        5. . . .     (1830):     6. . . .  18331836    7.  . .    8.  ..       9. ..     10. . . .  .     ', 'https://online.edu.ru/public/course.xhtml?faces-redirect=true&cid=1132403');
INSERT INTO public.workprogramsapp_onlinecourse VALUES (344, '     
', 'online.edu.ru', '    1.      ( 1)    1.     .   CRISP-DM, KDD, SEMMA.      .   2.     RapidMiner.    2.   ( 2)    3. ,   .   4.   .     .   .  .   .    .    3.   ( 3)    5.  .     .   6.   : , .    4.    ( 4)    7.   : , .    .      .     .    5.   ( 4)    8.  /  .   .  .       .   9.  /  .     .     .  .    .    6.  ( 6)    10.   / .       .       .   11.     /  . .   .   (-).    7.     ( 7)    12.   .    8.  ( 8)    13.   /   .    .    .   /  .   14.     /  . .    9.     ( 9)    15.   .  Apriori.  FP-Growth. .   16.    .  Apriori.  GSP.    10.   . ( 10)    17. . .  .   18. . .  -.  .       -     .  ', 'https://online.edu.ru/public/course.xhtml?faces-redirect=true&cid=1089026');
INSERT INTO public.workprogramsapp_onlinecourse VALUES (345, '  .  3.   
', 'online.edu.ru', '  ', 'https://online.edu.ru/public/course.xhtml?faces-redirect=true&cid=1089027');
INSERT INTO public.workprogramsapp_onlinecourse VALUES (346, '  
', 'online.edu.ru', '    1.   .  1.    1.  ,  .   2.     .   3.        .    2.   .  2.    4.    ,  .   5.    .   6.      .   7.      .    3.            8.            .   9.   .   10.  :  ,   ,    .   11.  :     .   12.    .   13.       - .   14. - .   15.   .   16.          .   17.     -.   18.   ( ).    4.           19. ,         .   20. -  .   21.        .   22. ,         .   23.     .   24.     ,     .   25.   :  ,  ,     .    5.      26.    .   27.  .   28.   .   29.  .   30.      .    6.    - , -       31.  , :  ,  ,    .   32.  -:  ,  ,    .   33.   :  ,  ,    .   34.  -- :  ,  ,    .   35.  :  ,  ,    .   36.  :  ,  ,    .   37.  :  ,  ,    .   38.     ,  :  ,  ,    .    7.  , , ,       39.  - :  ,  ,    .   40.  - :  ,  ,    .   41.  -:  ,  ,    .   42.  - :  ,  ,    .   43.    :  ,  ,    .   44.   :  ,  ,    .    8.    ,        45.  ,  ,  ,    .   46.  -  , , , -.   47.         .   48.  .   49.   .   50.  .   51.  .   52.  -.    9.        53.   .   54.   .   55.    CAM/CAD/CAE .   56.  .   57.   .   58. - .    10.        59.     .   60.   ,  ,  .   61.   : ,  ,   .   62.   ,       .  ', 'https://online.edu.ru/public/course.xhtml?faces-redirect=true&cid=1089028');
INSERT INTO public.workprogramsapp_onlinecourse VALUES (370, '  
', 'online.edu.ru', '   1.             2.        3.       4.        5.       6.       7.    .    8.       9. ,         10.      ', 'https://online.edu.ru/public/course.xhtml?faces-redirect=true&cid=1132653');
INSERT INTO public.workprogramsapp_onlinecourse VALUES (347, '   
', 'online.edu.ru', '    1.           1.    .   2.    .    2.      3.   .   4.     .   5.    .    3.       6.   .   7.  .   8.  .    4.          9.   .   10. -.  .   11.   .   12.   .   13.  .    5.        14. ,       .   15.     .   16.  .    6.     17.     .   18.  .   19.  .  .  .    7.       20.     .   21.     .   22.    .    8.       23.       .   24.   .   25.   .   26.   .   27.  .    9.          28.      .   29.     .   30.     .    10.           31.    .   32.    .   33.       .   34.   .  ', 'https://online.edu.ru/public/course.xhtml?faces-redirect=true&cid=1089029');
INSERT INTO public.workprogramsapp_onlinecourse VALUES (348, '     
', 'online.edu.ru', '    1. .   1. .  2.  ,   .  3.      .    2.  .   . .   1.,   .  2.      .  3.  .. .  4.   .  5.     .  6..  .  7. .    3.  .   1.   .  2.  .  3. .  4. .  5. .  6.  .  7. .      4.  .  .   .  .   1.   .  2.  .   .  3..  4.   .  5.   .  6. .      5.     1.  .  2.    .  3.      .  4.    .  5. .      6. .   1.   JANIS.  2. .      7.     .   .   1. .  2.   .  3.     .  4.    .  5.     .  6.       .  7. .      8.   .   1.  .  2. .  3. .  4. .  5.     .  6. .      9.   .   1.   .  2.  .  3.     PRIS.  4.   .  5. .    10.    .   1..  2.  .  3. .  4. .  ', 'https://online.edu.ru/public/course.xhtml?faces-redirect=true&cid=1089130');
INSERT INTO public.workprogramsapp_onlinecourse VALUES (383, ' .  1
', 'online.edu.ru', '  1.  .  .  2.  .       II .  ..  .I . ..    . II-I .  ..  3.    .  .     .     4.   .  .  5.   .         .  6.  .  7 -10.     11-12.      .  ', 'https://online.edu.ru/public/course.xhtml?faces-redirect=true&cid=1132776');
INSERT INTO public.workprogramsapp_onlinecourse VALUES (349, ' 
', 'online.edu.ru', '    1.  ( 1).    1.      .  1.  . 2.      .  2.   3.       .    2.       ( 2)    4.         5.            3.     ,    ( 3)    6.  :          7.         4.  :      ( 4)    8.     -   .   9.         .    5.     - ( 5).    10.    :      -.  1   11.    :      -.  2   12.   :    ,   -.    6. -      ( 6).    13.     -    14. -        .    7.              ( 7).    15.        .   16.      .    8.      ( 8).    17.     .   18.       .    9.       ( 9).    19.  :        20.     .   21.       .   22.       :     .    10.          -  ( 10).    23.   :      .   24.     .   25.        . ( 1   ).   26.        . ( 2   ).  ', 'https://online.edu.ru/public/course.xhtml?faces-redirect=true&cid=1089131');
INSERT INTO public.workprogramsapp_onlinecourse VALUES (350, ' " "
', 'online.edu.ru', '  ', 'https://online.edu.ru/public/course.xhtml?faces-redirect=true&cid=1131342');
INSERT INTO public.workprogramsapp_onlinecourse VALUES (351, '  
', 'online.edu.ru', '   1.   ;   2.    ;   3.    ;   4. ;   5.     ;   6.   ;   7.    ;   8.    ', 'https://online.edu.ru/public/course.xhtml?faces-redirect=true&cid=1131343');
INSERT INTO public.workprogramsapp_onlinecourse VALUES (352, 'Web 2.0    Python
', 'online.edu.ru', '   1.   Web 2.0   2.  HTML  CSS   3.      Python  Django   4.   -    Python   Django   5. -  Django. . JavaScript   6.   Django.     Django.   7.     Django. SQLite.   Django   8-9.  -     ', 'https://online.edu.ru/public/course.xhtml?faces-redirect=true&cid=1131346');
INSERT INTO public.workprogramsapp_onlinecourse VALUES (371, '       
', 'online.edu.ru', '    1.       2.      3.    ()  4.     ()  5.    6.    7.      8. ,            ', 'https://online.edu.ru/public/course.xhtml?faces-redirect=true&cid=1132654');
INSERT INTO public.workprogramsapp_onlinecourse VALUES (372, '  
', 'online.edu.ru', '  ', 'https://online.edu.ru/public/course.xhtml?faces-redirect=true&cid=1132655');
INSERT INTO public.workprogramsapp_onlinecourse VALUES (353, ' . 2 
', 'online.edu.ru', '   :   5.      :    ,      ,    ,     .   6.       :  ,    ,  .   7.      : ,    ,    .   8.      :  ; , ,  ;     ;    .  ', 'https://online.edu.ru/public/course.xhtml?faces-redirect=true&cid=1131347');
INSERT INTO public.workprogramsapp_onlinecourse VALUES (354, '    
', 'online.edu.ru', '      2    .    4 .    1.     .      1.    -    .   2.       -  -  .   3. ""        .   4.         .    2 .            5. -        .   6.       .   7.   .   8.           ', 'https://online.edu.ru/public/course.xhtml?faces-redirect=true&cid=1131348');
INSERT INTO public.workprogramsapp_onlinecourse VALUES (355, '  
', 'online.edu.ru', '    1.   .         1.   .       2.         2        3.     4.       5.       6.   ,        3       7.     8.     9.     10.     11.   ()     4.       12.      13. .        5.     ', 'https://online.edu.ru/public/course.xhtml?faces-redirect=true&cid=1131349');
INSERT INTO public.workprogramsapp_onlinecourse VALUES (356, '    
', 'online.edu.ru', '    1.  .    1.1. .   , ,     .   1.2.         .    2.  ,    .    2.1.     .         .   2.2. ,    .   2.3.    .   2.4.  . ,      .    3.  ,       .    3.1.       .         .   3.2.   ().   3.3.    .   3.4. ,   .    4.   .    4.1.     ()    .  .   4.2. .   4.3. .   4.4.  (),    .    5.    ( )  ', 'https://online.edu.ru/public/course.xhtml?faces-redirect=true&cid=1132040');
INSERT INTO public.workprogramsapp_onlinecourse VALUES (357, '    ()
', 'online.edu.ru', '   1.   .   1.  .   .   2.   .    .   2.   .   3. .   4. .   5. .   3.   .   6.   .  .   7.    .   8.    .  .   4.    .   9.     .   10. - .   11.    .   5.  .   12.     .   13.  .   14. .   15. .   6.  .  ', 'https://online.edu.ru/public/course.xhtml?faces-redirect=true&cid=1132041');
INSERT INTO public.workprogramsapp_onlinecourse VALUES (358, '     ()
', 'online.edu.ru', '       :  -      ;  -    ;  -      ;  -    ; -       (, )  ;  -       ()     ;  -       ()    ;  -   ;  - -       .  ', 'https://online.edu.ru/public/course.xhtml?faces-redirect=true&cid=1132042');
INSERT INTO public.workprogramsapp_onlinecourse VALUES (361, '   
', 'online.edu.ru', '    1           .     .  .  .  .  .    2       .  :   .   .     .   .  ,  .   : .   .    3         .    .     .   .  .    .     .     .    4         . -  .       .  -   .    5         :  , -,   . -   .    . - . -  /. -   .    6          .  ,    - .   :   .   .  .  , , .   .   .   ,   .  .  ', 'https://online.edu.ru/public/course.xhtml?faces-redirect=true&cid=1132404');
INSERT INTO public.workprogramsapp_onlinecourse VALUES (362, '   
', 'online.edu.ru', '    1.         . -   .  .  .  .    . .   .     .  .     2.     .      .     .  .   .   .     3.   .  .  . - .  .     4.      .    .   .  .  .  .   .    .     5.     .    .  .  .     .  .     6.   .  .  -.   .    .   .     7.     .     .   .     .  .  ', 'https://online.edu.ru/public/course.xhtml?faces-redirect=true&cid=1132405');
INSERT INTO public.workprogramsapp_onlinecourse VALUES (373, '  XVIII :    - 
', 'online.edu.ru', '   1.   XVIII         2.      XVIII    3.       XVIII    4.     XVIII    5.   XVIII      6.     XVIII .:     7.       XVIII .   8.   XVIII    9.  . .    10.  . .   ', 'https://online.edu.ru/public/course.xhtml?faces-redirect=true&cid=1132656');
INSERT INTO public.workprogramsapp_onlinecourse VALUES (363, '  
', 'online.edu.ru', '   1.       :      .     .  . .  .  .    .   2.  :  .   .  .  .  .         3.   .    2-  XIX .:   .   .  .  2-  XIX . .   . .   .   4.      :  1-  . .  .  .   .       . .     .   2-   . .  .  .  .  ', 'https://online.edu.ru/public/course.xhtml?faces-redirect=true&cid=1132406');
INSERT INTO public.workprogramsapp_onlinecourse VALUES (364, ' .   
', 'online.edu.ru', '    1:   .     .  : .  . .  .                  2:   :  .  . .               3:   :    . Buras neresi?  iin.   (2 . .  . ). - .   .            4:   : imdiki zaman.  . . .  .  .           5:   :  .   lzm. Ne demek?  .  2.  .           6:   :  mak istemek   .    .  ile                  7:   : Geni zaman.  kadar.   3 .   l  sz              8:   :  -lk.  . -.          9:   :  .  gibi.               10:   :  1. Kendi. Sebze mebze.  ()      ', 'https://online.edu.ru/public/course.xhtml?faces-redirect=true&cid=1132407');
INSERT INTO public.workprogramsapp_onlinecourse VALUES (365, ' .   
', 'online.edu.ru', '    1.          .    .      .          .  h-ye doeme  ww.     .   ( 1).    2.   sin, in, lm, mim, nun.    ( 2).  .   .  .   -.   budan   .     .    3.   be, pe, te, se.    ( 3).   dtan   .     .    4.   jim, , , h-ye hotti.      .   i, e, andom.  .  1-20   .        .  .   .  .    5.   dl, zl, re, ze, e.    xndan  gereftan    .  -r.  .   dust dtan .  -       .    1.   2.   .    6.   kf  gf.   -   - .   -.       (peyd kardan, tamm odan).  ( 1).  .   ( 2).     -t.     .    7.   eyn, eyn, fe, f.  .  ( 2).      budan  dtan.    1.  . 2.   .    8.   sd, zd, t, z.   madan  raftan.      er.   ( 1).   xod  .    1.  . 2.    .    9.  ,   .   ( 3).   .      .    10.    ( 2).  ( 4).  az izi xoam miyad  ....  .     .  2.  .    11.   gozatan   qarr ast ke...  .     .   1.   . 2.    .  ', 'https://online.edu.ru/public/course.xhtml?faces-redirect=true&cid=1132408');
INSERT INTO public.workprogramsapp_onlinecourse VALUES (366, ' .  .  2.
', 'online.edu.ru', '  ', 'https://online.edu.ru/public/course.xhtml?faces-redirect=true&cid=1132409');
INSERT INTO public.workprogramsapp_onlinecourse VALUES (367, '   
', 'online.edu.ru', '  ', 'https://online.edu.ru/public/course.xhtml?faces-redirect=true&cid=1132650');
INSERT INTO public.workprogramsapp_onlinecourse VALUES (368, '   
', 'online.edu.ru', '    1.   .          .      .       .    2.     .           XXI .    3.       .      .   .        .     .      . . , . . , . . , . .    .    4.    .  ,     .   .  .    .    5.    .        .  /.    .   .   .  .    6.  -,     .    .  .  .   .    7.     () .     . . , . , . , . . .        () .    .   .  ', 'https://online.edu.ru/public/course.xhtml?faces-redirect=true&cid=1132651');
INSERT INTO public.workprogramsapp_onlinecourse VALUES (369, ' 
', 'online.edu.ru', '  ', 'https://online.edu.ru/public/course.xhtml?faces-redirect=true&cid=1132652');
INSERT INTO public.workprogramsapp_onlinecourse VALUES (374, ' .   
', 'online.edu.ru', '   1. .   2. -  .   3. .   4. .   5. .   6.     .   7.         8. .   9. :  .   10.     .  ', 'https://online.edu.ru/public/course.xhtml?faces-redirect=true&cid=1132657');
INSERT INTO public.workprogramsapp_onlinecourse VALUES (375, '  
', 'online.edu.ru', '   1.      2. ,      3.   .  .      4.   .      5.  ,    .      6.     .         7.   2000- .      8.   ()       9.   2000- .  :      10.   .      ', 'https://online.edu.ru/public/course.xhtml?faces-redirect=true&cid=1132658');
INSERT INTO public.workprogramsapp_onlinecourse VALUES (376, '   
', 'online.edu.ru', '   1      .     ( , , , , )   2 -    ,   ,         3 -       17    4         17    5     18   21 .   6         , ,  ,        7      20. -    .  .      18 .   8 .   20   21.  ', 'https://online.edu.ru/public/course.xhtml?faces-redirect=true&cid=1132659');
INSERT INTO public.workprogramsapp_onlinecourse VALUES (377, ' :        
', 'online.edu.ru', '   1.      .          20 .  . - . .   .   2.  .  .  . .  . . .  .  .  .  .   3. - .  -. -  .      .  .   .   4.   .  .   .  .      H2+.   5.      .  -       (   ).  .  .   6.  .       . - .    .   .   7.  .    -. .  .  . , , , . .      .   8.  . , ,  .  .  .  .   .  .    .   .  , , , . .   9.   .  .   .     .   10.  .    .   11.  .  . -  .       .   12.   .    .  ', 'https://online.edu.ru/public/course.xhtml?faces-redirect=true&cid=1132770');
INSERT INTO public.workprogramsapp_onlinecourse VALUES (378, '         
', 'online.edu.ru', '   1. .        2.   ,         3.        -   4.  -.       5.     6. SMM,           7.           8.  ,          PR-  ', 'https://online.edu.ru/public/course.xhtml?faces-redirect=true&cid=1132771');
INSERT INTO public.workprogramsapp_onlinecourse VALUES (379, '   
', 'online.edu.ru', '   1.  .   .   .  . .  .   .      .   .  . . .     .   2.     .      .    .  .    .         .     .   3.  .  , .  .  .  .  . . .   4. .  .   . . . . .  . .   . .    5. .  .    . . .   .   .  .  .   6.  .   .    .     .  .  . . . .  . ,  . .   .   . -    .     ', 'https://online.edu.ru/public/course.xhtml?faces-redirect=true&cid=1132772');
INSERT INTO public.workprogramsapp_onlinecourse VALUES (380, ' 
', 'online.edu.ru', '  ', 'https://online.edu.ru/public/course.xhtml?faces-redirect=true&cid=1132773');
INSERT INTO public.workprogramsapp_onlinecourse VALUES (381, '    
', 'online.edu.ru', '   1.   .        .  .  2.    .         .  3.             4.        ERP-  5. Agile    .  HR-     6.    -    .  7.          8.      9.   -      10.      HR.   ', 'https://online.edu.ru/public/course.xhtml?faces-redirect=true&cid=1132774');
INSERT INTO public.workprogramsapp_onlinecourse VALUES (382, '  
', 'online.edu.ru', '     6 .          ,         .           ,     ,     ,      (, , , ,   ..)         ,    ,     (, , , , ,   . .),    (, ,   .)           (, -, -, , ,   ..)         (, ,   ..)         (   ,   ,      .)    (, , ,   . .)          (, , ,   .)       (, , , -  ..)  ', 'https://online.edu.ru/public/course.xhtml?faces-redirect=true&cid=1132775');
INSERT INTO public.workprogramsapp_onlinecourse VALUES (384, ' 
', 'online.edu.ru', '    1.     .       .      .    .      .   .    2.  .    .  .  .     .    3.    . ,   .   .   :   .      :   .       .    4.     .   .    .    . :   .      .    5.   .   .   . - . -    VOR/DME.    .    6.   .   .   . .             .    7.    .      .    - .    - .  ,    .      ,    .    8.   -  .   -   .     -   .   -  . -   .  .    9.     .       .    ,  .     ,  .      .       .      .    10.   .   .     .       .     .  .     .  ', 'https://online.edu.ru/public/course.xhtml?faces-redirect=true&cid=11041668');
INSERT INTO public.workprogramsapp_onlinecourse VALUES (385, '   -
', 'online.edu.ru', '    1.   ?   .      .  .  .    2.    .  .  .  .  .   .   .    3.      .    .   .    4. ,   .    . ,     .    5.    -.  .         .  .    .    6.   -     .         .   -        .    7.    -.    -.       -.    -.     .    8.       .  -  .  -.      .    9.   .    -.    .  /   .    10. .   ', 'https://online.edu.ru/public/course.xhtml?faces-redirect=true&cid=11042082');
INSERT INTO public.workprogramsapp_onlinecourse VALUES (387, ':    
', 'online.edu.ru', '    1.       ?   .    (TQM).    .    2.        . ,   . .    .   .  .    .    3.         ?   - ?   - ?  :      .    ?  -      ?    4.        .             .    5.   .    .    .    (QFD).       :   -      .    6.   .    . .  .  . . .    7.   .   .  :     .  :  . .    8.    .       .     .        .    9.  . . . - . . . .    10.   .    .  : ,    . : ,    .  : ,    . : ,    .  : ,    .    11.  .   ', 'https://online.edu.ru/public/course.xhtml?faces-redirect=true&cid=11042095');
INSERT INTO public.workprogramsapp_onlinecourse VALUES (388, '  
', 'online.edu.ru', '   1. .   .    .    .   .   .   .  .  .    .    .  .    .     .      .    2.          .  -.   .  .  .   .   :  , -, .    . . .   .  .   .     .    3.        .        .  --.     .     .   .    4.     ()   .    ().  .   .   . - .    5.     ().  .   .             .     .    6.     .       .      .             .    7.   2D-  .      .       .   --        .      2D-  .    8.      .  -.  -  .  .  -  .    9.       .    .     .       .    10.     . 3D  -.      .       3D .    11.       .  ,     .       .      .       2D .    12.  .   ', 'https://online.edu.ru/public/course.xhtml?faces-redirect=true&cid=11042101');
INSERT INTO public.workprogramsapp_onlinecourse VALUES (389, ' 
', 'online.edu.ru', '    1.    .   .   .     .    2.   .     .         .   .    3.   .    . .  .   .   .   .    4.    .    .    .    .    5.   . , , .    .   .    6.     . .  -. . . .  -.  .    7.   .     .     .        .  ,      .    8.     .   .  .     .    .. .    9.    .   .    .       .   .    10.  .   ', 'https://online.edu.ru/public/course.xhtml?faces-redirect=true&cid=11042108');
INSERT INTO public.workprogramsapp_onlinecourse VALUES (390, '  
', 'online.edu.ru', '    1.   .   ,     .   ,    .      .   :   .  :    .    2.  :   ,   .    ,     .    .  ,    .    .    3.   .    . :   .      .   .  .    4.     .    .    .    .    : .    : .   :     .    5.      .    ,    ,  .    .    :  VS .     .    .    6.   .   . .    .    .    .. - :   .     .    7.    . ()     .     .     . ,      .   :   .    8.    .      .    .      ..    9.    .     .  .    . ,     .    .    10.  .   ', 'https://online.edu.ru/public/course.xhtml?faces-redirect=true&cid=11042120');


--
-- Data for Name: workprogramsapp_outcomesofworkprogram; Type: TABLE DATA; Schema: public; Owner: postgres
--

INSERT INTO public.workprogramsapp_outcomesofworkprogram VALUES (5, '1', 4, 2);


--
-- Data for Name: workprogramsapp_outcomesofworkprogram_evaluation_tool; Type: TABLE DATA; Schema: public; Owner: postgres
--

INSERT INTO public.workprogramsapp_outcomesofworkprogram_evaluation_tool VALUES (1, 5, 3);
INSERT INTO public.workprogramsapp_outcomesofworkprogram_evaluation_tool VALUES (2, 5, 4);


--
-- Data for Name: workprogramsapp_prerequisitesofworkprogram; Type: TABLE DATA; Schema: public; Owner: postgres
--

INSERT INTO public.workprogramsapp_prerequisitesofworkprogram VALUES (13, '1', 20, 5);
INSERT INTO public.workprogramsapp_prerequisitesofworkprogram VALUES (14, '2', 79, 5);
INSERT INTO public.workprogramsapp_prerequisitesofworkprogram VALUES (16, '1', 83, 5);
INSERT INTO public.workprogramsapp_prerequisitesofworkprogram VALUES (17, '1', 82, 5);
INSERT INTO public.workprogramsapp_prerequisitesofworkprogram VALUES (18, '2', 36, 5);


--
-- Data for Name: workprogramsapp_route; Type: TABLE DATA; Schema: public; Owner: postgres
--



--
-- Data for Name: workprogramsapp_routecomposition; Type: TABLE DATA; Schema: public; Owner: postgres
--



--
-- Data for Name: workprogramsapp_topic; Type: TABLE DATA; Schema: public; Owner: postgres
--

INSERT INTO public.workprogramsapp_topic VALUES (4, 3, '  ', 11, NULL);
INSERT INTO public.workprogramsapp_topic VALUES (6, 1, '   2    2    2    2', 2, NULL);
INSERT INTO public.workprogramsapp_topic VALUES (1, 4, '   ', 2, NULL);
INSERT INTO public.workprogramsapp_topic VALUES (14, 3, '         ', 5, 1);
INSERT INTO public.workprogramsapp_topic VALUES (15, 4, '            ', 5, NULL);
INSERT INTO public.workprogramsapp_topic VALUES (12, 1, '        ', 5, NULL);
INSERT INTO public.workprogramsapp_topic VALUES (11, 1, '  .         ', 4, NULL);
INSERT INTO public.workprogramsapp_topic VALUES (10, 2, '   .      ', 4, NULL);
INSERT INTO public.workprogramsapp_topic VALUES (8, 1, ' ,      ,    ', 3, NULL);
INSERT INTO public.workprogramsapp_topic VALUES (9, 3, '    Mathcad, MathLab  Wolfram Mathematika', 3, NULL);
INSERT INTO public.workprogramsapp_topic VALUES (7, 2, '      ', 3, 146);
INSERT INTO public.workprogramsapp_topic VALUES (13, 2, '    ', 5, 41);
INSERT INTO public.workprogramsapp_topic VALUES (2, 2, ' ', 2, NULL);
INSERT INTO public.workprogramsapp_topic VALUES (5, 3, '  ', 2, NULL);
INSERT INTO public.workprogramsapp_topic VALUES (16, 1, 'string', 1, NULL);
INSERT INTO public.workprogramsapp_topic VALUES (17, 1, 'string', 1, NULL);
INSERT INTO public.workprogramsapp_topic VALUES (18, 1, 'string', 1, NULL);
INSERT INTO public.workprogramsapp_topic VALUES (19, 1, 'string', 1, NULL);
INSERT INTO public.workprogramsapp_topic VALUES (20, 1, 'string', 1, NULL);
INSERT INTO public.workprogramsapp_topic VALUES (21, 1, 'string', 1, NULL);
INSERT INTO public.workprogramsapp_topic VALUES (22, 1, 'string', 1, NULL);
INSERT INTO public.workprogramsapp_topic VALUES (23, 1, 'string', 1, NULL);
INSERT INTO public.workprogramsapp_topic VALUES (24, 9, 'string', 1, NULL);
INSERT INTO public.workprogramsapp_topic VALUES (25, 10, 'string', 1, NULL);
INSERT INTO public.workprogramsapp_topic VALUES (26, 11, 'string', 1, NULL);


--
-- Data for Name: workprogramsapp_workprogram; Type: TABLE DATA; Schema: public; Owner: postgres
--

INSERT INTO public.workprogramsapp_workprogram VALUES (2, ' ', 108, NULL, 'bachelor', '100200', '2020-06-25 12:30:31.292369+00', NULL, NULL, NULL);
INSERT INTO public.workprogramsapp_workprogram VALUES (5, ' ', 92, NULL, 'bachelor', '1.22', '2020-06-25 12:30:31.292369+00', NULL, NULL, NULL);
INSERT INTO public.workprogramsapp_workprogram VALUES (1, 'sfgfg', NULL, NULL, NULL, NULL, '2020-06-25 12:30:31.292369+00', NULL, NULL, NULL);
INSERT INTO public.workprogramsapp_workprogram VALUES (3, '   ', 15, 0, 'bachelor', '52', '2020-06-25 12:30:31.292369+00', NULL, NULL, NULL);
INSERT INTO public.workprogramsapp_workprogram VALUES (6, 'string', 0, 0, 'bachelor', 'string', '2020-06-25 12:30:31.292369+00', NULL, NULL, NULL);


--
-- Data for Name: workprogramsapp_workprogram_bibliographic_reference; Type: TABLE DATA; Schema: public; Owner: postgres
--

INSERT INTO public.workprogramsapp_workprogram_bibliographic_reference VALUES (18, 5, 24);
INSERT INTO public.workprogramsapp_workprogram_bibliographic_reference VALUES (19, 5, 25);
INSERT INTO public.workprogramsapp_workprogram_bibliographic_reference VALUES (20, 5, 26);


--
-- Data for Name: workprogramsapp_workprogramchangeindisciplineblockmodule; Type: TABLE DATA; Schema: public; Owner: postgres
--

INSERT INTO public.workprogramsapp_workprogramchangeindisciplineblockmodule VALUES (1, 11, NULL, NULL, NULL, NULL);
INSERT INTO public.workprogramsapp_workprogramchangeindisciplineblockmodule VALUES (2, 12, NULL, NULL, NULL, NULL);
INSERT INTO public.workprogramsapp_workprogramchangeindisciplineblockmodule VALUES (3, 10, NULL, NULL, NULL, NULL);
INSERT INTO public.workprogramsapp_workprogramchangeindisciplineblockmodule VALUES (4, 10, NULL, NULL, NULL, NULL);


--
-- Data for Name: workprogramsapp_workprogramchangeindisciplineblockmodule_wo57fc; Type: TABLE DATA; Schema: public; Owner: postgres
--

INSERT INTO public.workprogramsapp_workprogramchangeindisciplineblockmodule_wo57fc VALUES (1, 1, 2);
INSERT INTO public.workprogramsapp_workprogramchangeindisciplineblockmodule_wo57fc VALUES (2, 1, 3);
INSERT INTO public.workprogramsapp_workprogramchangeindisciplineblockmodule_wo57fc VALUES (3, 1, 5);
INSERT INTO public.workprogramsapp_workprogramchangeindisciplineblockmodule_wo57fc VALUES (4, 2, 3);
INSERT INTO public.workprogramsapp_workprogramchangeindisciplineblockmodule_wo57fc VALUES (5, 3, 1);
INSERT INTO public.workprogramsapp_workprogramchangeindisciplineblockmodule_wo57fc VALUES (6, 4, 2);
INSERT INTO public.workprogramsapp_workprogramchangeindisciplineblockmodule_wo57fc VALUES (7, 4, 5);


--
-- Name: auth_group_id_seq; Type: SEQUENCE SET; Schema: public; Owner: postgres
--

SELECT pg_catalog.setval('public.auth_group_id_seq', 1, false);


--
-- Name: auth_group_permissions_id_seq; Type: SEQUENCE SET; Schema: public; Owner: postgres
--

SELECT pg_catalog.setval('public.auth_group_permissions_id_seq', 1, false);


--
-- Name: auth_permission_id_seq; Type: SEQUENCE SET; Schema: public; Owner: postgres
--

SELECT pg_catalog.setval('public.auth_permission_id_seq', 165, true);


--
-- Name: corsheaders_corsmodel_id_seq; Type: SEQUENCE SET; Schema: public; Owner: postgres
--

SELECT pg_catalog.setval('public.corsheaders_corsmodel_id_seq', 1, false);


--
-- Name: dataprocessing_domain_id_seq; Type: SEQUENCE SET; Schema: public; Owner: postgres
--

SELECT pg_catalog.setval('public.dataprocessing_domain_id_seq', 52, true);


--
-- Name: dataprocessing_domain_user_id_seq; Type: SEQUENCE SET; Schema: public; Owner: postgres
--

SELECT pg_catalog.setval('public.dataprocessing_domain_user_id_seq', 10, true);


--
-- Name: dataprocessing_items_id_seq; Type: SEQUENCE SET; Schema: public; Owner: postgres
--

SELECT pg_catalog.setval('public.dataprocessing_items_id_seq', 96, true);


--
-- Name: dataprocessing_relation_id_seq; Type: SEQUENCE SET; Schema: public; Owner: postgres
--

SELECT pg_catalog.setval('public.dataprocessing_relation_id_seq', 1, false);


--
-- Name: dataprocessing_user_groups_id_seq; Type: SEQUENCE SET; Schema: public; Owner: postgres
--

SELECT pg_catalog.setval('public.dataprocessing_user_groups_id_seq', 1, false);


--
-- Name: dataprocessing_user_id_seq; Type: SEQUENCE SET; Schema: public; Owner: postgres
--

SELECT pg_catalog.setval('public.dataprocessing_user_id_seq', 2, true);


--
-- Name: dataprocessing_user_user_permissions_id_seq; Type: SEQUENCE SET; Schema: public; Owner: postgres
--

SELECT pg_catalog.setval('public.dataprocessing_user_user_permissions_id_seq', 88, true);


--
-- Name: django_admin_log_id_seq; Type: SEQUENCE SET; Schema: public; Owner: postgres
--

SELECT pg_catalog.setval('public.django_admin_log_id_seq', 256, true);


--
-- Name: django_content_type_id_seq; Type: SEQUENCE SET; Schema: public; Owner: postgres
--

SELECT pg_catalog.setval('public.django_content_type_id_seq', 66, true);


--
-- Name: django_migrations_id_seq; Type: SEQUENCE SET; Schema: public; Owner: postgres
--

SELECT pg_catalog.setval('public.django_migrations_id_seq', 165, true);


--
-- Name: django_summernote_attachment_id_seq; Type: SEQUENCE SET; Schema: public; Owner: postgres
--

SELECT pg_catalog.setval('public.django_summernote_attachment_id_seq', 1, false);


--
-- Name: workprogramsapp_academicplan_id_seq; Type: SEQUENCE SET; Schema: public; Owner: postgres
--

SELECT pg_catalog.setval('public.workprogramsapp_academicplan_id_seq', 31, true);


--
-- Name: workprogramsapp_bibliographicreference_id_seq; Type: SEQUENCE SET; Schema: public; Owner: postgres
--

SELECT pg_catalog.setval('public.workprogramsapp_bibliographicreference_id_seq', 30, true);


--
-- Name: workprogramsapp_certification_id_seq; Type: SEQUENCE SET; Schema: public; Owner: postgres
--

SELECT pg_catalog.setval('public.workprogramsapp_certification_id_seq', 1, true);


--
-- Name: workprogramsapp_competence_field_of_study_id_seq; Type: SEQUENCE SET; Schema: public; Owner: postgres
--

SELECT pg_catalog.setval('public.workprogramsapp_competence_field_of_study_id_seq', 2, true);


--
-- Name: workprogramsapp_competence_id_seq; Type: SEQUENCE SET; Schema: public; Owner: postgres
--

SELECT pg_catalog.setval('public.workprogramsapp_competence_id_seq', 3, true);


--
-- Name: workprogramsapp_competence_work_program_id_seq; Type: SEQUENCE SET; Schema: public; Owner: postgres
--

SELECT pg_catalog.setval('public.workprogramsapp_competence_work_program_id_seq', 2, true);


--
-- Name: workprogramsapp_disciplineblock_id_seq; Type: SEQUENCE SET; Schema: public; Owner: postgres
--

SELECT pg_catalog.setval('public.workprogramsapp_disciplineblock_id_seq', 48, true);


--
-- Name: workprogramsapp_disciplineblockmodule_id_seq; Type: SEQUENCE SET; Schema: public; Owner: postgres
--

SELECT pg_catalog.setval('public.workprogramsapp_disciplineblockmodule_id_seq', 22, true);


--
-- Name: workprogramsapp_disciplinesection_evaluation_tools_id_seq; Type: SEQUENCE SET; Schema: public; Owner: postgres
--

SELECT pg_catalog.setval('public.workprogramsapp_disciplinesection_evaluation_tools_id_seq', 13, true);


--
-- Name: workprogramsapp_disciplinesection_id_seq; Type: SEQUENCE SET; Schema: public; Owner: postgres
--

SELECT pg_catalog.setval('public.workprogramsapp_disciplinesection_id_seq', 7, true);


--
-- Name: workprogramsapp_evaluationtool_id_seq; Type: SEQUENCE SET; Schema: public; Owner: postgres
--

SELECT pg_catalog.setval('public.workprogramsapp_evaluationtool_id_seq', 15, true);


--
-- Name: workprogramsapp_fieldofstudy_id_seq; Type: SEQUENCE SET; Schema: public; Owner: postgres
--

SELECT pg_catalog.setval('public.workprogramsapp_fieldofstudy_id_seq', 1, true);


--
-- Name: workprogramsapp_fieldofstudyworkprogram_id_seq; Type: SEQUENCE SET; Schema: public; Owner: postgres
--

SELECT pg_catalog.setval('public.workprogramsapp_fieldofstudyworkprogram_id_seq', 1, false);


--
-- Name: workprogramsapp_implementationacademicplan_id_seq; Type: SEQUENCE SET; Schema: public; Owner: postgres
--

SELECT pg_catalog.setval('public.workprogramsapp_implementationacademicplan_id_seq', 42, true);


--
-- Name: workprogramsapp_indicator_id_seq; Type: SEQUENCE SET; Schema: public; Owner: postgres
--

SELECT pg_catalog.setval('public.workprogramsapp_indicator_id_seq', 4, true);


--
-- Name: workprogramsapp_indicatorworkprogram_id_seq; Type: SEQUENCE SET; Schema: public; Owner: postgres
--

SELECT pg_catalog.setval('public.workprogramsapp_indicatorworkprogram_id_seq', 1, false);


--
-- Name: workprogramsapp_onlinecourse_id_seq; Type: SEQUENCE SET; Schema: public; Owner: postgres
--

SELECT pg_catalog.setval('public.workprogramsapp_onlinecourse_id_seq', 52, true);


--
-- Name: workprogramsapp_outcomesofworkprogram_evaluation_tool_id_seq; Type: SEQUENCE SET; Schema: public; Owner: postgres
--

SELECT pg_catalog.setval('public.workprogramsapp_outcomesofworkprogram_evaluation_tool_id_seq', 2, true);


--
-- Name: workprogramsapp_outcomesofworkprogram_id_seq; Type: SEQUENCE SET; Schema: public; Owner: postgres
--

SELECT pg_catalog.setval('public.workprogramsapp_outcomesofworkprogram_id_seq', 5, true);


--
-- Name: workprogramsapp_prerequisitesofworkprogram_id_seq; Type: SEQUENCE SET; Schema: public; Owner: postgres
--

SELECT pg_catalog.setval('public.workprogramsapp_prerequisitesofworkprogram_id_seq', 18, true);


--
-- Name: workprogramsapp_route_id_seq; Type: SEQUENCE SET; Schema: public; Owner: postgres
--

SELECT pg_catalog.setval('public.workprogramsapp_route_id_seq', 1, false);


--
-- Name: workprogramsapp_routecomposition_id_seq; Type: SEQUENCE SET; Schema: public; Owner: postgres
--

SELECT pg_catalog.setval('public.workprogramsapp_routecomposition_id_seq', 1, false);


--
-- Name: workprogramsapp_topic_id_seq; Type: SEQUENCE SET; Schema: public; Owner: postgres
--

SELECT pg_catalog.setval('public.workprogramsapp_topic_id_seq', 26, true);


--
-- Name: workprogramsapp_workprogram_bibliographic_reference_id_seq; Type: SEQUENCE SET; Schema: public; Owner: postgres
--

SELECT pg_catalog.setval('public.workprogramsapp_workprogram_bibliographic_reference_id_seq', 23, true);


--
-- Name: workprogramsapp_workprogram_id_seq; Type: SEQUENCE SET; Schema: public; Owner: postgres
--

SELECT pg_catalog.setval('public.workprogramsapp_workprogram_id_seq', 6, true);


--
-- Name: workprogramsapp_workprogramchangeindisciplineblockmodul_id_seq1; Type: SEQUENCE SET; Schema: public; Owner: postgres
--

SELECT pg_catalog.setval('public.workprogramsapp_workprogramchangeindisciplineblockmodul_id_seq1', 7, true);


--
-- Name: workprogramsapp_workprogramchangeindisciplineblockmodule_id_seq; Type: SEQUENCE SET; Schema: public; Owner: postgres
--

SELECT pg_catalog.setval('public.workprogramsapp_workprogramchangeindisciplineblockmodule_id_seq', 4, true);


--
-- Name: auth_group auth_group_name_key; Type: CONSTRAINT; Schema: public; Owner: postgres
--

ALTER TABLE ONLY public.auth_group
    ADD CONSTRAINT auth_group_name_key UNIQUE (name);


--
-- Name: auth_group_permissions auth_group_permissions_group_id_permission_id_0cd325b0_uniq; Type: CONSTRAINT; Schema: public; Owner: postgres
--

ALTER TABLE ONLY public.auth_group_permissions
    ADD CONSTRAINT auth_group_permissions_group_id_permission_id_0cd325b0_uniq UNIQUE (group_id, permission_id);


--
-- Name: auth_group_permissions auth_group_permissions_pkey; Type: CONSTRAINT; Schema: public; Owner: postgres
--

ALTER TABLE ONLY public.auth_group_permissions
    ADD CONSTRAINT auth_group_permissions_pkey PRIMARY KEY (id);


--
-- Name: auth_group auth_group_pkey; Type: CONSTRAINT; Schema: public; Owner: postgres
--

ALTER TABLE ONLY public.auth_group
    ADD CONSTRAINT auth_group_pkey PRIMARY KEY (id);


--
-- Name: auth_permission auth_permission_content_type_id_codename_01ab375a_uniq; Type: CONSTRAINT; Schema: public; Owner: postgres
--

ALTER TABLE ONLY public.auth_permission
    ADD CONSTRAINT auth_permission_content_type_id_codename_01ab375a_uniq UNIQUE (content_type_id, codename);


--
-- Name: auth_permission auth_permission_pkey; Type: CONSTRAINT; Schema: public; Owner: postgres
--

ALTER TABLE ONLY public.auth_permission
    ADD CONSTRAINT auth_permission_pkey PRIMARY KEY (id);


--
-- Name: authtoken_token authtoken_token_pkey; Type: CONSTRAINT; Schema: public; Owner: postgres
--

ALTER TABLE ONLY public.authtoken_token
    ADD CONSTRAINT authtoken_token_pkey PRIMARY KEY (key);


--
-- Name: authtoken_token authtoken_token_user_id_key; Type: CONSTRAINT; Schema: public; Owner: postgres
--

ALTER TABLE ONLY public.authtoken_token
    ADD CONSTRAINT authtoken_token_user_id_key UNIQUE (user_id);


--
-- Name: corsheaders_corsmodel corsheaders_corsmodel_pkey; Type: CONSTRAINT; Schema: public; Owner: postgres
--

ALTER TABLE ONLY public.corsheaders_corsmodel
    ADD CONSTRAINT corsheaders_corsmodel_pkey PRIMARY KEY (id);


--
-- Name: dataprocessing_domain dataprocessing_domain_pkey; Type: CONSTRAINT; Schema: public; Owner: postgres
--

ALTER TABLE ONLY public.dataprocessing_domain
    ADD CONSTRAINT dataprocessing_domain_pkey PRIMARY KEY (id);


--
-- Name: dataprocessing_domain_user dataprocessing_domain_user_domain_id_user_id_dc405431_uniq; Type: CONSTRAINT; Schema: public; Owner: postgres
--

ALTER TABLE ONLY public.dataprocessing_domain_user
    ADD CONSTRAINT dataprocessing_domain_user_domain_id_user_id_dc405431_uniq UNIQUE (domain_id, user_id);


--
-- Name: dataprocessing_domain_user dataprocessing_domain_user_pkey; Type: CONSTRAINT; Schema: public; Owner: postgres
--

ALTER TABLE ONLY public.dataprocessing_domain_user
    ADD CONSTRAINT dataprocessing_domain_user_pkey PRIMARY KEY (id);


--
-- Name: dataprocessing_items dataprocessing_items_pkey; Type: CONSTRAINT; Schema: public; Owner: postgres
--

ALTER TABLE ONLY public.dataprocessing_items
    ADD CONSTRAINT dataprocessing_items_pkey PRIMARY KEY (id);


--
-- Name: dataprocessing_relation dataprocessing_relation_pkey; Type: CONSTRAINT; Schema: public; Owner: postgres
--

ALTER TABLE ONLY public.dataprocessing_relation
    ADD CONSTRAINT dataprocessing_relation_pkey PRIMARY KEY (id);


--
-- Name: dataprocessing_user_groups dataprocessing_user_groups_pkey; Type: CONSTRAINT; Schema: public; Owner: postgres
--

ALTER TABLE ONLY public.dataprocessing_user_groups
    ADD CONSTRAINT dataprocessing_user_groups_pkey PRIMARY KEY (id);


--
-- Name: dataprocessing_user_groups dataprocessing_user_groups_user_id_group_id_2a6c2f08_uniq; Type: CONSTRAINT; Schema: public; Owner: postgres
--

ALTER TABLE ONLY public.dataprocessing_user_groups
    ADD CONSTRAINT dataprocessing_user_groups_user_id_group_id_2a6c2f08_uniq UNIQUE (user_id, group_id);


--
-- Name: dataprocessing_user dataprocessing_user_pkey; Type: CONSTRAINT; Schema: public; Owner: postgres
--

ALTER TABLE ONLY public.dataprocessing_user
    ADD CONSTRAINT dataprocessing_user_pkey PRIMARY KEY (id);


--
-- Name: dataprocessing_user_user_permissions dataprocessing_user_user_permissions_pkey; Type: CONSTRAINT; Schema: public; Owner: postgres
--

ALTER TABLE ONLY public.dataprocessing_user_user_permissions
    ADD CONSTRAINT dataprocessing_user_user_permissions_pkey PRIMARY KEY (id);


--
-- Name: dataprocessing_user_user_permissions dataprocessing_user_user_user_id_permission_id_17a05fca_uniq; Type: CONSTRAINT; Schema: public; Owner: postgres
--

ALTER TABLE ONLY public.dataprocessing_user_user_permissions
    ADD CONSTRAINT dataprocessing_user_user_user_id_permission_id_17a05fca_uniq UNIQUE (user_id, permission_id);


--
-- Name: dataprocessing_user dataprocessing_user_username_key; Type: CONSTRAINT; Schema: public; Owner: postgres
--

ALTER TABLE ONLY public.dataprocessing_user
    ADD CONSTRAINT dataprocessing_user_username_key UNIQUE (username);


--
-- Name: django_admin_log django_admin_log_pkey; Type: CONSTRAINT; Schema: public; Owner: postgres
--

ALTER TABLE ONLY public.django_admin_log
    ADD CONSTRAINT django_admin_log_pkey PRIMARY KEY (id);


--
-- Name: django_content_type django_content_type_app_label_model_76bd3d3b_uniq; Type: CONSTRAINT; Schema: public; Owner: postgres
--

ALTER TABLE ONLY public.django_content_type
    ADD CONSTRAINT django_content_type_app_label_model_76bd3d3b_uniq UNIQUE (app_label, model);


--
-- Name: django_content_type django_content_type_pkey; Type: CONSTRAINT; Schema: public; Owner: postgres
--

ALTER TABLE ONLY public.django_content_type
    ADD CONSTRAINT django_content_type_pkey PRIMARY KEY (id);


--
-- Name: django_migrations django_migrations_pkey; Type: CONSTRAINT; Schema: public; Owner: postgres
--

ALTER TABLE ONLY public.django_migrations
    ADD CONSTRAINT django_migrations_pkey PRIMARY KEY (id);


--
-- Name: django_session django_session_pkey; Type: CONSTRAINT; Schema: public; Owner: postgres
--

ALTER TABLE ONLY public.django_session
    ADD CONSTRAINT django_session_pkey PRIMARY KEY (session_key);


--
-- Name: django_summernote_attachment django_summernote_attachment_pkey; Type: CONSTRAINT; Schema: public; Owner: postgres
--

ALTER TABLE ONLY public.django_summernote_attachment
    ADD CONSTRAINT django_summernote_attachment_pkey PRIMARY KEY (id);


--
-- Name: workprogramsapp_academicplan workprogramsapp_academicplan_educational_profile_key; Type: CONSTRAINT; Schema: public; Owner: postgres
--

ALTER TABLE ONLY public.workprogramsapp_academicplan
    ADD CONSTRAINT workprogramsapp_academicplan_educational_profile_key UNIQUE (educational_profile);


--
-- Name: workprogramsapp_academicplan workprogramsapp_academicplan_number_key; Type: CONSTRAINT; Schema: public; Owner: postgres
--

ALTER TABLE ONLY public.workprogramsapp_academicplan
    ADD CONSTRAINT workprogramsapp_academicplan_number_key UNIQUE (number);


--
-- Name: workprogramsapp_academicplan workprogramsapp_academicplan_pkey; Type: CONSTRAINT; Schema: public; Owner: postgres
--

ALTER TABLE ONLY public.workprogramsapp_academicplan
    ADD CONSTRAINT workprogramsapp_academicplan_pkey PRIMARY KEY (id);


--
-- Name: workprogramsapp_bibliographicreference workprogramsapp_bibliographicreference_pkey; Type: CONSTRAINT; Schema: public; Owner: postgres
--

ALTER TABLE ONLY public.workprogramsapp_bibliographicreference
    ADD CONSTRAINT workprogramsapp_bibliographicreference_pkey PRIMARY KEY (id);


--
-- Name: workprogramsapp_certification workprogramsapp_certification_pkey; Type: CONSTRAINT; Schema: public; Owner: postgres
--

ALTER TABLE ONLY public.workprogramsapp_certification
    ADD CONSTRAINT workprogramsapp_certification_pkey PRIMARY KEY (id);


--
-- Name: workprogramsapp_competence_field_of_study workprogramsapp_competen_competence_id_fieldofstu_7da3ea18_uniq; Type: CONSTRAINT; Schema: public; Owner: postgres
--

ALTER TABLE ONLY public.workprogramsapp_competence_field_of_study
    ADD CONSTRAINT workprogramsapp_competen_competence_id_fieldofstu_7da3ea18_uniq UNIQUE (competence_id, fieldofstudy_id);


--
-- Name: workprogramsapp_competence_work_program workprogramsapp_competen_competence_id_workprogra_4532f8bd_uniq; Type: CONSTRAINT; Schema: public; Owner: postgres
--

ALTER TABLE ONLY public.workprogramsapp_competence_work_program
    ADD CONSTRAINT workprogramsapp_competen_competence_id_workprogra_4532f8bd_uniq UNIQUE (competence_id, workprogram_id);


--
-- Name: workprogramsapp_competence_field_of_study workprogramsapp_competence_field_of_study_pkey; Type: CONSTRAINT; Schema: public; Owner: postgres
--

ALTER TABLE ONLY public.workprogramsapp_competence_field_of_study
    ADD CONSTRAINT workprogramsapp_competence_field_of_study_pkey PRIMARY KEY (id);


--
-- Name: workprogramsapp_competence workprogramsapp_competence_name_key; Type: CONSTRAINT; Schema: public; Owner: postgres
--

ALTER TABLE ONLY public.workprogramsapp_competence
    ADD CONSTRAINT workprogramsapp_competence_name_key UNIQUE (name);


--
-- Name: workprogramsapp_competence workprogramsapp_competence_number_key; Type: CONSTRAINT; Schema: public; Owner: postgres
--

ALTER TABLE ONLY public.workprogramsapp_competence
    ADD CONSTRAINT workprogramsapp_competence_number_key UNIQUE (number);


--
-- Name: workprogramsapp_competence workprogramsapp_competence_pkey; Type: CONSTRAINT; Schema: public; Owner: postgres
--

ALTER TABLE ONLY public.workprogramsapp_competence
    ADD CONSTRAINT workprogramsapp_competence_pkey PRIMARY KEY (id);


--
-- Name: workprogramsapp_competence_work_program workprogramsapp_competence_work_program_pkey; Type: CONSTRAINT; Schema: public; Owner: postgres
--

ALTER TABLE ONLY public.workprogramsapp_competence_work_program
    ADD CONSTRAINT workprogramsapp_competence_work_program_pkey PRIMARY KEY (id);


--
-- Name: workprogramsapp_disciplinesection_evaluation_tools workprogramsapp_discipli_disciplinesection_id_eva_356dfa64_uniq; Type: CONSTRAINT; Schema: public; Owner: postgres
--

ALTER TABLE ONLY public.workprogramsapp_disciplinesection_evaluation_tools
    ADD CONSTRAINT workprogramsapp_discipli_disciplinesection_id_eva_356dfa64_uniq UNIQUE (disciplinesection_id, evaluationtool_id);


--
-- Name: workprogramsapp_disciplineblock workprogramsapp_disciplineblock_pkey; Type: CONSTRAINT; Schema: public; Owner: postgres
--

ALTER TABLE ONLY public.workprogramsapp_disciplineblock
    ADD CONSTRAINT workprogramsapp_disciplineblock_pkey PRIMARY KEY (id);


--
-- Name: workprogramsapp_disciplineblockmodule workprogramsapp_disciplineblockmodule_pkey; Type: CONSTRAINT; Schema: public; Owner: postgres
--

ALTER TABLE ONLY public.workprogramsapp_disciplineblockmodule
    ADD CONSTRAINT workprogramsapp_disciplineblockmodule_pkey PRIMARY KEY (id);


--
-- Name: workprogramsapp_disciplinesection_evaluation_tools workprogramsapp_disciplinesection_evaluation_tools_pkey; Type: CONSTRAINT; Schema: public; Owner: postgres
--

ALTER TABLE ONLY public.workprogramsapp_disciplinesection_evaluation_tools
    ADD CONSTRAINT workprogramsapp_disciplinesection_evaluation_tools_pkey PRIMARY KEY (id);


--
-- Name: workprogramsapp_disciplinesection workprogramsapp_disciplinesection_pkey; Type: CONSTRAINT; Schema: public; Owner: postgres
--

ALTER TABLE ONLY public.workprogramsapp_disciplinesection
    ADD CONSTRAINT workprogramsapp_disciplinesection_pkey PRIMARY KEY (id);


--
-- Name: workprogramsapp_evaluationtool workprogramsapp_evaluationtool_name_key; Type: CONSTRAINT; Schema: public; Owner: postgres
--

ALTER TABLE ONLY public.workprogramsapp_evaluationtool
    ADD CONSTRAINT workprogramsapp_evaluationtool_name_key UNIQUE (name);


--
-- Name: workprogramsapp_evaluationtool workprogramsapp_evaluationtool_pkey; Type: CONSTRAINT; Schema: public; Owner: postgres
--

ALTER TABLE ONLY public.workprogramsapp_evaluationtool
    ADD CONSTRAINT workprogramsapp_evaluationtool_pkey PRIMARY KEY (id);


--
-- Name: workprogramsapp_fieldofstudy workprogramsapp_fieldofstudy_educational_profile_key; Type: CONSTRAINT; Schema: public; Owner: postgres
--

ALTER TABLE ONLY public.workprogramsapp_fieldofstudy
    ADD CONSTRAINT workprogramsapp_fieldofstudy_educational_profile_key UNIQUE (educational_profile);


--
-- Name: workprogramsapp_fieldofstudy workprogramsapp_fieldofstudy_number_key; Type: CONSTRAINT; Schema: public; Owner: postgres
--

ALTER TABLE ONLY public.workprogramsapp_fieldofstudy
    ADD CONSTRAINT workprogramsapp_fieldofstudy_number_key UNIQUE (number);


--
-- Name: workprogramsapp_fieldofstudy workprogramsapp_fieldofstudy_pkey; Type: CONSTRAINT; Schema: public; Owner: postgres
--

ALTER TABLE ONLY public.workprogramsapp_fieldofstudy
    ADD CONSTRAINT workprogramsapp_fieldofstudy_pkey PRIMARY KEY (id);


--
-- Name: workprogramsapp_fieldofstudy workprogramsapp_fieldofstudy_title_key; Type: CONSTRAINT; Schema: public; Owner: postgres
--

ALTER TABLE ONLY public.workprogramsapp_fieldofstudy
    ADD CONSTRAINT workprogramsapp_fieldofstudy_title_key UNIQUE (title);


--
-- Name: workprogramsapp_fieldofstudyworkprogram workprogramsapp_fieldofstudyworkprogram_pkey; Type: CONSTRAINT; Schema: public; Owner: postgres
--

ALTER TABLE ONLY public.workprogramsapp_fieldofstudyworkprogram
    ADD CONSTRAINT workprogramsapp_fieldofstudyworkprogram_pkey PRIMARY KEY (id);


--
-- Name: workprogramsapp_implementationacademicplan workprogramsapp_implementationacademicplan_pkey; Type: CONSTRAINT; Schema: public; Owner: postgres
--

ALTER TABLE ONLY public.workprogramsapp_implementationacademicplan
    ADD CONSTRAINT workprogramsapp_implementationacademicplan_pkey PRIMARY KEY (id);


--
-- Name: workprogramsapp_indicator workprogramsapp_indicator_number_key; Type: CONSTRAINT; Schema: public; Owner: postgres
--

ALTER TABLE ONLY public.workprogramsapp_indicator
    ADD CONSTRAINT workprogramsapp_indicator_number_key UNIQUE (number);


--
-- Name: workprogramsapp_indicator workprogramsapp_indicator_pkey; Type: CONSTRAINT; Schema: public; Owner: postgres
--

ALTER TABLE ONLY public.workprogramsapp_indicator
    ADD CONSTRAINT workprogramsapp_indicator_pkey PRIMARY KEY (id);


--
-- Name: workprogramsapp_indicatorworkprogram workprogramsapp_indicatorworkprogram_pkey; Type: CONSTRAINT; Schema: public; Owner: postgres
--

ALTER TABLE ONLY public.workprogramsapp_indicatorworkprogram
    ADD CONSTRAINT workprogramsapp_indicatorworkprogram_pkey PRIMARY KEY (id);


--
-- Name: workprogramsapp_onlinecourse workprogramsapp_onlinecourse_pkey; Type: CONSTRAINT; Schema: public; Owner: postgres
--

ALTER TABLE ONLY public.workprogramsapp_onlinecourse
    ADD CONSTRAINT workprogramsapp_onlinecourse_pkey PRIMARY KEY (id);


--
-- Name: workprogramsapp_outcomesofworkprogram_evaluation_tool workprogramsapp_outcomes_outcomesofworkprogram_id_db2962e1_uniq; Type: CONSTRAINT; Schema: public; Owner: postgres
--

ALTER TABLE ONLY public.workprogramsapp_outcomesofworkprogram_evaluation_tool
    ADD CONSTRAINT workprogramsapp_outcomes_outcomesofworkprogram_id_db2962e1_uniq UNIQUE (outcomesofworkprogram_id, evaluationtool_id);


--
-- Name: workprogramsapp_outcomesofworkprogram_evaluation_tool workprogramsapp_outcomesofworkprogram_evaluation_tool_pkey; Type: CONSTRAINT; Schema: public; Owner: postgres
--

ALTER TABLE ONLY public.workprogramsapp_outcomesofworkprogram_evaluation_tool
    ADD CONSTRAINT workprogramsapp_outcomesofworkprogram_evaluation_tool_pkey PRIMARY KEY (id);


--
-- Name: workprogramsapp_outcomesofworkprogram workprogramsapp_outcomesofworkprogram_pkey; Type: CONSTRAINT; Schema: public; Owner: postgres
--

ALTER TABLE ONLY public.workprogramsapp_outcomesofworkprogram
    ADD CONSTRAINT workprogramsapp_outcomesofworkprogram_pkey PRIMARY KEY (id);


--
-- Name: workprogramsapp_prerequisitesofworkprogram workprogramsapp_prerequisitesofworkprogram_pkey; Type: CONSTRAINT; Schema: public; Owner: postgres
--

ALTER TABLE ONLY public.workprogramsapp_prerequisitesofworkprogram
    ADD CONSTRAINT workprogramsapp_prerequisitesofworkprogram_pkey PRIMARY KEY (id);


--
-- Name: workprogramsapp_route workprogramsapp_route_pkey; Type: CONSTRAINT; Schema: public; Owner: postgres
--

ALTER TABLE ONLY public.workprogramsapp_route
    ADD CONSTRAINT workprogramsapp_route_pkey PRIMARY KEY (id);


--
-- Name: workprogramsapp_routecomposition workprogramsapp_routecom_route_id_user_id_work_pr_8eef5288_uniq; Type: CONSTRAINT; Schema: public; Owner: postgres
--

ALTER TABLE ONLY public.workprogramsapp_routecomposition
    ADD CONSTRAINT workprogramsapp_routecom_route_id_user_id_work_pr_8eef5288_uniq UNIQUE (route_id, user_id, work_program_id);


--
-- Name: workprogramsapp_routecomposition workprogramsapp_routecomposition_pkey; Type: CONSTRAINT; Schema: public; Owner: postgres
--

ALTER TABLE ONLY public.workprogramsapp_routecomposition
    ADD CONSTRAINT workprogramsapp_routecomposition_pkey PRIMARY KEY (id);


--
-- Name: workprogramsapp_topic workprogramsapp_topic_pkey; Type: CONSTRAINT; Schema: public; Owner: postgres
--

ALTER TABLE ONLY public.workprogramsapp_topic
    ADD CONSTRAINT workprogramsapp_topic_pkey PRIMARY KEY (id);


--
-- Name: workprogramsapp_workprogram_bibliographic_reference workprogramsapp_workprog_workprogram_id_bibliogra_cb802bcd_uniq; Type: CONSTRAINT; Schema: public; Owner: postgres
--

ALTER TABLE ONLY public.workprogramsapp_workprogram_bibliographic_reference
    ADD CONSTRAINT workprogramsapp_workprog_workprogram_id_bibliogra_cb802bcd_uniq UNIQUE (workprogram_id, bibliographicreference_id);


--
-- Name: workprogramsapp_workprogramchangeindisciplineblockmodule_wo57fc workprogramsapp_workprog_workprogramchangeindisci_74d26e9c_uniq; Type: CONSTRAINT; Schema: public; Owner: postgres
--

ALTER TABLE ONLY public.workprogramsapp_workprogramchangeindisciplineblockmodule_wo57fc
    ADD CONSTRAINT workprogramsapp_workprog_workprogramchangeindisci_74d26e9c_uniq UNIQUE (workprogramchangeindisciplineblockmodule_id, workprogram_id);


--
-- Name: workprogramsapp_workprogram_bibliographic_reference workprogramsapp_workprogram_bibliographic_reference_pkey; Type: CONSTRAINT; Schema: public; Owner: postgres
--

ALTER TABLE ONLY public.workprogramsapp_workprogram_bibliographic_reference
    ADD CONSTRAINT workprogramsapp_workprogram_bibliographic_reference_pkey PRIMARY KEY (id);


--
-- Name: workprogramsapp_workprogram workprogramsapp_workprogram_pkey; Type: CONSTRAINT; Schema: public; Owner: postgres
--

ALTER TABLE ONLY public.workprogramsapp_workprogram
    ADD CONSTRAINT workprogramsapp_workprogram_pkey PRIMARY KEY (id);


--
-- Name: workprogramsapp_workprogramchangeindisciplineblockmodule workprogramsapp_workprogramchangeindisciplineblockmodule_pkey; Type: CONSTRAINT; Schema: public; Owner: postgres
--

ALTER TABLE ONLY public.workprogramsapp_workprogramchangeindisciplineblockmodule
    ADD CONSTRAINT workprogramsapp_workprogramchangeindisciplineblockmodule_pkey PRIMARY KEY (id);


--
-- Name: workprogramsapp_workprogramchangeindisciplineblockmodule_wo57fc workprogramsapp_workprogramchangeindisciplineblockmodule_w_pkey; Type: CONSTRAINT; Schema: public; Owner: postgres
--

ALTER TABLE ONLY public.workprogramsapp_workprogramchangeindisciplineblockmodule_wo57fc
    ADD CONSTRAINT workprogramsapp_workprogramchangeindisciplineblockmodule_w_pkey PRIMARY KEY (id);


--
-- Name: auth_group_name_a6ea08ec_like; Type: INDEX; Schema: public; Owner: postgres
--

CREATE INDEX auth_group_name_a6ea08ec_like ON public.auth_group USING btree (name varchar_pattern_ops);


--
-- Name: auth_group_permissions_group_id_b120cbf9; Type: INDEX; Schema: public; Owner: postgres
--

CREATE INDEX auth_group_permissions_group_id_b120cbf9 ON public.auth_group_permissions USING btree (group_id);


--
-- Name: auth_group_permissions_permission_id_84c5c92e; Type: INDEX; Schema: public; Owner: postgres
--

CREATE INDEX auth_group_permissions_permission_id_84c5c92e ON public.auth_group_permissions USING btree (permission_id);


--
-- Name: auth_permission_content_type_id_2f476e4b; Type: INDEX; Schema: public; Owner: postgres
--

CREATE INDEX auth_permission_content_type_id_2f476e4b ON public.auth_permission USING btree (content_type_id);


--
-- Name: authtoken_token_key_10f0b77e_like; Type: INDEX; Schema: public; Owner: postgres
--

CREATE INDEX authtoken_token_key_10f0b77e_like ON public.authtoken_token USING btree (key varchar_pattern_ops);


--
-- Name: dataprocessing_domain_user_domain_id_ba9dec1b; Type: INDEX; Schema: public; Owner: postgres
--

CREATE INDEX dataprocessing_domain_user_domain_id_ba9dec1b ON public.dataprocessing_domain_user USING btree (domain_id);


--
-- Name: dataprocessing_domain_user_user_id_b54d81d4; Type: INDEX; Schema: public; Owner: postgres
--

CREATE INDEX dataprocessing_domain_user_user_id_b54d81d4 ON public.dataprocessing_domain_user USING btree (user_id);


--
-- Name: dataprocessing_items_author_id_1d7b676e; Type: INDEX; Schema: public; Owner: postgres
--

CREATE INDEX dataprocessing_items_author_id_1d7b676e ON public.dataprocessing_items USING btree (author_id);


--
-- Name: dataprocessing_items_domain_id_f5fc0c54; Type: INDEX; Schema: public; Owner: postgres
--

CREATE INDEX dataprocessing_items_domain_id_f5fc0c54 ON public.dataprocessing_items USING btree (domain_id);


--
-- Name: dataprocessing_relation_item1_id_88febd4a; Type: INDEX; Schema: public; Owner: postgres
--

CREATE INDEX dataprocessing_relation_item1_id_88febd4a ON public.dataprocessing_relation USING btree (item1_id);


--
-- Name: dataprocessing_relation_item2_id_6dbeb3a7; Type: INDEX; Schema: public; Owner: postgres
--

CREATE INDEX dataprocessing_relation_item2_id_6dbeb3a7 ON public.dataprocessing_relation USING btree (item2_id);


--
-- Name: dataprocessing_user_groups_group_id_ba444361; Type: INDEX; Schema: public; Owner: postgres
--

CREATE INDEX dataprocessing_user_groups_group_id_ba444361 ON public.dataprocessing_user_groups USING btree (group_id);


--
-- Name: dataprocessing_user_groups_user_id_fefab0f1; Type: INDEX; Schema: public; Owner: postgres
--

CREATE INDEX dataprocessing_user_groups_user_id_fefab0f1 ON public.dataprocessing_user_groups USING btree (user_id);


--
-- Name: dataprocessing_user_user_permissions_permission_id_06b66242; Type: INDEX; Schema: public; Owner: postgres
--

CREATE INDEX dataprocessing_user_user_permissions_permission_id_06b66242 ON public.dataprocessing_user_user_permissions USING btree (permission_id);


--
-- Name: dataprocessing_user_user_permissions_user_id_8a65535c; Type: INDEX; Schema: public; Owner: postgres
--

CREATE INDEX dataprocessing_user_user_permissions_user_id_8a65535c ON public.dataprocessing_user_user_permissions USING btree (user_id);


--
-- Name: dataprocessing_user_username_79e0a0b6_like; Type: INDEX; Schema: public; Owner: postgres
--

CREATE INDEX dataprocessing_user_username_79e0a0b6_like ON public.dataprocessing_user USING btree (username varchar_pattern_ops);


--
-- Name: django_admin_log_content_type_id_c4bce8eb; Type: INDEX; Schema: public; Owner: postgres
--

CREATE INDEX django_admin_log_content_type_id_c4bce8eb ON public.django_admin_log USING btree (content_type_id);


--
-- Name: django_admin_log_user_id_c564eba6; Type: INDEX; Schema: public; Owner: postgres
--

CREATE INDEX django_admin_log_user_id_c564eba6 ON public.django_admin_log USING btree (user_id);


--
-- Name: django_session_expire_date_a5c62663; Type: INDEX; Schema: public; Owner: postgres
--

CREATE INDEX django_session_expire_date_a5c62663 ON public.django_session USING btree (expire_date);


--
-- Name: django_session_session_key_c0390e0f_like; Type: INDEX; Schema: public; Owner: postgres
--

CREATE INDEX django_session_session_key_c0390e0f_like ON public.django_session USING btree (session_key varchar_pattern_ops);


--
-- Name: workprogramsapp_academicplan_educational_profile_cd6daf2d_like; Type: INDEX; Schema: public; Owner: postgres
--

CREATE INDEX workprogramsapp_academicplan_educational_profile_cd6daf2d_like ON public.workprogramsapp_academicplan USING btree (educational_profile varchar_pattern_ops);


--
-- Name: workprogramsapp_academicplan_number_79749067_like; Type: INDEX; Schema: public; Owner: postgres
--

CREATE INDEX workprogramsapp_academicplan_number_79749067_like ON public.workprogramsapp_academicplan USING btree (number varchar_pattern_ops);


--
-- Name: workprogramsapp_certification_work_program_id_7bd5a405; Type: INDEX; Schema: public; Owner: postgres
--

CREATE INDEX workprogramsapp_certification_work_program_id_7bd5a405 ON public.workprogramsapp_certification USING btree (work_program_id);


--
-- Name: workprogramsapp_competence_competence_id_9ad5f9c6; Type: INDEX; Schema: public; Owner: postgres
--

CREATE INDEX workprogramsapp_competence_competence_id_9ad5f9c6 ON public.workprogramsapp_competence_field_of_study USING btree (competence_id);


--
-- Name: workprogramsapp_competence_fieldofstudy_id_5e0d8f7c; Type: INDEX; Schema: public; Owner: postgres
--

CREATE INDEX workprogramsapp_competence_fieldofstudy_id_5e0d8f7c ON public.workprogramsapp_competence_field_of_study USING btree (fieldofstudy_id);


--
-- Name: workprogramsapp_competence_name_b7c750c2_like; Type: INDEX; Schema: public; Owner: postgres
--

CREATE INDEX workprogramsapp_competence_name_b7c750c2_like ON public.workprogramsapp_competence USING btree (name varchar_pattern_ops);


--
-- Name: workprogramsapp_competence_number_a7460fd7_like; Type: INDEX; Schema: public; Owner: postgres
--

CREATE INDEX workprogramsapp_competence_number_a7460fd7_like ON public.workprogramsapp_competence USING btree (number varchar_pattern_ops);


--
-- Name: workprogramsapp_competence_work_program_competence_id_e6535b8c; Type: INDEX; Schema: public; Owner: postgres
--

CREATE INDEX workprogramsapp_competence_work_program_competence_id_e6535b8c ON public.workprogramsapp_competence_work_program USING btree (competence_id);


--
-- Name: workprogramsapp_competence_work_program_workprogram_id_2129a05d; Type: INDEX; Schema: public; Owner: postgres
--

CREATE INDEX workprogramsapp_competence_work_program_workprogram_id_2129a05d ON public.workprogramsapp_competence_work_program USING btree (workprogram_id);


--
-- Name: workprogramsapp_discipline_descipline_block_id_b15ba832; Type: INDEX; Schema: public; Owner: postgres
--

CREATE INDEX workprogramsapp_discipline_descipline_block_id_b15ba832 ON public.workprogramsapp_disciplineblockmodule USING btree (descipline_block_id);


--
-- Name: workprogramsapp_discipline_disciplinesection_id_83282399; Type: INDEX; Schema: public; Owner: postgres
--

CREATE INDEX workprogramsapp_discipline_disciplinesection_id_83282399 ON public.workprogramsapp_disciplinesection_evaluation_tools USING btree (disciplinesection_id);


--
-- Name: workprogramsapp_discipline_evaluationtool_id_82679de1; Type: INDEX; Schema: public; Owner: postgres
--

CREATE INDEX workprogramsapp_discipline_evaluationtool_id_82679de1 ON public.workprogramsapp_disciplinesection_evaluation_tools USING btree (evaluationtool_id);


--
-- Name: workprogramsapp_disciplineblock_academic_plan_id_6a0f4e84; Type: INDEX; Schema: public; Owner: postgres
--

CREATE INDEX workprogramsapp_disciplineblock_academic_plan_id_6a0f4e84 ON public.workprogramsapp_disciplineblock USING btree (academic_plan_id);


--
-- Name: workprogramsapp_disciplinesection_work_program_id_f2b33470; Type: INDEX; Schema: public; Owner: postgres
--

CREATE INDEX workprogramsapp_disciplinesection_work_program_id_f2b33470 ON public.workprogramsapp_disciplinesection USING btree (work_program_id);


--
-- Name: workprogramsapp_evaluationtool_name_5219c939_like; Type: INDEX; Schema: public; Owner: postgres
--

CREATE INDEX workprogramsapp_evaluationtool_name_5219c939_like ON public.workprogramsapp_evaluationtool USING btree (name varchar_pattern_ops);


--
-- Name: workprogramsapp_fieldofstu_field_of_study_id_0f946b19; Type: INDEX; Schema: public; Owner: postgres
--

CREATE INDEX workprogramsapp_fieldofstu_field_of_study_id_0f946b19 ON public.workprogramsapp_fieldofstudyworkprogram USING btree (field_of_study_id);


--
-- Name: workprogramsapp_fieldofstu_work_program_id_176be452; Type: INDEX; Schema: public; Owner: postgres
--

CREATE INDEX workprogramsapp_fieldofstu_work_program_id_176be452 ON public.workprogramsapp_fieldofstudyworkprogram USING btree (work_program_id);


--
-- Name: workprogramsapp_fieldofstudy_educational_profile_d55d340c_like; Type: INDEX; Schema: public; Owner: postgres
--

CREATE INDEX workprogramsapp_fieldofstudy_educational_profile_d55d340c_like ON public.workprogramsapp_fieldofstudy USING btree (educational_profile varchar_pattern_ops);


--
-- Name: workprogramsapp_fieldofstudy_number_7c6edfdc_like; Type: INDEX; Schema: public; Owner: postgres
--

CREATE INDEX workprogramsapp_fieldofstudy_number_7c6edfdc_like ON public.workprogramsapp_fieldofstudy USING btree (number varchar_pattern_ops);


--
-- Name: workprogramsapp_fieldofstudy_title_eca45e80_like; Type: INDEX; Schema: public; Owner: postgres
--

CREATE INDEX workprogramsapp_fieldofstudy_title_eca45e80_like ON public.workprogramsapp_fieldofstudy USING btree (title varchar_pattern_ops);


--
-- Name: workprogramsapp_implementa_academic_plan_id_07c8d0a6; Type: INDEX; Schema: public; Owner: postgres
--

CREATE INDEX workprogramsapp_implementa_academic_plan_id_07c8d0a6 ON public.workprogramsapp_implementationacademicplan USING btree (academic_plan_id);


--
-- Name: workprogramsapp_implementa_field_of_study_id_5784b81a; Type: INDEX; Schema: public; Owner: postgres
--

CREATE INDEX workprogramsapp_implementa_field_of_study_id_5784b81a ON public.workprogramsapp_implementationacademicplan USING btree (field_of_study_id);


--
-- Name: workprogramsapp_indicator_competence_id_6735bb38; Type: INDEX; Schema: public; Owner: postgres
--

CREATE INDEX workprogramsapp_indicator_competence_id_6735bb38 ON public.workprogramsapp_indicator USING btree (competence_id);


--
-- Name: workprogramsapp_indicator_number_ae14f766_like; Type: INDEX; Schema: public; Owner: postgres
--

CREATE INDEX workprogramsapp_indicator_number_ae14f766_like ON public.workprogramsapp_indicator USING btree (number varchar_pattern_ops);


--
-- Name: workprogramsapp_indicatorworkprogram_indicator_id_43307985; Type: INDEX; Schema: public; Owner: postgres
--

CREATE INDEX workprogramsapp_indicatorworkprogram_indicator_id_43307985 ON public.workprogramsapp_indicatorworkprogram USING btree (indicator_id);


--
-- Name: workprogramsapp_indicatorworkprogram_work_program_id_88f08d79; Type: INDEX; Schema: public; Owner: postgres
--

CREATE INDEX workprogramsapp_indicatorworkprogram_work_program_id_88f08d79 ON public.workprogramsapp_indicatorworkprogram USING btree (work_program_id);


--
-- Name: workprogramsapp_outcomesof_evaluationtool_id_37fc5b62; Type: INDEX; Schema: public; Owner: postgres
--

CREATE INDEX workprogramsapp_outcomesof_evaluationtool_id_37fc5b62 ON public.workprogramsapp_outcomesofworkprogram_evaluation_tool USING btree (evaluationtool_id);


--
-- Name: workprogramsapp_outcomesof_outcomesofworkprogram_id_57d71843; Type: INDEX; Schema: public; Owner: postgres
--

CREATE INDEX workprogramsapp_outcomesof_outcomesofworkprogram_id_57d71843 ON public.workprogramsapp_outcomesofworkprogram_evaluation_tool USING btree (outcomesofworkprogram_id);


--
-- Name: workprogramsapp_outcomesofworkprogram_item_id_afc2930e; Type: INDEX; Schema: public; Owner: postgres
--

CREATE INDEX workprogramsapp_outcomesofworkprogram_item_id_afc2930e ON public.workprogramsapp_outcomesofworkprogram USING btree (item_id);


--
-- Name: workprogramsapp_outcomesofworkprogram_workprogram_id_05cb83af; Type: INDEX; Schema: public; Owner: postgres
--

CREATE INDEX workprogramsapp_outcomesofworkprogram_workprogram_id_05cb83af ON public.workprogramsapp_outcomesofworkprogram USING btree (workprogram_id);


--
-- Name: workprogramsapp_prerequisi_workprogram_id_487228e8; Type: INDEX; Schema: public; Owner: postgres
--

CREATE INDEX workprogramsapp_prerequisi_workprogram_id_487228e8 ON public.workprogramsapp_prerequisitesofworkprogram USING btree (workprogram_id);


--
-- Name: workprogramsapp_prerequisitesofworkprogram_item_id_2ea95159; Type: INDEX; Schema: public; Owner: postgres
--

CREATE INDEX workprogramsapp_prerequisitesofworkprogram_item_id_2ea95159 ON public.workprogramsapp_prerequisitesofworkprogram USING btree (item_id);


--
-- Name: workprogramsapp_route_field_of_study_id_014734b2; Type: INDEX; Schema: public; Owner: postgres
--

CREATE INDEX workprogramsapp_route_field_of_study_id_014734b2 ON public.workprogramsapp_route USING btree (field_of_study_id);


--
-- Name: workprogramsapp_route_user_id_1916a697; Type: INDEX; Schema: public; Owner: postgres
--

CREATE INDEX workprogramsapp_route_user_id_1916a697 ON public.workprogramsapp_route USING btree (user_id);


--
-- Name: workprogramsapp_routecomposition_field_of_study_id_5e536c59; Type: INDEX; Schema: public; Owner: postgres
--

CREATE INDEX workprogramsapp_routecomposition_field_of_study_id_5e536c59 ON public.workprogramsapp_routecomposition USING btree (field_of_study_id);


--
-- Name: workprogramsapp_routecomposition_route_id_a518a0f8; Type: INDEX; Schema: public; Owner: postgres
--

CREATE INDEX workprogramsapp_routecomposition_route_id_a518a0f8 ON public.workprogramsapp_routecomposition USING btree (route_id);


--
-- Name: workprogramsapp_routecomposition_user_id_8ec9c4af; Type: INDEX; Schema: public; Owner: postgres
--

CREATE INDEX workprogramsapp_routecomposition_user_id_8ec9c4af ON public.workprogramsapp_routecomposition USING btree (user_id);


--
-- Name: workprogramsapp_routecomposition_work_program_id_814004fd; Type: INDEX; Schema: public; Owner: postgres
--

CREATE INDEX workprogramsapp_routecomposition_work_program_id_814004fd ON public.workprogramsapp_routecomposition USING btree (work_program_id);


--
-- Name: workprogramsapp_topic_discipline_section_id_d13e658d; Type: INDEX; Schema: public; Owner: postgres
--

CREATE INDEX workprogramsapp_topic_discipline_section_id_d13e658d ON public.workprogramsapp_topic USING btree (discipline_section_id);


--
-- Name: workprogramsapp_topic_url_online_course_id_151f7681; Type: INDEX; Schema: public; Owner: postgres
--

CREATE INDEX workprogramsapp_topic_url_online_course_id_151f7681 ON public.workprogramsapp_topic USING btree (url_online_course_id);


--
-- Name: workprogramsapp_workprogra_bibliographicreference_id_933eab15; Type: INDEX; Schema: public; Owner: postgres
--

CREATE INDEX workprogramsapp_workprogra_bibliographicreference_id_933eab15 ON public.workprogramsapp_workprogram_bibliographic_reference USING btree (bibliographicreference_id);


--
-- Name: workprogramsapp_workprogra_discipline_block_module_id_d78c4d64; Type: INDEX; Schema: public; Owner: postgres
--

CREATE INDEX workprogramsapp_workprogra_discipline_block_module_id_d78c4d64 ON public.workprogramsapp_workprogramchangeindisciplineblockmodule USING btree (discipline_block_module_id);


--
-- Name: workprogramsapp_workprogra_workprogram_id_5cf45d23; Type: INDEX; Schema: public; Owner: postgres
--

CREATE INDEX workprogramsapp_workprogra_workprogram_id_5cf45d23 ON public.workprogramsapp_workprogramchangeindisciplineblockmodule_wo57fc USING btree (workprogram_id);


--
-- Name: workprogramsapp_workprogra_workprogram_id_9a097e2a; Type: INDEX; Schema: public; Owner: postgres
--

CREATE INDEX workprogramsapp_workprogra_workprogram_id_9a097e2a ON public.workprogramsapp_workprogram_bibliographic_reference USING btree (workprogram_id);


--
-- Name: workprogramsapp_workprogra_workprogramchangeindiscipl_b8e30088; Type: INDEX; Schema: public; Owner: postgres
--

CREATE INDEX workprogramsapp_workprogra_workprogramchangeindiscipl_b8e30088 ON public.workprogramsapp_workprogramchangeindisciplineblockmodule_wo57fc USING btree (workprogramchangeindisciplineblockmodule_id);


--
-- Name: auth_group_permissions auth_group_permissio_permission_id_84c5c92e_fk_auth_perm; Type: FK CONSTRAINT; Schema: public; Owner: postgres
--

ALTER TABLE ONLY public.auth_group_permissions
    ADD CONSTRAINT auth_group_permissio_permission_id_84c5c92e_fk_auth_perm FOREIGN KEY (permission_id) REFERENCES public.auth_permission(id) DEFERRABLE INITIALLY DEFERRED;


--
-- Name: auth_group_permissions auth_group_permissions_group_id_b120cbf9_fk_auth_group_id; Type: FK CONSTRAINT; Schema: public; Owner: postgres
--

ALTER TABLE ONLY public.auth_group_permissions
    ADD CONSTRAINT auth_group_permissions_group_id_b120cbf9_fk_auth_group_id FOREIGN KEY (group_id) REFERENCES public.auth_group(id) DEFERRABLE INITIALLY DEFERRED;


--
-- Name: auth_permission auth_permission_content_type_id_2f476e4b_fk_django_co; Type: FK CONSTRAINT; Schema: public; Owner: postgres
--

ALTER TABLE ONLY public.auth_permission
    ADD CONSTRAINT auth_permission_content_type_id_2f476e4b_fk_django_co FOREIGN KEY (content_type_id) REFERENCES public.django_content_type(id) DEFERRABLE INITIALLY DEFERRED;


--
-- Name: authtoken_token authtoken_token_user_id_35299eff_fk_dataprocessing_user_id; Type: FK CONSTRAINT; Schema: public; Owner: postgres
--

ALTER TABLE ONLY public.authtoken_token
    ADD CONSTRAINT authtoken_token_user_id_35299eff_fk_dataprocessing_user_id FOREIGN KEY (user_id) REFERENCES public.dataprocessing_user(id) DEFERRABLE INITIALLY DEFERRED;


--
-- Name: dataprocessing_domain_user dataprocessing_domai_domain_id_ba9dec1b_fk_dataproce; Type: FK CONSTRAINT; Schema: public; Owner: postgres
--

ALTER TABLE ONLY public.dataprocessing_domain_user
    ADD CONSTRAINT dataprocessing_domai_domain_id_ba9dec1b_fk_dataproce FOREIGN KEY (domain_id) REFERENCES public.dataprocessing_domain(id) DEFERRABLE INITIALLY DEFERRED;


--
-- Name: dataprocessing_domain_user dataprocessing_domai_user_id_b54d81d4_fk_dataproce; Type: FK CONSTRAINT; Schema: public; Owner: postgres
--

ALTER TABLE ONLY public.dataprocessing_domain_user
    ADD CONSTRAINT dataprocessing_domai_user_id_b54d81d4_fk_dataproce FOREIGN KEY (user_id) REFERENCES public.dataprocessing_user(id) DEFERRABLE INITIALLY DEFERRED;


--
-- Name: dataprocessing_items dataprocessing_items_author_id_1d7b676e_fk_dataproce; Type: FK CONSTRAINT; Schema: public; Owner: postgres
--

ALTER TABLE ONLY public.dataprocessing_items
    ADD CONSTRAINT dataprocessing_items_author_id_1d7b676e_fk_dataproce FOREIGN KEY (author_id) REFERENCES public.dataprocessing_user(id) DEFERRABLE INITIALLY DEFERRED;


--
-- Name: dataprocessing_items dataprocessing_items_domain_id_f5fc0c54_fk_dataproce; Type: FK CONSTRAINT; Schema: public; Owner: postgres
--

ALTER TABLE ONLY public.dataprocessing_items
    ADD CONSTRAINT dataprocessing_items_domain_id_f5fc0c54_fk_dataproce FOREIGN KEY (domain_id) REFERENCES public.dataprocessing_domain(id) DEFERRABLE INITIALLY DEFERRED;


--
-- Name: dataprocessing_relation dataprocessing_relat_item1_id_88febd4a_fk_dataproce; Type: FK CONSTRAINT; Schema: public; Owner: postgres
--

ALTER TABLE ONLY public.dataprocessing_relation
    ADD CONSTRAINT dataprocessing_relat_item1_id_88febd4a_fk_dataproce FOREIGN KEY (item1_id) REFERENCES public.dataprocessing_items(id) DEFERRABLE INITIALLY DEFERRED;


--
-- Name: dataprocessing_relation dataprocessing_relat_item2_id_6dbeb3a7_fk_dataproce; Type: FK CONSTRAINT; Schema: public; Owner: postgres
--

ALTER TABLE ONLY public.dataprocessing_relation
    ADD CONSTRAINT dataprocessing_relat_item2_id_6dbeb3a7_fk_dataproce FOREIGN KEY (item2_id) REFERENCES public.dataprocessing_items(id) DEFERRABLE INITIALLY DEFERRED;


--
-- Name: dataprocessing_user_user_permissions dataprocessing_user__permission_id_06b66242_fk_auth_perm; Type: FK CONSTRAINT; Schema: public; Owner: postgres
--

ALTER TABLE ONLY public.dataprocessing_user_user_permissions
    ADD CONSTRAINT dataprocessing_user__permission_id_06b66242_fk_auth_perm FOREIGN KEY (permission_id) REFERENCES public.auth_permission(id) DEFERRABLE INITIALLY DEFERRED;


--
-- Name: dataprocessing_user_user_permissions dataprocessing_user__user_id_8a65535c_fk_dataproce; Type: FK CONSTRAINT; Schema: public; Owner: postgres
--

ALTER TABLE ONLY public.dataprocessing_user_user_permissions
    ADD CONSTRAINT dataprocessing_user__user_id_8a65535c_fk_dataproce FOREIGN KEY (user_id) REFERENCES public.dataprocessing_user(id) DEFERRABLE INITIALLY DEFERRED;


--
-- Name: dataprocessing_user_groups dataprocessing_user__user_id_fefab0f1_fk_dataproce; Type: FK CONSTRAINT; Schema: public; Owner: postgres
--

ALTER TABLE ONLY public.dataprocessing_user_groups
    ADD CONSTRAINT dataprocessing_user__user_id_fefab0f1_fk_dataproce FOREIGN KEY (user_id) REFERENCES public.dataprocessing_user(id) DEFERRABLE INITIALLY DEFERRED;


--
-- Name: dataprocessing_user_groups dataprocessing_user_groups_group_id_ba444361_fk_auth_group_id; Type: FK CONSTRAINT; Schema: public; Owner: postgres
--

ALTER TABLE ONLY public.dataprocessing_user_groups
    ADD CONSTRAINT dataprocessing_user_groups_group_id_ba444361_fk_auth_group_id FOREIGN KEY (group_id) REFERENCES public.auth_group(id) DEFERRABLE INITIALLY DEFERRED;


--
-- Name: django_admin_log django_admin_log_content_type_id_c4bce8eb_fk_django_co; Type: FK CONSTRAINT; Schema: public; Owner: postgres
--

ALTER TABLE ONLY public.django_admin_log
    ADD CONSTRAINT django_admin_log_content_type_id_c4bce8eb_fk_django_co FOREIGN KEY (content_type_id) REFERENCES public.django_content_type(id) DEFERRABLE INITIALLY DEFERRED;


--
-- Name: django_admin_log django_admin_log_user_id_c564eba6_fk_dataprocessing_user_id; Type: FK CONSTRAINT; Schema: public; Owner: postgres
--

ALTER TABLE ONLY public.django_admin_log
    ADD CONSTRAINT django_admin_log_user_id_c564eba6_fk_dataprocessing_user_id FOREIGN KEY (user_id) REFERENCES public.dataprocessing_user(id) DEFERRABLE INITIALLY DEFERRED;


--
-- Name: workprogramsapp_certification workprogramsapp_cert_work_program_id_7bd5a405_fk_workprogr; Type: FK CONSTRAINT; Schema: public; Owner: postgres
--

ALTER TABLE ONLY public.workprogramsapp_certification
    ADD CONSTRAINT workprogramsapp_cert_work_program_id_7bd5a405_fk_workprogr FOREIGN KEY (work_program_id) REFERENCES public.workprogramsapp_workprogram(id) DEFERRABLE INITIALLY DEFERRED;


--
-- Name: workprogramsapp_competence_field_of_study workprogramsapp_comp_competence_id_9ad5f9c6_fk_workprogr; Type: FK CONSTRAINT; Schema: public; Owner: postgres
--

ALTER TABLE ONLY public.workprogramsapp_competence_field_of_study
    ADD CONSTRAINT workprogramsapp_comp_competence_id_9ad5f9c6_fk_workprogr FOREIGN KEY (competence_id) REFERENCES public.workprogramsapp_competence(id) DEFERRABLE INITIALLY DEFERRED;


--
-- Name: workprogramsapp_competence_work_program workprogramsapp_comp_competence_id_e6535b8c_fk_workprogr; Type: FK CONSTRAINT; Schema: public; Owner: postgres
--

ALTER TABLE ONLY public.workprogramsapp_competence_work_program
    ADD CONSTRAINT workprogramsapp_comp_competence_id_e6535b8c_fk_workprogr FOREIGN KEY (competence_id) REFERENCES public.workprogramsapp_competence(id) DEFERRABLE INITIALLY DEFERRED;


--
-- Name: workprogramsapp_competence_field_of_study workprogramsapp_comp_fieldofstudy_id_5e0d8f7c_fk_workprogr; Type: FK CONSTRAINT; Schema: public; Owner: postgres
--

ALTER TABLE ONLY public.workprogramsapp_competence_field_of_study
    ADD CONSTRAINT workprogramsapp_comp_fieldofstudy_id_5e0d8f7c_fk_workprogr FOREIGN KEY (fieldofstudy_id) REFERENCES public.workprogramsapp_fieldofstudy(id) DEFERRABLE INITIALLY DEFERRED;


--
-- Name: workprogramsapp_competence_work_program workprogramsapp_comp_workprogram_id_2129a05d_fk_workprogr; Type: FK CONSTRAINT; Schema: public; Owner: postgres
--

ALTER TABLE ONLY public.workprogramsapp_competence_work_program
    ADD CONSTRAINT workprogramsapp_comp_workprogram_id_2129a05d_fk_workprogr FOREIGN KEY (workprogram_id) REFERENCES public.workprogramsapp_workprogram(id) DEFERRABLE INITIALLY DEFERRED;


--
-- Name: workprogramsapp_disciplineblock workprogramsapp_disc_academic_plan_id_6a0f4e84_fk_workprogr; Type: FK CONSTRAINT; Schema: public; Owner: postgres
--

ALTER TABLE ONLY public.workprogramsapp_disciplineblock
    ADD CONSTRAINT workprogramsapp_disc_academic_plan_id_6a0f4e84_fk_workprogr FOREIGN KEY (academic_plan_id) REFERENCES public.workprogramsapp_academicplan(id) DEFERRABLE INITIALLY DEFERRED;


--
-- Name: workprogramsapp_disciplineblockmodule workprogramsapp_disc_descipline_block_id_b15ba832_fk_workprogr; Type: FK CONSTRAINT; Schema: public; Owner: postgres
--

ALTER TABLE ONLY public.workprogramsapp_disciplineblockmodule
    ADD CONSTRAINT workprogramsapp_disc_descipline_block_id_b15ba832_fk_workprogr FOREIGN KEY (descipline_block_id) REFERENCES public.workprogramsapp_disciplineblock(id) DEFERRABLE INITIALLY DEFERRED;


--
-- Name: workprogramsapp_disciplinesection_evaluation_tools workprogramsapp_disc_disciplinesection_id_83282399_fk_workprogr; Type: FK CONSTRAINT; Schema: public; Owner: postgres
--

ALTER TABLE ONLY public.workprogramsapp_disciplinesection_evaluation_tools
    ADD CONSTRAINT workprogramsapp_disc_disciplinesection_id_83282399_fk_workprogr FOREIGN KEY (disciplinesection_id) REFERENCES public.workprogramsapp_disciplinesection(id) DEFERRABLE INITIALLY DEFERRED;


--
-- Name: workprogramsapp_disciplinesection_evaluation_tools workprogramsapp_disc_evaluationtool_id_82679de1_fk_workprogr; Type: FK CONSTRAINT; Schema: public; Owner: postgres
--

ALTER TABLE ONLY public.workprogramsapp_disciplinesection_evaluation_tools
    ADD CONSTRAINT workprogramsapp_disc_evaluationtool_id_82679de1_fk_workprogr FOREIGN KEY (evaluationtool_id) REFERENCES public.workprogramsapp_evaluationtool(id) DEFERRABLE INITIALLY DEFERRED;


--
-- Name: workprogramsapp_disciplinesection workprogramsapp_disc_work_program_id_f2b33470_fk_workprogr; Type: FK CONSTRAINT; Schema: public; Owner: postgres
--

ALTER TABLE ONLY public.workprogramsapp_disciplinesection
    ADD CONSTRAINT workprogramsapp_disc_work_program_id_f2b33470_fk_workprogr FOREIGN KEY (work_program_id) REFERENCES public.workprogramsapp_workprogram(id) DEFERRABLE INITIALLY DEFERRED;


--
-- Name: workprogramsapp_fieldofstudyworkprogram workprogramsapp_fiel_field_of_study_id_0f946b19_fk_workprogr; Type: FK CONSTRAINT; Schema: public; Owner: postgres
--

ALTER TABLE ONLY public.workprogramsapp_fieldofstudyworkprogram
    ADD CONSTRAINT workprogramsapp_fiel_field_of_study_id_0f946b19_fk_workprogr FOREIGN KEY (field_of_study_id) REFERENCES public.workprogramsapp_fieldofstudy(id) DEFERRABLE INITIALLY DEFERRED;


--
-- Name: workprogramsapp_fieldofstudyworkprogram workprogramsapp_fiel_work_program_id_176be452_fk_workprogr; Type: FK CONSTRAINT; Schema: public; Owner: postgres
--

ALTER TABLE ONLY public.workprogramsapp_fieldofstudyworkprogram
    ADD CONSTRAINT workprogramsapp_fiel_work_program_id_176be452_fk_workprogr FOREIGN KEY (work_program_id) REFERENCES public.workprogramsapp_workprogram(id) DEFERRABLE INITIALLY DEFERRED;


--
-- Name: workprogramsapp_implementationacademicplan workprogramsapp_impl_academic_plan_id_07c8d0a6_fk_workprogr; Type: FK CONSTRAINT; Schema: public; Owner: postgres
--

ALTER TABLE ONLY public.workprogramsapp_implementationacademicplan
    ADD CONSTRAINT workprogramsapp_impl_academic_plan_id_07c8d0a6_fk_workprogr FOREIGN KEY (academic_plan_id) REFERENCES public.workprogramsapp_academicplan(id) DEFERRABLE INITIALLY DEFERRED;


--
-- Name: workprogramsapp_implementationacademicplan workprogramsapp_impl_field_of_study_id_5784b81a_fk_workprogr; Type: FK CONSTRAINT; Schema: public; Owner: postgres
--

ALTER TABLE ONLY public.workprogramsapp_implementationacademicplan
    ADD CONSTRAINT workprogramsapp_impl_field_of_study_id_5784b81a_fk_workprogr FOREIGN KEY (field_of_study_id) REFERENCES public.workprogramsapp_fieldofstudy(id) DEFERRABLE INITIALLY DEFERRED;


--
-- Name: workprogramsapp_indicator workprogramsapp_indi_competence_id_6735bb38_fk_workprogr; Type: FK CONSTRAINT; Schema: public; Owner: postgres
--

ALTER TABLE ONLY public.workprogramsapp_indicator
    ADD CONSTRAINT workprogramsapp_indi_competence_id_6735bb38_fk_workprogr FOREIGN KEY (competence_id) REFERENCES public.workprogramsapp_competence(id) DEFERRABLE INITIALLY DEFERRED;


--
-- Name: workprogramsapp_indicatorworkprogram workprogramsapp_indi_indicator_id_43307985_fk_workprogr; Type: FK CONSTRAINT; Schema: public; Owner: postgres
--

ALTER TABLE ONLY public.workprogramsapp_indicatorworkprogram
    ADD CONSTRAINT workprogramsapp_indi_indicator_id_43307985_fk_workprogr FOREIGN KEY (indicator_id) REFERENCES public.workprogramsapp_indicator(id) DEFERRABLE INITIALLY DEFERRED;


--
-- Name: workprogramsapp_indicatorworkprogram workprogramsapp_indi_work_program_id_88f08d79_fk_workprogr; Type: FK CONSTRAINT; Schema: public; Owner: postgres
--

ALTER TABLE ONLY public.workprogramsapp_indicatorworkprogram
    ADD CONSTRAINT workprogramsapp_indi_work_program_id_88f08d79_fk_workprogr FOREIGN KEY (work_program_id) REFERENCES public.workprogramsapp_workprogram(id) DEFERRABLE INITIALLY DEFERRED;


--
-- Name: workprogramsapp_outcomesofworkprogram_evaluation_tool workprogramsapp_outc_evaluationtool_id_37fc5b62_fk_workprogr; Type: FK CONSTRAINT; Schema: public; Owner: postgres
--

ALTER TABLE ONLY public.workprogramsapp_outcomesofworkprogram_evaluation_tool
    ADD CONSTRAINT workprogramsapp_outc_evaluationtool_id_37fc5b62_fk_workprogr FOREIGN KEY (evaluationtool_id) REFERENCES public.workprogramsapp_evaluationtool(id) DEFERRABLE INITIALLY DEFERRED;


--
-- Name: workprogramsapp_outcomesofworkprogram workprogramsapp_outc_item_id_afc2930e_fk_dataproce; Type: FK CONSTRAINT; Schema: public; Owner: postgres
--

ALTER TABLE ONLY public.workprogramsapp_outcomesofworkprogram
    ADD CONSTRAINT workprogramsapp_outc_item_id_afc2930e_fk_dataproce FOREIGN KEY (item_id) REFERENCES public.dataprocessing_items(id) DEFERRABLE INITIALLY DEFERRED;


--
-- Name: workprogramsapp_outcomesofworkprogram_evaluation_tool workprogramsapp_outc_outcomesofworkprogra_57d71843_fk_workprogr; Type: FK CONSTRAINT; Schema: public; Owner: postgres
--

ALTER TABLE ONLY public.workprogramsapp_outcomesofworkprogram_evaluation_tool
    ADD CONSTRAINT workprogramsapp_outc_outcomesofworkprogra_57d71843_fk_workprogr FOREIGN KEY (outcomesofworkprogram_id) REFERENCES public.workprogramsapp_outcomesofworkprogram(id) DEFERRABLE INITIALLY DEFERRED;


--
-- Name: workprogramsapp_outcomesofworkprogram workprogramsapp_outc_workprogram_id_05cb83af_fk_workprogr; Type: FK CONSTRAINT; Schema: public; Owner: postgres
--

ALTER TABLE ONLY public.workprogramsapp_outcomesofworkprogram
    ADD CONSTRAINT workprogramsapp_outc_workprogram_id_05cb83af_fk_workprogr FOREIGN KEY (workprogram_id) REFERENCES public.workprogramsapp_workprogram(id) DEFERRABLE INITIALLY DEFERRED;


--
-- Name: workprogramsapp_prerequisitesofworkprogram workprogramsapp_prer_item_id_2ea95159_fk_dataproce; Type: FK CONSTRAINT; Schema: public; Owner: postgres
--

ALTER TABLE ONLY public.workprogramsapp_prerequisitesofworkprogram
    ADD CONSTRAINT workprogramsapp_prer_item_id_2ea95159_fk_dataproce FOREIGN KEY (item_id) REFERENCES public.dataprocessing_items(id) DEFERRABLE INITIALLY DEFERRED;


--
-- Name: workprogramsapp_prerequisitesofworkprogram workprogramsapp_prer_workprogram_id_487228e8_fk_workprogr; Type: FK CONSTRAINT; Schema: public; Owner: postgres
--

ALTER TABLE ONLY public.workprogramsapp_prerequisitesofworkprogram
    ADD CONSTRAINT workprogramsapp_prer_workprogram_id_487228e8_fk_workprogr FOREIGN KEY (workprogram_id) REFERENCES public.workprogramsapp_workprogram(id) DEFERRABLE INITIALLY DEFERRED;


--
-- Name: workprogramsapp_route workprogramsapp_rout_field_of_study_id_014734b2_fk_workprogr; Type: FK CONSTRAINT; Schema: public; Owner: postgres
--

ALTER TABLE ONLY public.workprogramsapp_route
    ADD CONSTRAINT workprogramsapp_rout_field_of_study_id_014734b2_fk_workprogr FOREIGN KEY (field_of_study_id) REFERENCES public.workprogramsapp_fieldofstudy(id) DEFERRABLE INITIALLY DEFERRED;


--
-- Name: workprogramsapp_routecomposition workprogramsapp_rout_field_of_study_id_5e536c59_fk_workprogr; Type: FK CONSTRAINT; Schema: public; Owner: postgres
--

ALTER TABLE ONLY public.workprogramsapp_routecomposition
    ADD CONSTRAINT workprogramsapp_rout_field_of_study_id_5e536c59_fk_workprogr FOREIGN KEY (field_of_study_id) REFERENCES public.workprogramsapp_fieldofstudy(id) DEFERRABLE INITIALLY DEFERRED;


--
-- Name: workprogramsapp_routecomposition workprogramsapp_rout_route_id_a518a0f8_fk_workprogr; Type: FK CONSTRAINT; Schema: public; Owner: postgres
--

ALTER TABLE ONLY public.workprogramsapp_routecomposition
    ADD CONSTRAINT workprogramsapp_rout_route_id_a518a0f8_fk_workprogr FOREIGN KEY (route_id) REFERENCES public.workprogramsapp_route(id) DEFERRABLE INITIALLY DEFERRED;


--
-- Name: workprogramsapp_route workprogramsapp_rout_user_id_1916a697_fk_dataproce; Type: FK CONSTRAINT; Schema: public; Owner: postgres
--

ALTER TABLE ONLY public.workprogramsapp_route
    ADD CONSTRAINT workprogramsapp_rout_user_id_1916a697_fk_dataproce FOREIGN KEY (user_id) REFERENCES public.dataprocessing_user(id) DEFERRABLE INITIALLY DEFERRED;


--
-- Name: workprogramsapp_routecomposition workprogramsapp_rout_user_id_8ec9c4af_fk_dataproce; Type: FK CONSTRAINT; Schema: public; Owner: postgres
--

ALTER TABLE ONLY public.workprogramsapp_routecomposition
    ADD CONSTRAINT workprogramsapp_rout_user_id_8ec9c4af_fk_dataproce FOREIGN KEY (user_id) REFERENCES public.dataprocessing_user(id) DEFERRABLE INITIALLY DEFERRED;


--
-- Name: workprogramsapp_routecomposition workprogramsapp_rout_work_program_id_814004fd_fk_workprogr; Type: FK CONSTRAINT; Schema: public; Owner: postgres
--

ALTER TABLE ONLY public.workprogramsapp_routecomposition
    ADD CONSTRAINT workprogramsapp_rout_work_program_id_814004fd_fk_workprogr FOREIGN KEY (work_program_id) REFERENCES public.workprogramsapp_workprogram(id) DEFERRABLE INITIALLY DEFERRED;


--
-- Name: workprogramsapp_topic workprogramsapp_topi_discipline_section_i_d13e658d_fk_workprogr; Type: FK CONSTRAINT; Schema: public; Owner: postgres
--

ALTER TABLE ONLY public.workprogramsapp_topic
    ADD CONSTRAINT workprogramsapp_topi_discipline_section_i_d13e658d_fk_workprogr FOREIGN KEY (discipline_section_id) REFERENCES public.workprogramsapp_disciplinesection(id) DEFERRABLE INITIALLY DEFERRED;


--
-- Name: workprogramsapp_topic workprogramsapp_topi_url_online_course_id_151f7681_fk_workprogr; Type: FK CONSTRAINT; Schema: public; Owner: postgres
--

ALTER TABLE ONLY public.workprogramsapp_topic
    ADD CONSTRAINT workprogramsapp_topi_url_online_course_id_151f7681_fk_workprogr FOREIGN KEY (url_online_course_id) REFERENCES public.workprogramsapp_onlinecourse(id) DEFERRABLE INITIALLY DEFERRED;


--
-- Name: workprogramsapp_workprogram_bibliographic_reference workprogramsapp_work_bibliographicreferen_933eab15_fk_workprogr; Type: FK CONSTRAINT; Schema: public; Owner: postgres
--

ALTER TABLE ONLY public.workprogramsapp_workprogram_bibliographic_reference
    ADD CONSTRAINT workprogramsapp_work_bibliographicreferen_933eab15_fk_workprogr FOREIGN KEY (bibliographicreference_id) REFERENCES public.workprogramsapp_bibliographicreference(id) DEFERRABLE INITIALLY DEFERRED;


--
-- Name: workprogramsapp_workprogramchangeindisciplineblockmodule workprogramsapp_work_discipline_block_mod_d78c4d64_fk_workprogr; Type: FK CONSTRAINT; Schema: public; Owner: postgres
--

ALTER TABLE ONLY public.workprogramsapp_workprogramchangeindisciplineblockmodule
    ADD CONSTRAINT workprogramsapp_work_discipline_block_mod_d78c4d64_fk_workprogr FOREIGN KEY (discipline_block_module_id) REFERENCES public.workprogramsapp_disciplineblockmodule(id) DEFERRABLE INITIALLY DEFERRED;


--
-- Name: workprogramsapp_workprogramchangeindisciplineblockmodule_wo57fc workprogramsapp_work_workprogram_id_5cf45d23_fk_workprogr; Type: FK CONSTRAINT; Schema: public; Owner: postgres
--

ALTER TABLE ONLY public.workprogramsapp_workprogramchangeindisciplineblockmodule_wo57fc
    ADD CONSTRAINT workprogramsapp_work_workprogram_id_5cf45d23_fk_workprogr FOREIGN KEY (workprogram_id) REFERENCES public.workprogramsapp_workprogram(id) DEFERRABLE INITIALLY DEFERRED;


--
-- Name: workprogramsapp_workprogram_bibliographic_reference workprogramsapp_work_workprogram_id_9a097e2a_fk_workprogr; Type: FK CONSTRAINT; Schema: public; Owner: postgres
--

ALTER TABLE ONLY public.workprogramsapp_workprogram_bibliographic_reference
    ADD CONSTRAINT workprogramsapp_work_workprogram_id_9a097e2a_fk_workprogr FOREIGN KEY (workprogram_id) REFERENCES public.workprogramsapp_workprogram(id) DEFERRABLE INITIALLY DEFERRED;


--
-- Name: workprogramsapp_workprogramchangeindisciplineblockmodule_wo57fc workprogramsapp_work_workprogramchangeind_b8e30088_fk_workprogr; Type: FK CONSTRAINT; Schema: public; Owner: postgres
--

ALTER TABLE ONLY public.workprogramsapp_workprogramchangeindisciplineblockmodule_wo57fc
    ADD CONSTRAINT workprogramsapp_work_workprogramchangeind_b8e30088_fk_workprogr FOREIGN KEY (workprogramchangeindisciplineblockmodule_id) REFERENCES public.workprogramsapp_workprogramchangeindisciplineblockmodule(id) DEFERRABLE INITIALLY DEFERRED;


--
-- PostgreSQL database dump complete
--

